Analysis & Synthesis report for MAQUINA_EXPENDEDORA
Tue Oct 28 17:45:24 2025
Quartus II 64-Bit Version 13.1.0 Build 162 10/23/2013 SJ Web Edition


---------------------
; Table of Contents ;
---------------------
  1. Legal Notice
  2. Analysis & Synthesis Summary
  3. Analysis & Synthesis Settings
  4. Parallel Compilation
  5. Analysis & Synthesis Source Files Read
  6. Analysis & Synthesis Resource Usage Summary
  7. Analysis & Synthesis Resource Utilization by Entity
  8. State Machine - |maquina_expendedora|fsm_maquina_expendedora:U_fsm|state
  9. Registers Removed During Synthesis
 10. Removed Registers Triggering Further Register Optimizations
 11. General Register Statistics
 12. Multiplexer Restructuring Statistics (Restructuring Performed)
 13. Parameter Settings for Inferred Entity Instance: fsm_maquina_expendedora:U_fsm|lpm_divide:Div1
 14. Parameter Settings for Inferred Entity Instance: fsm_maquina_expendedora:U_fsm|lpm_divide:Div0
 15. Parameter Settings for Inferred Entity Instance: bin_bcd:U_bcd_saldo|lpm_divide:Mod0
 16. Parameter Settings for Inferred Entity Instance: bin_bcd:U_bcd_saldo|lpm_divide:Mod1
 17. Parameter Settings for Inferred Entity Instance: bin_bcd:U_bcd_saldo|lpm_divide:Mod2
 18. Parameter Settings for Inferred Entity Instance: bin_bcd:U_bcd_saldo|lpm_divide:Div2
 19. Parameter Settings for Inferred Entity Instance: fsm_maquina_expendedora:U_fsm|lpm_divide:Mod0
 20. Parameter Settings for Inferred Entity Instance: bin_bcd:U_bcd_prod|lpm_divide:Mod0
 21. Parameter Settings for Inferred Entity Instance: bin_bcd:U_bcd_prod|lpm_divide:Mod1
 22. Parameter Settings for Inferred Entity Instance: bin_bcd:U_bcd_prod|lpm_divide:Mod2
 23. Parameter Settings for Inferred Entity Instance: bin_bcd:U_bcd_prod|lpm_divide:Div2
 24. Port Connectivity Checks: "fsm_maquina_expendedora:U_fsm"
 25. Port Connectivity Checks: "cont30:U_cont30"
 26. Port Connectivity Checks: "div_500ms:U_div500"
 27. Port Connectivity Checks: "bin_bcd:U_bcd_prod"
 28. Port Connectivity Checks: "bin_bcd:U_bcd_saldo"
 29. Elapsed Time Per Partition
 30. Analysis & Synthesis Messages



----------------
; Legal Notice ;
----------------
Copyright (C) 1991-2013 Altera Corporation
Your use of Altera Corporation's design tools, logic functions 
and other software and tools, and its AMPP partner logic 
functions, and any output files from any of the foregoing 
(including device programming or simulation files), and any 
associated documentation or information are expressly subject 
to the terms and conditions of the Altera Program License 
Subscription Agreement, Altera MegaCore Function License 
Agreement, or other applicable license agreement, including, 
without limitation, that your use is for the sole purpose of 
programming logic devices manufactured by Altera and sold by 
Altera or its authorized distributors.  Please refer to the 
applicable agreement for further details.



+---------------------------------------------------------------------------------+
; Analysis & Synthesis Summary                                                    ;
+------------------------------------+--------------------------------------------+
; Analysis & Synthesis Status        ; Successful - Tue Oct 28 17:45:24 2025      ;
; Quartus II 64-Bit Version          ; 13.1.0 Build 162 10/23/2013 SJ Web Edition ;
; Revision Name                      ; MAQUINA_EXPENDEDORA                        ;
; Top-level Entity Name              ; maquina_expendedora                        ;
; Family                             ; Cyclone III                                ;
; Total logic elements               ; 1,328                                      ;
;     Total combinational functions  ; 1,326                                      ;
;     Dedicated logic registers      ; 85                                         ;
; Total registers                    ; 85                                         ;
; Total pins                         ; 46                                         ;
; Total virtual pins                 ; 0                                          ;
; Total memory bits                  ; 0                                          ;
; Embedded Multiplier 9-bit elements ; 0                                          ;
; Total PLLs                         ; 0                                          ;
+------------------------------------+--------------------------------------------+


+------------------------------------------------------------------------------------------------------------------------+
; Analysis & Synthesis Settings                                                                                          ;
+----------------------------------------------------------------------------+---------------------+---------------------+
; Option                                                                     ; Setting             ; Default Value       ;
+----------------------------------------------------------------------------+---------------------+---------------------+
; Device                                                                     ; EP3C16F484C6        ;                     ;
; Top-level entity name                                                      ; MAQUINA_EXPENDEDORA ; MAQUINA_EXPENDEDORA ;
; Family name                                                                ; Cyclone III         ; Cyclone IV GX       ;
; Use smart compilation                                                      ; Off                 ; Off                 ;
; Enable parallel Assembler and TimeQuest Timing Analyzer during compilation ; On                  ; On                  ;
; Enable compact report table                                                ; Off                 ; Off                 ;
; Restructure Multiplexers                                                   ; Auto                ; Auto                ;
; Create Debugging Nodes for IP Cores                                        ; Off                 ; Off                 ;
; Preserve fewer node names                                                  ; On                  ; On                  ;
; Disable OpenCore Plus hardware evaluation                                  ; Off                 ; Off                 ;
; Verilog Version                                                            ; Verilog_2001        ; Verilog_2001        ;
; VHDL Version                                                               ; VHDL_1993           ; VHDL_1993           ;
; State Machine Processing                                                   ; Auto                ; Auto                ;
; Safe State Machine                                                         ; Off                 ; Off                 ;
; Extract Verilog State Machines                                             ; On                  ; On                  ;
; Extract VHDL State Machines                                                ; On                  ; On                  ;
; Ignore Verilog initial constructs                                          ; Off                 ; Off                 ;
; Iteration limit for constant Verilog loops                                 ; 5000                ; 5000                ;
; Iteration limit for non-constant Verilog loops                             ; 250                 ; 250                 ;
; Add Pass-Through Logic to Inferred RAMs                                    ; On                  ; On                  ;
; Infer RAMs from Raw Logic                                                  ; On                  ; On                  ;
; Parallel Synthesis                                                         ; On                  ; On                  ;
; DSP Block Balancing                                                        ; Auto                ; Auto                ;
; NOT Gate Push-Back                                                         ; On                  ; On                  ;
; Power-Up Don't Care                                                        ; On                  ; On                  ;
; Remove Redundant Logic Cells                                               ; Off                 ; Off                 ;
; Remove Duplicate Registers                                                 ; On                  ; On                  ;
; Ignore CARRY Buffers                                                       ; Off                 ; Off                 ;
; Ignore CASCADE Buffers                                                     ; Off                 ; Off                 ;
; Ignore GLOBAL Buffers                                                      ; Off                 ; Off                 ;
; Ignore ROW GLOBAL Buffers                                                  ; Off                 ; Off                 ;
; Ignore LCELL Buffers                                                       ; Off                 ; Off                 ;
; Ignore SOFT Buffers                                                        ; On                  ; On                  ;
; Limit AHDL Integers to 32 Bits                                             ; Off                 ; Off                 ;
; Optimization Technique                                                     ; Balanced            ; Balanced            ;
; Carry Chain Length                                                         ; 70                  ; 70                  ;
; Auto Carry Chains                                                          ; On                  ; On                  ;
; Auto Open-Drain Pins                                                       ; On                  ; On                  ;
; Perform WYSIWYG Primitive Resynthesis                                      ; Off                 ; Off                 ;
; Auto ROM Replacement                                                       ; On                  ; On                  ;
; Auto RAM Replacement                                                       ; On                  ; On                  ;
; Auto DSP Block Replacement                                                 ; On                  ; On                  ;
; Auto Shift Register Replacement                                            ; Auto                ; Auto                ;
; Allow Shift Register Merging across Hierarchies                            ; Auto                ; Auto                ;
; Auto Clock Enable Replacement                                              ; On                  ; On                  ;
; Strict RAM Replacement                                                     ; Off                 ; Off                 ;
; Allow Synchronous Control Signals                                          ; On                  ; On                  ;
; Force Use of Synchronous Clear Signals                                     ; Off                 ; Off                 ;
; Auto RAM Block Balancing                                                   ; On                  ; On                  ;
; Auto RAM to Logic Cell Conversion                                          ; Off                 ; Off                 ;
; Auto Resource Sharing                                                      ; Off                 ; Off                 ;
; Allow Any RAM Size For Recognition                                         ; Off                 ; Off                 ;
; Allow Any ROM Size For Recognition                                         ; Off                 ; Off                 ;
; Allow Any Shift Register Size For Recognition                              ; Off                 ; Off                 ;
; Use LogicLock Constraints during Resource Balancing                        ; On                  ; On                  ;
; Ignore translate_off and synthesis_off directives                          ; Off                 ; Off                 ;
; Timing-Driven Synthesis                                                    ; On                  ; On                  ;
; Report Parameter Settings                                                  ; On                  ; On                  ;
; Report Source Assignments                                                  ; On                  ; On                  ;
; Report Connectivity Checks                                                 ; On                  ; On                  ;
; Ignore Maximum Fan-Out Assignments                                         ; Off                 ; Off                 ;
; Synchronization Register Chain Length                                      ; 2                   ; 2                   ;
; PowerPlay Power Optimization                                               ; Normal compilation  ; Normal compilation  ;
; HDL message level                                                          ; Level2              ; Level2              ;
; Suppress Register Optimization Related Messages                            ; Off                 ; Off                 ;
; Number of Removed Registers Reported in Synthesis Report                   ; 5000                ; 5000                ;
; Number of Swept Nodes Reported in Synthesis Report                         ; 5000                ; 5000                ;
; Number of Inverted Registers Reported in Synthesis Report                  ; 100                 ; 100                 ;
; Clock MUX Protection                                                       ; On                  ; On                  ;
; Auto Gated Clock Conversion                                                ; Off                 ; Off                 ;
; Block Design Naming                                                        ; Auto                ; Auto                ;
; SDC constraint protection                                                  ; Off                 ; Off                 ;
; Synthesis Effort                                                           ; Auto                ; Auto                ;
; Shift Register Replacement - Allow Asynchronous Clear Signal               ; On                  ; On                  ;
; Pre-Mapping Resynthesis Optimization                                       ; Off                 ; Off                 ;
; Analysis & Synthesis Message Level                                         ; Medium              ; Medium              ;
; Disable Register Merging Across Hierarchies                                ; Auto                ; Auto                ;
; Resource Aware Inference For Block RAM                                     ; On                  ; On                  ;
; Synthesis Seed                                                             ; 1                   ; 1                   ;
+----------------------------------------------------------------------------+---------------------+---------------------+


+------------------------------------------+
; Parallel Compilation                     ;
+----------------------------+-------------+
; Processors                 ; Number      ;
+----------------------------+-------------+
; Number detected on machine ; 16          ;
; Maximum allowed            ; 16          ;
;                            ;             ;
; Average used               ; 1.00        ;
; Maximum used               ; 1           ;
;                            ;             ;
; Usage by Processor         ; % Time Used ;
;     Processor 1            ; 100.0%      ;
;     Processors 2-16        ;   0.0%      ;
+----------------------------+-------------+


+--------------------------------------------------------------------------------------------------------------------------------------------------------------------------------------------------------------------------------------------------------+
; Analysis & Synthesis Source Files Read                                                                                                                                                                                                                 ;
+--------------------------------------------------------+-----------------+------------------------------+------------------------------------------------------------------------------------------------------------------------------------+---------+
; File Name with User-Entered Path                       ; Used in Netlist ; File Type                    ; File Name with Absolute Path                                                                                                       ; Library ;
+--------------------------------------------------------+-----------------+------------------------------+------------------------------------------------------------------------------------------------------------------------------------+---------+
; ../rom_productos/rom_productos.vhd                     ; yes             ; User VHDL File               ; C:/Users/User/Documents/Unicauca/4_Semestre/VHDL/Proyecto1/Proyecto1VHDL2025II/rom_productos/rom_productos.vhd                     ;         ;
; ../ram_stock/ram_stock.vhd                             ; yes             ; User VHDL File               ; C:/Users/User/Documents/Unicauca/4_Semestre/VHDL/Proyecto1/Proyecto1VHDL2025II/ram_stock/ram_stock.vhd                             ;         ;
; ../fsm_maquina_expendedora/fsm_maquina_expendedora.vhd ; yes             ; User VHDL File               ; C:/Users/User/Documents/Unicauca/4_Semestre/VHDL/Proyecto1/Proyecto1VHDL2025II/fsm_maquina_expendedora/fsm_maquina_expendedora.vhd ;         ;
; ../div_500ms/div_500ms.vhd                             ; yes             ; User VHDL File               ; C:/Users/User/Documents/Unicauca/4_Semestre/VHDL/Proyecto1/Proyecto1VHDL2025II/div_500ms/div_500ms.vhd                             ;         ;
; ../cont30/cont30.vhd                                   ; yes             ; User VHDL File               ; C:/Users/User/Documents/Unicauca/4_Semestre/VHDL/Proyecto1/Proyecto1VHDL2025II/cont30/cont30.vhd                                   ;         ;
; ../div_2seg/div_2seg.vhd                               ; yes             ; User VHDL File               ; C:/Users/User/Documents/Unicauca/4_Semestre/VHDL/Proyecto1/Proyecto1VHDL2025II/div_2seg/div_2seg.vhd                               ;         ;
; ../RESTADOR/RESTADOR.vhd                               ; yes             ; User VHDL File               ; C:/Users/User/Documents/Unicauca/4_Semestre/VHDL/Proyecto1/Proyecto1VHDL2025II/RESTADOR/RESTADOR.vhd                               ;         ;
; ../bin_bcd/bin_bcd.vhd                                 ; yes             ; User VHDL File               ; C:/Users/User/Documents/Unicauca/4_Semestre/VHDL/Proyecto1/Proyecto1VHDL2025II/bin_bcd/bin_bcd.vhd                                 ;         ;
; ../div_50millones/div_50millones.vhd                   ; yes             ; User VHDL File               ; C:/Users/User/Documents/Unicauca/4_Semestre/VHDL/Proyecto1/Proyecto1VHDL2025II/div_50millones/div_50millones.vhd                   ;         ;
; ../systemd/systemd.vhd                                 ; yes             ; User VHDL File               ; C:/Users/User/Documents/Unicauca/4_Semestre/VHDL/Proyecto1/Proyecto1VHDL2025II/systemd/systemd.vhd                                 ;         ;
; ../SUMADOR/sumador_saldo/sumador_saldo.vhd             ; yes             ; User VHDL File               ; C:/Users/User/Documents/Unicauca/4_Semestre/VHDL/Proyecto1/Proyecto1VHDL2025II/SUMADOR/sumador_saldo/sumador_saldo.vhd             ;         ;
; MAQUINA_EXPENDEDORA.vhd                                ; yes             ; User VHDL File               ; C:/Users/User/Documents/Unicauca/4_Semestre/VHDL/Proyecto1/Proyecto1VHDL2025II/MAQUINA_EXPENDEDORA/MAQUINA_EXPENDEDORA.vhd         ;         ;
; lpm_divide.tdf                                         ; yes             ; Megafunction                 ; c:/altera/13.1/quartus/libraries/megafunctions/lpm_divide.tdf                                                                      ;         ;
; abs_divider.inc                                        ; yes             ; Megafunction                 ; c:/altera/13.1/quartus/libraries/megafunctions/abs_divider.inc                                                                     ;         ;
; sign_div_unsign.inc                                    ; yes             ; Megafunction                 ; c:/altera/13.1/quartus/libraries/megafunctions/sign_div_unsign.inc                                                                 ;         ;
; aglobal131.inc                                         ; yes             ; Megafunction                 ; c:/altera/13.1/quartus/libraries/megafunctions/aglobal131.inc                                                                      ;         ;
; db/lpm_divide_shm.tdf                                  ; yes             ; Auto-Generated Megafunction  ; C:/Users/User/Documents/Unicauca/4_Semestre/VHDL/Proyecto1/Proyecto1VHDL2025II/MAQUINA_EXPENDEDORA/db/lpm_divide_shm.tdf           ;         ;
; db/sign_div_unsign_tlh.tdf                             ; yes             ; Auto-Generated Megafunction  ; C:/Users/User/Documents/Unicauca/4_Semestre/VHDL/Proyecto1/Proyecto1VHDL2025II/MAQUINA_EXPENDEDORA/db/sign_div_unsign_tlh.tdf      ;         ;
; db/alt_u_div_56f.tdf                                   ; yes             ; Auto-Generated Megafunction  ; C:/Users/User/Documents/Unicauca/4_Semestre/VHDL/Proyecto1/Proyecto1VHDL2025II/MAQUINA_EXPENDEDORA/db/alt_u_div_56f.tdf            ;         ;
; db/add_sub_unc.tdf                                     ; yes             ; Auto-Generated Megafunction  ; C:/Users/User/Documents/Unicauca/4_Semestre/VHDL/Proyecto1/Proyecto1VHDL2025II/MAQUINA_EXPENDEDORA/db/add_sub_unc.tdf              ;         ;
; db/add_sub_vnc.tdf                                     ; yes             ; Auto-Generated Megafunction  ; C:/Users/User/Documents/Unicauca/4_Semestre/VHDL/Proyecto1/Proyecto1VHDL2025II/MAQUINA_EXPENDEDORA/db/add_sub_vnc.tdf              ;         ;
; db/lpm_divide_qhm.tdf                                  ; yes             ; Auto-Generated Megafunction  ; C:/Users/User/Documents/Unicauca/4_Semestre/VHDL/Proyecto1/Proyecto1VHDL2025II/MAQUINA_EXPENDEDORA/db/lpm_divide_qhm.tdf           ;         ;
; db/sign_div_unsign_rlh.tdf                             ; yes             ; Auto-Generated Megafunction  ; C:/Users/User/Documents/Unicauca/4_Semestre/VHDL/Proyecto1/Proyecto1VHDL2025II/MAQUINA_EXPENDEDORA/db/sign_div_unsign_rlh.tdf      ;         ;
; db/alt_u_div_16f.tdf                                   ; yes             ; Auto-Generated Megafunction  ; C:/Users/User/Documents/Unicauca/4_Semestre/VHDL/Proyecto1/Proyecto1VHDL2025II/MAQUINA_EXPENDEDORA/db/alt_u_div_16f.tdf            ;         ;
; db/lpm_divide_bbm.tdf                                  ; yes             ; Auto-Generated Megafunction  ; C:/Users/User/Documents/Unicauca/4_Semestre/VHDL/Proyecto1/Proyecto1VHDL2025II/MAQUINA_EXPENDEDORA/db/lpm_divide_bbm.tdf           ;         ;
; db/sign_div_unsign_9nh.tdf                             ; yes             ; Auto-Generated Megafunction  ; C:/Users/User/Documents/Unicauca/4_Semestre/VHDL/Proyecto1/Proyecto1VHDL2025II/MAQUINA_EXPENDEDORA/db/sign_div_unsign_9nh.tdf      ;         ;
; db/alt_u_div_t8f.tdf                                   ; yes             ; Auto-Generated Megafunction  ; C:/Users/User/Documents/Unicauca/4_Semestre/VHDL/Proyecto1/Proyecto1VHDL2025II/MAQUINA_EXPENDEDORA/db/alt_u_div_t8f.tdf            ;         ;
; db/lpm_divide_nhm.tdf                                  ; yes             ; Auto-Generated Megafunction  ; C:/Users/User/Documents/Unicauca/4_Semestre/VHDL/Proyecto1/Proyecto1VHDL2025II/MAQUINA_EXPENDEDORA/db/lpm_divide_nhm.tdf           ;         ;
; db/sign_div_unsign_olh.tdf                             ; yes             ; Auto-Generated Megafunction  ; C:/Users/User/Documents/Unicauca/4_Semestre/VHDL/Proyecto1/Proyecto1VHDL2025II/MAQUINA_EXPENDEDORA/db/sign_div_unsign_olh.tdf      ;         ;
; db/alt_u_div_r5f.tdf                                   ; yes             ; Auto-Generated Megafunction  ; C:/Users/User/Documents/Unicauca/4_Semestre/VHDL/Proyecto1/Proyecto1VHDL2025II/MAQUINA_EXPENDEDORA/db/alt_u_div_r5f.tdf            ;         ;
; db/lpm_divide_fbm.tdf                                  ; yes             ; Auto-Generated Megafunction  ; C:/Users/User/Documents/Unicauca/4_Semestre/VHDL/Proyecto1/Proyecto1VHDL2025II/MAQUINA_EXPENDEDORA/db/lpm_divide_fbm.tdf           ;         ;
; db/sign_div_unsign_dnh.tdf                             ; yes             ; Auto-Generated Megafunction  ; C:/Users/User/Documents/Unicauca/4_Semestre/VHDL/Proyecto1/Proyecto1VHDL2025II/MAQUINA_EXPENDEDORA/db/sign_div_unsign_dnh.tdf      ;         ;
; db/alt_u_div_59f.tdf                                   ; yes             ; Auto-Generated Megafunction  ; C:/Users/User/Documents/Unicauca/4_Semestre/VHDL/Proyecto1/Proyecto1VHDL2025II/MAQUINA_EXPENDEDORA/db/alt_u_div_59f.tdf            ;         ;
+--------------------------------------------------------+-----------------+------------------------------+------------------------------------------------------------------------------------------------------------------------------------+---------+


+---------------------------------------------------------+
; Analysis & Synthesis Resource Usage Summary             ;
+---------------------------------------------+-----------+
; Resource                                    ; Usage     ;
+---------------------------------------------+-----------+
; Estimated Total logic elements              ; 1,328     ;
;                                             ;           ;
; Total combinational functions               ; 1326      ;
; Logic element usage by number of LUT inputs ;           ;
;     -- 4 input functions                    ; 337       ;
;     -- 3 input functions                    ; 344       ;
;     -- <=2 input functions                  ; 645       ;
;                                             ;           ;
; Logic elements by mode                      ;           ;
;     -- normal mode                          ; 879       ;
;     -- arithmetic mode                      ; 447       ;
;                                             ;           ;
; Total registers                             ; 85        ;
;     -- Dedicated logic registers            ; 85        ;
;     -- I/O registers                        ; 0         ;
;                                             ;           ;
; I/O pins                                    ; 46        ;
; Embedded Multiplier 9-bit elements          ; 0         ;
; Maximum fan-out node                        ; clk~input ;
; Maximum fan-out                             ; 85        ;
; Total fan-out                               ; 3942      ;
; Average fan-out                             ; 2.60      ;
+---------------------------------------------+-----------+


+---------------------------------------------------------------------------------------------------------------------------------------------------------------------------------------------------------------------------------------------------------------------------------------------------------------------------+
; Analysis & Synthesis Resource Utilization by Entity                                                                                                                                                                                                                                                                       ;
+-------------------------------------------+-------------------+--------------+-------------+--------------+---------+-----------+------+--------------+----------------------------------------------------------------------------------------------------------------------------------------------------+--------------+
; Compilation Hierarchy Node                ; LC Combinationals ; LC Registers ; Memory Bits ; DSP Elements ; DSP 9x9 ; DSP 18x18 ; Pins ; Virtual Pins ; Full Hierarchy Name                                                                                                                                ; Library Name ;
+-------------------------------------------+-------------------+--------------+-------------+--------------+---------+-----------+------+--------------+----------------------------------------------------------------------------------------------------------------------------------------------------+--------------+
; |maquina_expendedora                      ; 1326 (1)          ; 85 (0)       ; 0           ; 0            ; 0       ; 0         ; 46   ; 0            ; |maquina_expendedora                                                                                                                               ; work         ;
;    |RESTADOR:U_rest|                      ; 13 (13)           ; 13 (13)      ; 0           ; 0            ; 0       ; 0         ; 0    ; 0            ; |maquina_expendedora|RESTADOR:U_rest                                                                                                               ; work         ;
;    |bin_bcd:U_bcd_prod|                   ; 23 (0)            ; 0 (0)        ; 0           ; 0            ; 0       ; 0         ; 0    ; 0            ; |maquina_expendedora|bin_bcd:U_bcd_prod                                                                                                            ; work         ;
;       |lpm_divide:Div2|                   ; 5 (0)             ; 0 (0)        ; 0           ; 0            ; 0       ; 0         ; 0    ; 0            ; |maquina_expendedora|bin_bcd:U_bcd_prod|lpm_divide:Div2                                                                                            ; work         ;
;          |lpm_divide_nhm:auto_generated|  ; 5 (0)             ; 0 (0)        ; 0           ; 0            ; 0       ; 0         ; 0    ; 0            ; |maquina_expendedora|bin_bcd:U_bcd_prod|lpm_divide:Div2|lpm_divide_nhm:auto_generated                                                              ; work         ;
;             |sign_div_unsign_olh:divider| ; 5 (0)             ; 0 (0)        ; 0           ; 0            ; 0       ; 0         ; 0    ; 0            ; |maquina_expendedora|bin_bcd:U_bcd_prod|lpm_divide:Div2|lpm_divide_nhm:auto_generated|sign_div_unsign_olh:divider                                  ; work         ;
;                |alt_u_div_r5f:divider|    ; 5 (5)             ; 0 (0)        ; 0           ; 0            ; 0       ; 0         ; 0    ; 0            ; |maquina_expendedora|bin_bcd:U_bcd_prod|lpm_divide:Div2|lpm_divide_nhm:auto_generated|sign_div_unsign_olh:divider|alt_u_div_r5f:divider            ; work         ;
;       |lpm_divide:Mod2|                   ; 18 (0)            ; 0 (0)        ; 0           ; 0            ; 0       ; 0         ; 0    ; 0            ; |maquina_expendedora|bin_bcd:U_bcd_prod|lpm_divide:Mod2                                                                                            ; work         ;
;          |lpm_divide_bbm:auto_generated|  ; 18 (0)            ; 0 (0)        ; 0           ; 0            ; 0       ; 0         ; 0    ; 0            ; |maquina_expendedora|bin_bcd:U_bcd_prod|lpm_divide:Mod2|lpm_divide_bbm:auto_generated                                                              ; work         ;
;             |sign_div_unsign_9nh:divider| ; 18 (0)            ; 0 (0)        ; 0           ; 0            ; 0       ; 0         ; 0    ; 0            ; |maquina_expendedora|bin_bcd:U_bcd_prod|lpm_divide:Mod2|lpm_divide_bbm:auto_generated|sign_div_unsign_9nh:divider                                  ; work         ;
;                |alt_u_div_t8f:divider|    ; 18 (18)           ; 0 (0)        ; 0           ; 0            ; 0       ; 0         ; 0    ; 0            ; |maquina_expendedora|bin_bcd:U_bcd_prod|lpm_divide:Mod2|lpm_divide_bbm:auto_generated|sign_div_unsign_9nh:divider|alt_u_div_t8f:divider            ; work         ;
;    |bin_bcd:U_bcd_saldo|                  ; 454 (0)           ; 0 (0)        ; 0           ; 0            ; 0       ; 0         ; 0    ; 0            ; |maquina_expendedora|bin_bcd:U_bcd_saldo                                                                                                           ; work         ;
;       |lpm_divide:Div2|                   ; 140 (0)           ; 0 (0)        ; 0           ; 0            ; 0       ; 0         ; 0    ; 0            ; |maquina_expendedora|bin_bcd:U_bcd_saldo|lpm_divide:Div2                                                                                           ; work         ;
;          |lpm_divide_nhm:auto_generated|  ; 140 (0)           ; 0 (0)        ; 0           ; 0            ; 0       ; 0         ; 0    ; 0            ; |maquina_expendedora|bin_bcd:U_bcd_saldo|lpm_divide:Div2|lpm_divide_nhm:auto_generated                                                             ; work         ;
;             |sign_div_unsign_olh:divider| ; 140 (0)           ; 0 (0)        ; 0           ; 0            ; 0       ; 0         ; 0    ; 0            ; |maquina_expendedora|bin_bcd:U_bcd_saldo|lpm_divide:Div2|lpm_divide_nhm:auto_generated|sign_div_unsign_olh:divider                                 ; work         ;
;                |alt_u_div_r5f:divider|    ; 140 (140)         ; 0 (0)        ; 0           ; 0            ; 0       ; 0         ; 0    ; 0            ; |maquina_expendedora|bin_bcd:U_bcd_saldo|lpm_divide:Div2|lpm_divide_nhm:auto_generated|sign_div_unsign_olh:divider|alt_u_div_r5f:divider           ; work         ;
;       |lpm_divide:Mod1|                   ; 34 (0)            ; 0 (0)        ; 0           ; 0            ; 0       ; 0         ; 0    ; 0            ; |maquina_expendedora|bin_bcd:U_bcd_saldo|lpm_divide:Mod1                                                                                           ; work         ;
;          |lpm_divide_bbm:auto_generated|  ; 34 (0)            ; 0 (0)        ; 0           ; 0            ; 0       ; 0         ; 0    ; 0            ; |maquina_expendedora|bin_bcd:U_bcd_saldo|lpm_divide:Mod1|lpm_divide_bbm:auto_generated                                                             ; work         ;
;             |sign_div_unsign_9nh:divider| ; 34 (0)            ; 0 (0)        ; 0           ; 0            ; 0       ; 0         ; 0    ; 0            ; |maquina_expendedora|bin_bcd:U_bcd_saldo|lpm_divide:Mod1|lpm_divide_bbm:auto_generated|sign_div_unsign_9nh:divider                                 ; work         ;
;                |alt_u_div_t8f:divider|    ; 34 (34)           ; 0 (0)        ; 0           ; 0            ; 0       ; 0         ; 0    ; 0            ; |maquina_expendedora|bin_bcd:U_bcd_saldo|lpm_divide:Mod1|lpm_divide_bbm:auto_generated|sign_div_unsign_9nh:divider|alt_u_div_t8f:divider           ; work         ;
;       |lpm_divide:Mod2|                   ; 280 (0)           ; 0 (0)        ; 0           ; 0            ; 0       ; 0         ; 0    ; 0            ; |maquina_expendedora|bin_bcd:U_bcd_saldo|lpm_divide:Mod2                                                                                           ; work         ;
;          |lpm_divide_bbm:auto_generated|  ; 280 (0)           ; 0 (0)        ; 0           ; 0            ; 0       ; 0         ; 0    ; 0            ; |maquina_expendedora|bin_bcd:U_bcd_saldo|lpm_divide:Mod2|lpm_divide_bbm:auto_generated                                                             ; work         ;
;             |sign_div_unsign_9nh:divider| ; 280 (0)           ; 0 (0)        ; 0           ; 0            ; 0       ; 0         ; 0    ; 0            ; |maquina_expendedora|bin_bcd:U_bcd_saldo|lpm_divide:Mod2|lpm_divide_bbm:auto_generated|sign_div_unsign_9nh:divider                                 ; work         ;
;                |alt_u_div_t8f:divider|    ; 280 (280)         ; 0 (0)        ; 0           ; 0            ; 0       ; 0         ; 0    ; 0            ; |maquina_expendedora|bin_bcd:U_bcd_saldo|lpm_divide:Mod2|lpm_divide_bbm:auto_generated|sign_div_unsign_9nh:divider|alt_u_div_t8f:divider           ; work         ;
;    |div_2seg:U_div2s|                     ; 49 (49)           ; 27 (27)      ; 0           ; 0            ; 0       ; 0         ; 0    ; 0            ; |maquina_expendedora|div_2seg:U_div2s                                                                                                              ; work         ;
;    |fsm_maquina_expendedora:U_fsm|        ; 666 (39)          ; 3 (3)        ; 0           ; 0            ; 0       ; 0         ; 0    ; 0            ; |maquina_expendedora|fsm_maquina_expendedora:U_fsm                                                                                                 ; work         ;
;       |lpm_divide:Div0|                   ; 157 (0)           ; 0 (0)        ; 0           ; 0            ; 0       ; 0         ; 0    ; 0            ; |maquina_expendedora|fsm_maquina_expendedora:U_fsm|lpm_divide:Div0                                                                                 ; work         ;
;          |lpm_divide_qhm:auto_generated|  ; 157 (0)           ; 0 (0)        ; 0           ; 0            ; 0       ; 0         ; 0    ; 0            ; |maquina_expendedora|fsm_maquina_expendedora:U_fsm|lpm_divide:Div0|lpm_divide_qhm:auto_generated                                                   ; work         ;
;             |sign_div_unsign_rlh:divider| ; 157 (0)           ; 0 (0)        ; 0           ; 0            ; 0       ; 0         ; 0    ; 0            ; |maquina_expendedora|fsm_maquina_expendedora:U_fsm|lpm_divide:Div0|lpm_divide_qhm:auto_generated|sign_div_unsign_rlh:divider                       ; work         ;
;                |alt_u_div_16f:divider|    ; 157 (157)         ; 0 (0)        ; 0           ; 0            ; 0       ; 0         ; 0    ; 0            ; |maquina_expendedora|fsm_maquina_expendedora:U_fsm|lpm_divide:Div0|lpm_divide_qhm:auto_generated|sign_div_unsign_rlh:divider|alt_u_div_16f:divider ; work         ;
;       |lpm_divide:Div1|                   ; 180 (0)           ; 0 (0)        ; 0           ; 0            ; 0       ; 0         ; 0    ; 0            ; |maquina_expendedora|fsm_maquina_expendedora:U_fsm|lpm_divide:Div1                                                                                 ; work         ;
;          |lpm_divide_shm:auto_generated|  ; 180 (0)           ; 0 (0)        ; 0           ; 0            ; 0       ; 0         ; 0    ; 0            ; |maquina_expendedora|fsm_maquina_expendedora:U_fsm|lpm_divide:Div1|lpm_divide_shm:auto_generated                                                   ; work         ;
;             |sign_div_unsign_tlh:divider| ; 180 (0)           ; 0 (0)        ; 0           ; 0            ; 0       ; 0         ; 0    ; 0            ; |maquina_expendedora|fsm_maquina_expendedora:U_fsm|lpm_divide:Div1|lpm_divide_shm:auto_generated|sign_div_unsign_tlh:divider                       ; work         ;
;                |alt_u_div_56f:divider|    ; 180 (180)         ; 0 (0)        ; 0           ; 0            ; 0       ; 0         ; 0    ; 0            ; |maquina_expendedora|fsm_maquina_expendedora:U_fsm|lpm_divide:Div1|lpm_divide_shm:auto_generated|sign_div_unsign_tlh:divider|alt_u_div_56f:divider ; work         ;
;       |lpm_divide:Mod0|                   ; 290 (0)           ; 0 (0)        ; 0           ; 0            ; 0       ; 0         ; 0    ; 0            ; |maquina_expendedora|fsm_maquina_expendedora:U_fsm|lpm_divide:Mod0                                                                                 ; work         ;
;          |lpm_divide_fbm:auto_generated|  ; 290 (0)           ; 0 (0)        ; 0           ; 0            ; 0       ; 0         ; 0    ; 0            ; |maquina_expendedora|fsm_maquina_expendedora:U_fsm|lpm_divide:Mod0|lpm_divide_fbm:auto_generated                                                   ; work         ;
;             |sign_div_unsign_dnh:divider| ; 290 (0)           ; 0 (0)        ; 0           ; 0            ; 0       ; 0         ; 0    ; 0            ; |maquina_expendedora|fsm_maquina_expendedora:U_fsm|lpm_divide:Mod0|lpm_divide_fbm:auto_generated|sign_div_unsign_dnh:divider                       ; work         ;
;                |alt_u_div_59f:divider|    ; 290 (290)         ; 0 (0)        ; 0           ; 0            ; 0       ; 0         ; 0    ; 0            ; |maquina_expendedora|fsm_maquina_expendedora:U_fsm|lpm_divide:Mod0|lpm_divide_fbm:auto_generated|sign_div_unsign_dnh:divider|alt_u_div_59f:divider ; work         ;
;    |ram_stock:U_ram|                      ; 1 (1)             ; 0 (0)        ; 0           ; 0            ; 0       ; 0         ; 0    ; 0            ; |maquina_expendedora|ram_stock:U_ram                                                                                                               ; work         ;
;    |rom_productos:U_rom|                  ; 9 (9)             ; 0 (0)        ; 0           ; 0            ; 0       ; 0         ; 0    ; 0            ; |maquina_expendedora|rom_productos:U_rom                                                                                                           ; work         ;
;    |sumador_saldo:U_saldo|                ; 89 (89)           ; 42 (42)      ; 0           ; 0            ; 0       ; 0         ; 0    ; 0            ; |maquina_expendedora|sumador_saldo:U_saldo                                                                                                         ; work         ;
;    |systemd:U_d0|                         ; 7 (7)             ; 0 (0)        ; 0           ; 0            ; 0       ; 0         ; 0    ; 0            ; |maquina_expendedora|systemd:U_d0                                                                                                                  ; work         ;
;    |systemd:U_d1|                         ; 7 (7)             ; 0 (0)        ; 0           ; 0            ; 0       ; 0         ; 0    ; 0            ; |maquina_expendedora|systemd:U_d1                                                                                                                  ; work         ;
;    |systemd:U_d2|                         ; 7 (7)             ; 0 (0)        ; 0           ; 0            ; 0       ; 0         ; 0    ; 0            ; |maquina_expendedora|systemd:U_d2                                                                                                                  ; work         ;
+-------------------------------------------+-------------------+--------------+-------------+--------------+---------+-----------+------+--------------+----------------------------------------------------------------------------------------------------------------------------------------------------+--------------+
Note: For table entries with two numbers listed, the numbers in parentheses indicate the number of resources of the given type used by the specific entity alone. The numbers listed outside of parentheses indicate the total resources of the given type used by the specific entity and all of its sub-entities in the hierarchy.


Encoding Type:  One-Hot
+---------------------------------------------------------------------------------------------------------------------------+
; State Machine - |maquina_expendedora|fsm_maquina_expendedora:U_fsm|state                                                  ;
+-------------------------+---------------+------------------+-----------------------+-------------------------+------------+
; Name                    ; state.ANOMALY ; state.DISPENSING ; state.WAITING_PAYMENT ; state.WAITING_SELECTION ; state.IDLE ;
+-------------------------+---------------+------------------+-----------------------+-------------------------+------------+
; state.IDLE              ; 0             ; 0                ; 0                     ; 0                       ; 0          ;
; state.WAITING_SELECTION ; 0             ; 0                ; 0                     ; 1                       ; 1          ;
; state.WAITING_PAYMENT   ; 0             ; 0                ; 1                     ; 0                       ; 1          ;
; state.DISPENSING        ; 0             ; 1                ; 0                     ; 0                       ; 1          ;
; state.ANOMALY           ; 1             ; 0                ; 0                     ; 0                       ; 1          ;
+-------------------------+---------------+------------------+-----------------------+-------------------------+------------+


+------------------------------------------------------------------------------------------------------+
; Registers Removed During Synthesis                                                                   ;
+-----------------------------------------------------+------------------------------------------------+
; Register name                                       ; Reason for Removal                             ;
+-----------------------------------------------------+------------------------------------------------+
; fsm_maquina_expendedora:U_fsm|venta_completada      ; Stuck at GND due to stuck port data_in         ;
; sumador_saldo:U_saldo|saldo_reg[1]                  ; Merged with sumador_saldo:U_saldo|saldo_reg[0] ;
; sumador_saldo:U_saldo|saldo_reg[0]                  ; Stuck at GND due to stuck port data_in         ;
; RESTADOR:U_rest|cambio_reg[0,1]                     ; Stuck at GND due to stuck port data_in         ;
; fsm_maquina_expendedora:U_fsm|state.WAITING_PAYMENT ; Stuck at GND due to stuck port data_in         ;
; ram_stock:U_ram|ram[0][1]                           ; Stuck at VCC due to stuck port clock_enable    ;
; ram_stock:U_ram|ram[1][1]                           ; Stuck at GND due to stuck port clock_enable    ;
; ram_stock:U_ram|ram[2][1]                           ; Stuck at GND due to stuck port clock_enable    ;
; ram_stock:U_ram|ram[3][1]                           ; Stuck at VCC due to stuck port clock_enable    ;
; ram_stock:U_ram|ram[4][1]                           ; Stuck at GND due to stuck port clock_enable    ;
; ram_stock:U_ram|ram[5][1]                           ; Stuck at GND due to stuck port clock_enable    ;
; ram_stock:U_ram|ram[6][1]                           ; Stuck at GND due to stuck port clock_enable    ;
; ram_stock:U_ram|ram[7][1]                           ; Stuck at GND due to stuck port clock_enable    ;
; ram_stock:U_ram|ram[8][1]                           ; Stuck at GND due to stuck port clock_enable    ;
; ram_stock:U_ram|ram[9][1]                           ; Stuck at GND due to stuck port clock_enable    ;
; ram_stock:U_ram|ram[10][1]                          ; Stuck at GND due to stuck port clock_enable    ;
; ram_stock:U_ram|ram[11][1]                          ; Stuck at GND due to stuck port clock_enable    ;
; ram_stock:U_ram|ram[12][1]                          ; Stuck at GND due to stuck port clock_enable    ;
; ram_stock:U_ram|ram[13][1]                          ; Stuck at GND due to stuck port clock_enable    ;
; ram_stock:U_ram|ram[14][1]                          ; Stuck at GND due to stuck port clock_enable    ;
; ram_stock:U_ram|ram[15][1]                          ; Stuck at GND due to stuck port clock_enable    ;
; ram_stock:U_ram|ram[0][0]                           ; Stuck at VCC due to stuck port clock_enable    ;
; ram_stock:U_ram|ram[1][0]                           ; Stuck at GND due to stuck port clock_enable    ;
; ram_stock:U_ram|ram[2][0]                           ; Stuck at GND due to stuck port clock_enable    ;
; ram_stock:U_ram|ram[3][0]                           ; Stuck at VCC due to stuck port clock_enable    ;
; ram_stock:U_ram|ram[4][0]                           ; Stuck at GND due to stuck port clock_enable    ;
; ram_stock:U_ram|ram[5][0]                           ; Stuck at GND due to stuck port clock_enable    ;
; ram_stock:U_ram|ram[6][0]                           ; Stuck at GND due to stuck port clock_enable    ;
; ram_stock:U_ram|ram[7][0]                           ; Stuck at GND due to stuck port clock_enable    ;
; ram_stock:U_ram|ram[8][0]                           ; Stuck at GND due to stuck port clock_enable    ;
; ram_stock:U_ram|ram[9][0]                           ; Stuck at GND due to stuck port clock_enable    ;
; ram_stock:U_ram|ram[10][0]                          ; Stuck at GND due to stuck port clock_enable    ;
; ram_stock:U_ram|ram[11][0]                          ; Stuck at GND due to stuck port clock_enable    ;
; ram_stock:U_ram|ram[12][0]                          ; Stuck at GND due to stuck port clock_enable    ;
; ram_stock:U_ram|ram[13][0]                          ; Stuck at GND due to stuck port clock_enable    ;
; ram_stock:U_ram|ram[14][0]                          ; Stuck at GND due to stuck port clock_enable    ;
; ram_stock:U_ram|ram[15][0]                          ; Stuck at GND due to stuck port clock_enable    ;
; fsm_maquina_expendedora:U_fsm|state.DISPENSING      ; Stuck at GND due to stuck port data_in         ;
; Total Number of Removed Registers = 39              ;                                                ;
+-----------------------------------------------------+------------------------------------------------+


+-----------------------------------------------------------------------------------------------------------------------------------------------------------------------+
; Removed Registers Triggering Further Register Optimizations                                                                                                           ;
+-----------------------------------------------------+---------------------------+-------------------------------------------------------------------------------------+
; Register name                                       ; Reason for Removal        ; Registers Removed due to This Register                                              ;
+-----------------------------------------------------+---------------------------+-------------------------------------------------------------------------------------+
; fsm_maquina_expendedora:U_fsm|state.WAITING_PAYMENT ; Stuck at GND              ; ram_stock:U_ram|ram[0][1], ram_stock:U_ram|ram[1][1], ram_stock:U_ram|ram[2][1],    ;
;                                                     ; due to stuck port data_in ; ram_stock:U_ram|ram[3][1], ram_stock:U_ram|ram[4][1], ram_stock:U_ram|ram[5][1],    ;
;                                                     ;                           ; ram_stock:U_ram|ram[6][1], ram_stock:U_ram|ram[7][1], ram_stock:U_ram|ram[8][1],    ;
;                                                     ;                           ; ram_stock:U_ram|ram[9][1], ram_stock:U_ram|ram[10][1], ram_stock:U_ram|ram[11][1],  ;
;                                                     ;                           ; ram_stock:U_ram|ram[12][1], ram_stock:U_ram|ram[13][1], ram_stock:U_ram|ram[14][1], ;
;                                                     ;                           ; ram_stock:U_ram|ram[15][1], ram_stock:U_ram|ram[0][0], ram_stock:U_ram|ram[1][0],   ;
;                                                     ;                           ; ram_stock:U_ram|ram[2][0], ram_stock:U_ram|ram[3][0], ram_stock:U_ram|ram[4][0],    ;
;                                                     ;                           ; ram_stock:U_ram|ram[5][0], ram_stock:U_ram|ram[6][0], ram_stock:U_ram|ram[7][0],    ;
;                                                     ;                           ; ram_stock:U_ram|ram[8][0], ram_stock:U_ram|ram[9][0], ram_stock:U_ram|ram[10][0],   ;
;                                                     ;                           ; ram_stock:U_ram|ram[11][0], ram_stock:U_ram|ram[12][0], ram_stock:U_ram|ram[13][0], ;
;                                                     ;                           ; ram_stock:U_ram|ram[14][0], ram_stock:U_ram|ram[15][0]                              ;
; fsm_maquina_expendedora:U_fsm|venta_completada      ; Stuck at GND              ; sumador_saldo:U_saldo|saldo_reg[0], RESTADOR:U_rest|cambio_reg[0],                  ;
;                                                     ; due to stuck port data_in ; RESTADOR:U_rest|cambio_reg[1]                                                       ;
+-----------------------------------------------------+---------------------------+-------------------------------------------------------------------------------------+


+------------------------------------------------------+
; General Register Statistics                          ;
+----------------------------------------------+-------+
; Statistic                                    ; Value ;
+----------------------------------------------+-------+
; Total registers                              ; 85    ;
; Number of registers using Synchronous Clear  ; 0     ;
; Number of registers using Synchronous Load   ; 26    ;
; Number of registers using Asynchronous Clear ; 58    ;
; Number of registers using Asynchronous Load  ; 0     ;
; Number of registers using Clock Enable       ; 50    ;
; Number of registers using Preset             ; 0     ;
+----------------------------------------------+-------+


+---------------------------------------------------------------------------------------------------------------------------------------------------------------------------------+
; Multiplexer Restructuring Statistics (Restructuring Performed)                                                                                                                  ;
+--------------------+-----------+---------------+----------------------+------------------------+------------+-------------------------------------------------------------------+
; Multiplexer Inputs ; Bus Width ; Baseline Area ; Area if Restructured ; Saving if Restructured ; Registered ; Example Multiplexer Output                                        ;
+--------------------+-----------+---------------+----------------------+------------------------+------------+-------------------------------------------------------------------+
; 4:1                ; 13 bits   ; 26 LEs        ; 13 LEs               ; 13 LEs                 ; Yes        ; |maquina_expendedora|sumador_saldo:U_saldo|cnt500[0]              ;
; 4:1                ; 13 bits   ; 26 LEs        ; 13 LEs               ; 13 LEs                 ; Yes        ; |maquina_expendedora|sumador_saldo:U_saldo|cnt1000[5]             ;
; 5:1                ; 11 bits   ; 33 LEs        ; 22 LEs               ; 11 LEs                 ; Yes        ; |maquina_expendedora|sumador_saldo:U_saldo|saldo_reg[9]           ;
; 3:1                ; 3 bits    ; 6 LEs         ; 3 LEs                ; 3 LEs                  ; No         ; |maquina_expendedora|fsm_maquina_expendedora:U_fsm|stock_leds[2]  ;
; 4:1                ; 2 bits    ; 4 LEs         ; 2 LEs                ; 2 LEs                  ; No         ; |maquina_expendedora|fsm_maquina_expendedora:U_fsm|ram_din[0]     ;
; 16:1               ; 2 bits    ; 20 LEs        ; 20 LEs               ; 0 LEs                  ; No         ; |maquina_expendedora|ram_stock:U_ram|Mux1                         ;
; 6:1                ; 11 bits   ; 44 LEs        ; 22 LEs               ; 22 LEs                 ; No         ; |maquina_expendedora|fsm_maquina_expendedora:U_fsm|valor_saldo[0] ;
; 7:1                ; 5 bits    ; 20 LEs        ; 15 LEs               ; 5 LEs                  ; No         ; |maquina_expendedora|fsm_maquina_expendedora:U_fsm|Selector0      ;
+--------------------+-----------+---------------+----------------------+------------------------+------------+-------------------------------------------------------------------+


+------------------------------------------------------------------------------------------------+
; Parameter Settings for Inferred Entity Instance: fsm_maquina_expendedora:U_fsm|lpm_divide:Div1 ;
+------------------------+----------------+------------------------------------------------------+
; Parameter Name         ; Value          ; Type                                                 ;
+------------------------+----------------+------------------------------------------------------+
; LPM_WIDTHN             ; 16             ; Untyped                                              ;
; LPM_WIDTHD             ; 7              ; Untyped                                              ;
; LPM_NREPRESENTATION    ; UNSIGNED       ; Untyped                                              ;
; LPM_DREPRESENTATION    ; UNSIGNED       ; Untyped                                              ;
; LPM_PIPELINE           ; 0              ; Untyped                                              ;
; LPM_REMAINDERPOSITIVE  ; TRUE           ; Untyped                                              ;
; MAXIMIZE_SPEED         ; 5              ; Untyped                                              ;
; CBXI_PARAMETER         ; lpm_divide_shm ; Untyped                                              ;
; CARRY_CHAIN            ; MANUAL         ; Untyped                                              ;
; OPTIMIZE_FOR_SPEED     ; 5              ; Untyped                                              ;
; AUTO_CARRY_CHAINS      ; ON             ; AUTO_CARRY                                           ;
; IGNORE_CARRY_BUFFERS   ; OFF            ; IGNORE_CARRY                                         ;
; AUTO_CASCADE_CHAINS    ; ON             ; AUTO_CASCADE                                         ;
; IGNORE_CASCADE_BUFFERS ; OFF            ; IGNORE_CASCADE                                       ;
+------------------------+----------------+------------------------------------------------------+
Note: In order to hide this table in the UI and the text report file, please set the "Show Parameter Settings in Synthesis Report" option in "Analysis and Synthesis Settings -> More Settings" to "Off".


+------------------------------------------------------------------------------------------------+
; Parameter Settings for Inferred Entity Instance: fsm_maquina_expendedora:U_fsm|lpm_divide:Div0 ;
+------------------------+----------------+------------------------------------------------------+
; Parameter Name         ; Value          ; Type                                                 ;
+------------------------+----------------+------------------------------------------------------+
; LPM_WIDTHN             ; 14             ; Untyped                                              ;
; LPM_WIDTHD             ; 7              ; Untyped                                              ;
; LPM_NREPRESENTATION    ; UNSIGNED       ; Untyped                                              ;
; LPM_DREPRESENTATION    ; UNSIGNED       ; Untyped                                              ;
; LPM_PIPELINE           ; 0              ; Untyped                                              ;
; LPM_REMAINDERPOSITIVE  ; TRUE           ; Untyped                                              ;
; MAXIMIZE_SPEED         ; 5              ; Untyped                                              ;
; CBXI_PARAMETER         ; lpm_divide_qhm ; Untyped                                              ;
; CARRY_CHAIN            ; MANUAL         ; Untyped                                              ;
; OPTIMIZE_FOR_SPEED     ; 5              ; Untyped                                              ;
; AUTO_CARRY_CHAINS      ; ON             ; AUTO_CARRY                                           ;
; IGNORE_CARRY_BUFFERS   ; OFF            ; IGNORE_CARRY                                         ;
; AUTO_CASCADE_CHAINS    ; ON             ; AUTO_CASCADE                                         ;
; IGNORE_CASCADE_BUFFERS ; OFF            ; IGNORE_CASCADE                                       ;
+------------------------+----------------+------------------------------------------------------+
Note: In order to hide this table in the UI and the text report file, please set the "Show Parameter Settings in Synthesis Report" option in "Analysis and Synthesis Settings -> More Settings" to "Off".


+--------------------------------------------------------------------------------------+
; Parameter Settings for Inferred Entity Instance: bin_bcd:U_bcd_saldo|lpm_divide:Mod0 ;
+------------------------+----------------+--------------------------------------------+
; Parameter Name         ; Value          ; Type                                       ;
+------------------------+----------------+--------------------------------------------+
; LPM_WIDTHN             ; 14             ; Untyped                                    ;
; LPM_WIDTHD             ; 14             ; Untyped                                    ;
; LPM_NREPRESENTATION    ; UNSIGNED       ; Untyped                                    ;
; LPM_DREPRESENTATION    ; UNSIGNED       ; Untyped                                    ;
; LPM_PIPELINE           ; 0              ; Untyped                                    ;
; LPM_REMAINDERPOSITIVE  ; TRUE           ; Untyped                                    ;
; MAXIMIZE_SPEED         ; 5              ; Untyped                                    ;
; CBXI_PARAMETER         ; lpm_divide_bbm ; Untyped                                    ;
; CARRY_CHAIN            ; MANUAL         ; Untyped                                    ;
; OPTIMIZE_FOR_SPEED     ; 5              ; Untyped                                    ;
; AUTO_CARRY_CHAINS      ; ON             ; AUTO_CARRY                                 ;
; IGNORE_CARRY_BUFFERS   ; OFF            ; IGNORE_CARRY                               ;
; AUTO_CASCADE_CHAINS    ; ON             ; AUTO_CASCADE                               ;
; IGNORE_CASCADE_BUFFERS ; OFF            ; IGNORE_CASCADE                             ;
+------------------------+----------------+--------------------------------------------+
Note: In order to hide this table in the UI and the text report file, please set the "Show Parameter Settings in Synthesis Report" option in "Analysis and Synthesis Settings -> More Settings" to "Off".


+--------------------------------------------------------------------------------------+
; Parameter Settings for Inferred Entity Instance: bin_bcd:U_bcd_saldo|lpm_divide:Mod1 ;
+------------------------+----------------+--------------------------------------------+
; Parameter Name         ; Value          ; Type                                       ;
+------------------------+----------------+--------------------------------------------+
; LPM_WIDTHN             ; 14             ; Untyped                                    ;
; LPM_WIDTHD             ; 14             ; Untyped                                    ;
; LPM_NREPRESENTATION    ; UNSIGNED       ; Untyped                                    ;
; LPM_DREPRESENTATION    ; UNSIGNED       ; Untyped                                    ;
; LPM_PIPELINE           ; 0              ; Untyped                                    ;
; LPM_REMAINDERPOSITIVE  ; TRUE           ; Untyped                                    ;
; MAXIMIZE_SPEED         ; 5              ; Untyped                                    ;
; CBXI_PARAMETER         ; lpm_divide_bbm ; Untyped                                    ;
; CARRY_CHAIN            ; MANUAL         ; Untyped                                    ;
; OPTIMIZE_FOR_SPEED     ; 5              ; Untyped                                    ;
; AUTO_CARRY_CHAINS      ; ON             ; AUTO_CARRY                                 ;
; IGNORE_CARRY_BUFFERS   ; OFF            ; IGNORE_CARRY                               ;
; AUTO_CASCADE_CHAINS    ; ON             ; AUTO_CASCADE                               ;
; IGNORE_CASCADE_BUFFERS ; OFF            ; IGNORE_CASCADE                             ;
+------------------------+----------------+--------------------------------------------+
Note: In order to hide this table in the UI and the text report file, please set the "Show Parameter Settings in Synthesis Report" option in "Analysis and Synthesis Settings -> More Settings" to "Off".


+--------------------------------------------------------------------------------------+
; Parameter Settings for Inferred Entity Instance: bin_bcd:U_bcd_saldo|lpm_divide:Mod2 ;
+------------------------+----------------+--------------------------------------------+
; Parameter Name         ; Value          ; Type                                       ;
+------------------------+----------------+--------------------------------------------+
; LPM_WIDTHN             ; 14             ; Untyped                                    ;
; LPM_WIDTHD             ; 14             ; Untyped                                    ;
; LPM_NREPRESENTATION    ; UNSIGNED       ; Untyped                                    ;
; LPM_DREPRESENTATION    ; UNSIGNED       ; Untyped                                    ;
; LPM_PIPELINE           ; 0              ; Untyped                                    ;
; LPM_REMAINDERPOSITIVE  ; TRUE           ; Untyped                                    ;
; MAXIMIZE_SPEED         ; 5              ; Untyped                                    ;
; CBXI_PARAMETER         ; lpm_divide_bbm ; Untyped                                    ;
; CARRY_CHAIN            ; MANUAL         ; Untyped                                    ;
; OPTIMIZE_FOR_SPEED     ; 5              ; Untyped                                    ;
; AUTO_CARRY_CHAINS      ; ON             ; AUTO_CARRY                                 ;
; IGNORE_CARRY_BUFFERS   ; OFF            ; IGNORE_CARRY                               ;
; AUTO_CASCADE_CHAINS    ; ON             ; AUTO_CASCADE                               ;
; IGNORE_CASCADE_BUFFERS ; OFF            ; IGNORE_CASCADE                             ;
+------------------------+----------------+--------------------------------------------+
Note: In order to hide this table in the UI and the text report file, please set the "Show Parameter Settings in Synthesis Report" option in "Analysis and Synthesis Settings -> More Settings" to "Off".


+--------------------------------------------------------------------------------------+
; Parameter Settings for Inferred Entity Instance: bin_bcd:U_bcd_saldo|lpm_divide:Div2 ;
+------------------------+----------------+--------------------------------------------+
; Parameter Name         ; Value          ; Type                                       ;
+------------------------+----------------+--------------------------------------------+
; LPM_WIDTHN             ; 14             ; Untyped                                    ;
; LPM_WIDTHD             ; 4              ; Untyped                                    ;
; LPM_NREPRESENTATION    ; UNSIGNED       ; Untyped                                    ;
; LPM_DREPRESENTATION    ; UNSIGNED       ; Untyped                                    ;
; LPM_PIPELINE           ; 0              ; Untyped                                    ;
; LPM_REMAINDERPOSITIVE  ; TRUE           ; Untyped                                    ;
; MAXIMIZE_SPEED         ; 5              ; Untyped                                    ;
; CBXI_PARAMETER         ; lpm_divide_nhm ; Untyped                                    ;
; CARRY_CHAIN            ; MANUAL         ; Untyped                                    ;
; OPTIMIZE_FOR_SPEED     ; 5              ; Untyped                                    ;
; AUTO_CARRY_CHAINS      ; ON             ; AUTO_CARRY                                 ;
; IGNORE_CARRY_BUFFERS   ; OFF            ; IGNORE_CARRY                               ;
; AUTO_CASCADE_CHAINS    ; ON             ; AUTO_CASCADE                               ;
; IGNORE_CASCADE_BUFFERS ; OFF            ; IGNORE_CASCADE                             ;
+------------------------+----------------+--------------------------------------------+
Note: In order to hide this table in the UI and the text report file, please set the "Show Parameter Settings in Synthesis Report" option in "Analysis and Synthesis Settings -> More Settings" to "Off".


+------------------------------------------------------------------------------------------------+
; Parameter Settings for Inferred Entity Instance: fsm_maquina_expendedora:U_fsm|lpm_divide:Mod0 ;
+------------------------+----------------+------------------------------------------------------+
; Parameter Name         ; Value          ; Type                                                 ;
+------------------------+----------------+------------------------------------------------------+
; LPM_WIDTHN             ; 16             ; Untyped                                              ;
; LPM_WIDTHD             ; 16             ; Untyped                                              ;
; LPM_NREPRESENTATION    ; UNSIGNED       ; Untyped                                              ;
; LPM_DREPRESENTATION    ; UNSIGNED       ; Untyped                                              ;
; LPM_PIPELINE           ; 0              ; Untyped                                              ;
; LPM_REMAINDERPOSITIVE  ; TRUE           ; Untyped                                              ;
; MAXIMIZE_SPEED         ; 5              ; Untyped                                              ;
; CBXI_PARAMETER         ; lpm_divide_fbm ; Untyped                                              ;
; CARRY_CHAIN            ; MANUAL         ; Untyped                                              ;
; OPTIMIZE_FOR_SPEED     ; 5              ; Untyped                                              ;
; AUTO_CARRY_CHAINS      ; ON             ; AUTO_CARRY                                           ;
; IGNORE_CARRY_BUFFERS   ; OFF            ; IGNORE_CARRY                                         ;
; AUTO_CASCADE_CHAINS    ; ON             ; AUTO_CASCADE                                         ;
; IGNORE_CASCADE_BUFFERS ; OFF            ; IGNORE_CASCADE                                       ;
+------------------------+----------------+------------------------------------------------------+
Note: In order to hide this table in the UI and the text report file, please set the "Show Parameter Settings in Synthesis Report" option in "Analysis and Synthesis Settings -> More Settings" to "Off".


+-------------------------------------------------------------------------------------+
; Parameter Settings for Inferred Entity Instance: bin_bcd:U_bcd_prod|lpm_divide:Mod0 ;
+------------------------+----------------+-------------------------------------------+
; Parameter Name         ; Value          ; Type                                      ;
+------------------------+----------------+-------------------------------------------+
; LPM_WIDTHN             ; 14             ; Untyped                                   ;
; LPM_WIDTHD             ; 14             ; Untyped                                   ;
; LPM_NREPRESENTATION    ; UNSIGNED       ; Untyped                                   ;
; LPM_DREPRESENTATION    ; UNSIGNED       ; Untyped                                   ;
; LPM_PIPELINE           ; 0              ; Untyped                                   ;
; LPM_REMAINDERPOSITIVE  ; TRUE           ; Untyped                                   ;
; MAXIMIZE_SPEED         ; 5              ; Untyped                                   ;
; CBXI_PARAMETER         ; lpm_divide_bbm ; Untyped                                   ;
; CARRY_CHAIN            ; MANUAL         ; Untyped                                   ;
; OPTIMIZE_FOR_SPEED     ; 5              ; Untyped                                   ;
; AUTO_CARRY_CHAINS      ; ON             ; AUTO_CARRY                                ;
; IGNORE_CARRY_BUFFERS   ; OFF            ; IGNORE_CARRY                              ;
; AUTO_CASCADE_CHAINS    ; ON             ; AUTO_CASCADE                              ;
; IGNORE_CASCADE_BUFFERS ; OFF            ; IGNORE_CASCADE                            ;
+------------------------+----------------+-------------------------------------------+
Note: In order to hide this table in the UI and the text report file, please set the "Show Parameter Settings in Synthesis Report" option in "Analysis and Synthesis Settings -> More Settings" to "Off".


+-------------------------------------------------------------------------------------+
; Parameter Settings for Inferred Entity Instance: bin_bcd:U_bcd_prod|lpm_divide:Mod1 ;
+------------------------+----------------+-------------------------------------------+
; Parameter Name         ; Value          ; Type                                      ;
+------------------------+----------------+-------------------------------------------+
; LPM_WIDTHN             ; 14             ; Untyped                                   ;
; LPM_WIDTHD             ; 14             ; Untyped                                   ;
; LPM_NREPRESENTATION    ; UNSIGNED       ; Untyped                                   ;
; LPM_DREPRESENTATION    ; UNSIGNED       ; Untyped                                   ;
; LPM_PIPELINE           ; 0              ; Untyped                                   ;
; LPM_REMAINDERPOSITIVE  ; TRUE           ; Untyped                                   ;
; MAXIMIZE_SPEED         ; 5              ; Untyped                                   ;
; CBXI_PARAMETER         ; lpm_divide_bbm ; Untyped                                   ;
; CARRY_CHAIN            ; MANUAL         ; Untyped                                   ;
; OPTIMIZE_FOR_SPEED     ; 5              ; Untyped                                   ;
; AUTO_CARRY_CHAINS      ; ON             ; AUTO_CARRY                                ;
; IGNORE_CARRY_BUFFERS   ; OFF            ; IGNORE_CARRY                              ;
; AUTO_CASCADE_CHAINS    ; ON             ; AUTO_CASCADE                              ;
; IGNORE_CASCADE_BUFFERS ; OFF            ; IGNORE_CASCADE                            ;
+------------------------+----------------+-------------------------------------------+
Note: In order to hide this table in the UI and the text report file, please set the "Show Parameter Settings in Synthesis Report" option in "Analysis and Synthesis Settings -> More Settings" to "Off".


+-------------------------------------------------------------------------------------+
; Parameter Settings for Inferred Entity Instance: bin_bcd:U_bcd_prod|lpm_divide:Mod2 ;
+------------------------+----------------+-------------------------------------------+
; Parameter Name         ; Value          ; Type                                      ;
+------------------------+----------------+-------------------------------------------+
; LPM_WIDTHN             ; 14             ; Untyped                                   ;
; LPM_WIDTHD             ; 14             ; Untyped                                   ;
; LPM_NREPRESENTATION    ; UNSIGNED       ; Untyped                                   ;
; LPM_DREPRESENTATION    ; UNSIGNED       ; Untyped                                   ;
; LPM_PIPELINE           ; 0              ; Untyped                                   ;
; LPM_REMAINDERPOSITIVE  ; TRUE           ; Untyped                                   ;
; MAXIMIZE_SPEED         ; 5              ; Untyped                                   ;
; CBXI_PARAMETER         ; lpm_divide_bbm ; Untyped                                   ;
; CARRY_CHAIN            ; MANUAL         ; Untyped                                   ;
; OPTIMIZE_FOR_SPEED     ; 5              ; Untyped                                   ;
; AUTO_CARRY_CHAINS      ; ON             ; AUTO_CARRY                                ;
; IGNORE_CARRY_BUFFERS   ; OFF            ; IGNORE_CARRY                              ;
; AUTO_CASCADE_CHAINS    ; ON             ; AUTO_CASCADE                              ;
; IGNORE_CASCADE_BUFFERS ; OFF            ; IGNORE_CASCADE                            ;
+------------------------+----------------+-------------------------------------------+
Note: In order to hide this table in the UI and the text report file, please set the "Show Parameter Settings in Synthesis Report" option in "Analysis and Synthesis Settings -> More Settings" to "Off".


+-------------------------------------------------------------------------------------+
; Parameter Settings for Inferred Entity Instance: bin_bcd:U_bcd_prod|lpm_divide:Div2 ;
+------------------------+----------------+-------------------------------------------+
; Parameter Name         ; Value          ; Type                                      ;
+------------------------+----------------+-------------------------------------------+
; LPM_WIDTHN             ; 14             ; Untyped                                   ;
; LPM_WIDTHD             ; 4              ; Untyped                                   ;
; LPM_NREPRESENTATION    ; UNSIGNED       ; Untyped                                   ;
; LPM_DREPRESENTATION    ; UNSIGNED       ; Untyped                                   ;
; LPM_PIPELINE           ; 0              ; Untyped                                   ;
; LPM_REMAINDERPOSITIVE  ; TRUE           ; Untyped                                   ;
; MAXIMIZE_SPEED         ; 5              ; Untyped                                   ;
; CBXI_PARAMETER         ; lpm_divide_nhm ; Untyped                                   ;
; CARRY_CHAIN            ; MANUAL         ; Untyped                                   ;
; OPTIMIZE_FOR_SPEED     ; 5              ; Untyped                                   ;
; AUTO_CARRY_CHAINS      ; ON             ; AUTO_CARRY                                ;
; IGNORE_CARRY_BUFFERS   ; OFF            ; IGNORE_CARRY                              ;
; AUTO_CASCADE_CHAINS    ; ON             ; AUTO_CASCADE                              ;
; IGNORE_CASCADE_BUFFERS ; OFF            ; IGNORE_CASCADE                            ;
+------------------------+----------------+-------------------------------------------+
Note: In order to hide this table in the UI and the text report file, please set the "Show Parameter Settings in Synthesis Report" option in "Analysis and Synthesis Settings -> More Settings" to "Off".


+--------------------------------------------------------------------------------------------------------------------------+
; Port Connectivity Checks: "fsm_maquina_expendedora:U_fsm"                                                                ;
+----------------+--------+----------+-------------------------------------------------------------------------------------+
; Port           ; Type   ; Severity ; Details                                                                             ;
+----------------+--------+----------+-------------------------------------------------------------------------------------+
; mostrar_cambio ; Output ; Info     ; Connected to dangling logic. Logic that only feeds a dangling port will be removed. ;
; buzzer         ; Output ; Info     ; Connected to dangling logic. Logic that only feeds a dangling port will be removed. ;
+----------------+--------+----------+-------------------------------------------------------------------------------------+


+----------------------------------------------------------------------------------------------------------------+
; Port Connectivity Checks: "cont30:U_cont30"                                                                    ;
+------+--------+----------+-------------------------------------------------------------------------------------+
; Port ; Type   ; Severity ; Details                                                                             ;
+------+--------+----------+-------------------------------------------------------------------------------------+
; door ; Output ; Info     ; Connected to dangling logic. Logic that only feeds a dangling port will be removed. ;
+------+--------+----------+-------------------------------------------------------------------------------------+


+----------------------------------------------------------------------------------------------------------------+
; Port Connectivity Checks: "div_500ms:U_div500"                                                                 ;
+------+--------+----------+-------------------------------------------------------------------------------------+
; Port ; Type   ; Severity ; Details                                                                             ;
+------+--------+----------+-------------------------------------------------------------------------------------+
; out1 ; Output ; Info     ; Connected to dangling logic. Logic that only feeds a dangling port will be removed. ;
+------+--------+----------+-------------------------------------------------------------------------------------+


+----------------------------------------------------------------------------------------------------------------------+
; Port Connectivity Checks: "bin_bcd:U_bcd_prod"                                                                       ;
+------------+--------+----------+-------------------------------------------------------------------------------------+
; Port       ; Type   ; Severity ; Details                                                                             ;
+------------+--------+----------+-------------------------------------------------------------------------------------+
; bin[13..4] ; Input  ; Info     ; Stuck at GND                                                                        ;
; d2         ; Output ; Info     ; Connected to dangling logic. Logic that only feeds a dangling port will be removed. ;
; d3         ; Output ; Info     ; Connected to dangling logic. Logic that only feeds a dangling port will be removed. ;
+------------+--------+----------+-------------------------------------------------------------------------------------+


+----------------------------------------------------------------------------------------------------------------------+
; Port Connectivity Checks: "bin_bcd:U_bcd_saldo"                                                                      ;
+------------+--------+----------+-------------------------------------------------------------------------------------+
; Port       ; Type   ; Severity ; Details                                                                             ;
+------------+--------+----------+-------------------------------------------------------------------------------------+
; bin[13..7] ; Input  ; Info     ; Stuck at GND                                                                        ;
; d2         ; Output ; Info     ; Connected to dangling logic. Logic that only feeds a dangling port will be removed. ;
; d3         ; Output ; Info     ; Connected to dangling logic. Logic that only feeds a dangling port will be removed. ;
+------------+--------+----------+-------------------------------------------------------------------------------------+


+-------------------------------+
; Elapsed Time Per Partition    ;
+----------------+--------------+
; Partition Name ; Elapsed Time ;
+----------------+--------------+
; Top            ; 00:00:05     ;
+----------------+--------------+


+-------------------------------+
; Analysis & Synthesis Messages ;
+-------------------------------+
Info: *******************************************************************
Info: Running Quartus II 64-Bit Analysis & Synthesis
    Info: Version 13.1.0 Build 162 10/23/2013 SJ Web Edition
    Info: Processing started: Tue Oct 28 17:45:15 2025
Info: Command: quartus_map --read_settings_files=on --write_settings_files=off MAQUINA_EXPENDEDORA -c MAQUINA_EXPENDEDORA
Info (20030): Parallel compilation is enabled and will use 16 of the 16 processors detected
Info (12021): Found 2 design units, including 1 entities, in source file /users/user/documents/unicauca/4_semestre/vhdl/proyecto1/proyecto1vhdl2025ii/rom_productos/rom_productos.vhd
    Info (12022): Found design unit 1: rom_productos-behavioral
    Info (12023): Found entity 1: rom_productos
Info (12021): Found 2 design units, including 1 entities, in source file /users/user/documents/unicauca/4_semestre/vhdl/proyecto1/proyecto1vhdl2025ii/ram_stock/ram_stock.vhd
    Info (12022): Found design unit 1: ram_stock-behavioral
    Info (12023): Found entity 1: ram_stock
Info (12021): Found 2 design units, including 1 entities, in source file /users/user/documents/unicauca/4_semestre/vhdl/proyecto1/proyecto1vhdl2025ii/fsm_maquina_expendedora/fsm_maquina_expendedora.vhd
    Info (12022): Found design unit 1: fsm_maquina_expendedora-behavioral
    Info (12023): Found entity 1: fsm_maquina_expendedora
Info (12021): Found 2 design units, including 1 entities, in source file /users/user/documents/unicauca/4_semestre/vhdl/proyecto1/proyecto1vhdl2025ii/div_500ms/div_500ms.vhd
    Info (12022): Found design unit 1: div_500ms-arch_div_500ms
    Info (12023): Found entity 1: div_500ms
Info (12021): Found 2 design units, including 1 entities, in source file /users/user/documents/unicauca/4_semestre/vhdl/proyecto1/proyecto1vhdl2025ii/control_puerta/control_puerta.vhd
    Info (12022): Found design unit 1: control_puerta-Behavioral
    Info (12023): Found entity 1: control_puerta
Info (12021): Found 2 design units, including 1 entities, in source file /users/user/documents/unicauca/4_semestre/vhdl/proyecto1/proyecto1vhdl2025ii/cont30/cont30.vhd
    Info (12022): Found design unit 1: cont30-arch_cont30
    Info (12023): Found entity 1: cont30
Info (12021): Found 2 design units, including 1 entities, in source file /users/user/documents/unicauca/4_semestre/vhdl/proyecto1/proyecto1vhdl2025ii/div_2seg/div_2seg.vhd
    Info (12022): Found design unit 1: div_2seg-arch_div_2seg
    Info (12023): Found entity 1: div_2seg
Info (12021): Found 2 design units, including 1 entities, in source file /users/user/documents/unicauca/4_semestre/vhdl/proyecto1/proyecto1vhdl2025ii/restador/restador.vhd
    Info (12022): Found design unit 1: RESTADOR-Behavioral
    Info (12023): Found entity 1: RESTADOR
Info (12021): Found 2 design units, including 1 entities, in source file /users/user/documents/unicauca/4_semestre/vhdl/proyecto1/proyecto1vhdl2025ii/bin_bcd/bin_bcd.vhd
    Info (12022): Found design unit 1: bin_bcd-arch_bin_bcd
    Info (12023): Found entity 1: bin_bcd
Info (12021): Found 2 design units, including 1 entities, in source file /users/user/documents/unicauca/4_semestre/vhdl/proyecto1/proyecto1vhdl2025ii/div_50millones/div_50millones.vhd
    Info (12022): Found design unit 1: div_50millones-arch_div_50millones
    Info (12023): Found entity 1: div_50millones
Info (12021): Found 2 design units, including 1 entities, in source file /users/user/documents/unicauca/4_semestre/vhdl/proyecto1/proyecto1vhdl2025ii/systemd/systemd.vhd
    Info (12022): Found design unit 1: systemd-arch_systemd
    Info (12023): Found entity 1: systemd
Info (12021): Found 2 design units, including 1 entities, in source file /users/user/documents/unicauca/4_semestre/vhdl/proyecto1/proyecto1vhdl2025ii/sumador/sumador_saldo/sumador_saldo.vhd
    Info (12022): Found design unit 1: sumador_saldo-Behavioral
    Info (12023): Found entity 1: sumador_saldo
Info (12021): Found 2 design units, including 1 entities, in source file /users/user/documents/unicauca/4_semestre/vhdl/proyecto1/proyecto1vhdl2025ii/productos/top_productos.vhd
    Info (12022): Found design unit 1: top_productos-arch
    Info (12023): Found entity 1: top_productos
Info (12021): Found 2 design units, including 1 entities, in source file /users/user/documents/unicauca/4_semestre/vhdl/proyecto1/proyecto1vhdl2025ii/sumador/top_ingreso_dinero/top_ingreso_dinero.vhd
    Info (12022): Found design unit 1: top_ingreso_dinero-arch_top_ingreso_dinero
    Info (12023): Found entity 1: top_ingreso_dinero
Info (12021): Found 2 design units, including 1 entities, in source file maquina_expendedora.vhd
    Info (12022): Found design unit 1: maquina_expendedora-arch
    Info (12023): Found entity 1: maquina_expendedora
Info (12127): Elaborating entity "MAQUINA_EXPENDEDORA" for the top level hierarchy
Warning (10036): Verilog HDL or VHDL warning at MAQUINA_EXPENDEDORA.vhd(162): object "clk_500ms" assigned a value but never read
Warning (10036): Verilog HDL or VHDL warning at MAQUINA_EXPENDEDORA.vhd(169): object "mostrar_cambio" assigned a value but never read
Warning (10036): Verilog HDL or VHDL warning at MAQUINA_EXPENDEDORA.vhd(172): object "buzzer" assigned a value but never read
Info (12128): Elaborating entity "sumador_saldo" for hierarchy "sumador_saldo:U_saldo"
Info (12128): Elaborating entity "RESTADOR" for hierarchy "RESTADOR:U_rest"
Info (12128): Elaborating entity "bin_bcd" for hierarchy "bin_bcd:U_bcd_saldo"
Warning (10036): Verilog HDL or VHDL warning at bin_bcd.vhd(16): object "value" assigned a value but never read
Info (12128): Elaborating entity "systemd" for hierarchy "systemd:U_d0"
Info (12128): Elaborating entity "div_50millones" for hierarchy "div_50millones:U_div"
Info (12128): Elaborating entity "div_500ms" for hierarchy "div_500ms:U_div500"
Info (12128): Elaborating entity "div_2seg" for hierarchy "div_2seg:U_div2s"
Info (12128): Elaborating entity "cont30" for hierarchy "cont30:U_cont30"
Info (12128): Elaborating entity "fsm_maquina_expendedora" for hierarchy "fsm_maquina_expendedora:U_fsm"
Warning (10540): VHDL Signal Declaration warning at fsm_maquina_expendedora.vhd(48): used explicit default value for signal "clk_500ms" because signal was never assigned a value
Warning (10492): VHDL Process Statement warning at fsm_maquina_expendedora.vhd(132): signal "sel_prod" is read inside the Process Statement but isn't in the Process Statement's sensitivity list
Warning (10631): VHDL Process Statement warning at fsm_maquina_expendedora.vhd(128): inferring latch(es) for signal or variable "entrega_activa", which holds its previous value in one or more paths through the process
Info (10041): Inferred latch for "entrega_activa" at fsm_maquina_expendedora.vhd(128)
Info (12128): Elaborating entity "ram_stock" for hierarchy "ram_stock:U_ram"
Info (12128): Elaborating entity "rom_productos" for hierarchy "rom_productos:U_rom"
Info (278001): Inferred 11 megafunctions from design logic
    Info (278004): Inferred divider/modulo megafunction ("lpm_divide") from the following logic: "fsm_maquina_expendedora:U_fsm|Div1"
    Info (278004): Inferred divider/modulo megafunction ("lpm_divide") from the following logic: "fsm_maquina_expendedora:U_fsm|Div0"
    Info (278004): Inferred divider/modulo megafunction ("lpm_divide") from the following logic: "bin_bcd:U_bcd_saldo|Mod0"
    Info (278004): Inferred divider/modulo megafunction ("lpm_divide") from the following logic: "bin_bcd:U_bcd_saldo|Mod1"
    Info (278004): Inferred divider/modulo megafunction ("lpm_divide") from the following logic: "bin_bcd:U_bcd_saldo|Mod2"
    Info (278004): Inferred divider/modulo megafunction ("lpm_divide") from the following logic: "bin_bcd:U_bcd_saldo|Div2"
    Info (278004): Inferred divider/modulo megafunction ("lpm_divide") from the following logic: "fsm_maquina_expendedora:U_fsm|Mod0"
    Info (278004): Inferred divider/modulo megafunction ("lpm_divide") from the following logic: "bin_bcd:U_bcd_prod|Mod0"
    Info (278004): Inferred divider/modulo megafunction ("lpm_divide") from the following logic: "bin_bcd:U_bcd_prod|Mod1"
    Info (278004): Inferred divider/modulo megafunction ("lpm_divide") from the following logic: "bin_bcd:U_bcd_prod|Mod2"
    Info (278004): Inferred divider/modulo megafunction ("lpm_divide") from the following logic: "bin_bcd:U_bcd_prod|Div2"
Info (12130): Elaborated megafunction instantiation "fsm_maquina_expendedora:U_fsm|lpm_divide:Div1"
Info (12133): Instantiated megafunction "fsm_maquina_expendedora:U_fsm|lpm_divide:Div1" with the following parameter:
    Info (12134): Parameter "LPM_WIDTHN" = "16"
    Info (12134): Parameter "LPM_WIDTHD" = "7"
    Info (12134): Parameter "LPM_NREPRESENTATION" = "UNSIGNED"
    Info (12134): Parameter "LPM_DREPRESENTATION" = "UNSIGNED"
Info (12021): Found 1 design units, including 1 entities, in source file db/lpm_divide_shm.tdf
    Info (12023): Found entity 1: lpm_divide_shm
Info (12021): Found 1 design units, including 1 entities, in source file db/sign_div_unsign_tlh.tdf
    Info (12023): Found entity 1: sign_div_unsign_tlh
Info (12021): Found 1 design units, including 1 entities, in source file db/alt_u_div_56f.tdf
    Info (12023): Found entity 1: alt_u_div_56f
Info (12021): Found 1 design units, including 1 entities, in source file db/add_sub_unc.tdf
    Info (12023): Found entity 1: add_sub_unc
Info (12021): Found 1 design units, including 1 entities, in source file db/add_sub_vnc.tdf
    Info (12023): Found entity 1: add_sub_vnc
Info (12130): Elaborated megafunction instantiation "fsm_maquina_expendedora:U_fsm|lpm_divide:Div0"
Info (12133): Instantiated megafunction "fsm_maquina_expendedora:U_fsm|lpm_divide:Div0" with the following parameter:
    Info (12134): Parameter "LPM_WIDTHN" = "14"
    Info (12134): Parameter "LPM_WIDTHD" = "7"
    Info (12134): Parameter "LPM_NREPRESENTATION" = "UNSIGNED"
    Info (12134): Parameter "LPM_DREPRESENTATION" = "UNSIGNED"
Info (12021): Found 1 design units, including 1 entities, in source file db/lpm_divide_qhm.tdf
    Info (12023): Found entity 1: lpm_divide_qhm
Info (12021): Found 1 design units, including 1 entities, in source file db/sign_div_unsign_rlh.tdf
    Info (12023): Found entity 1: sign_div_unsign_rlh
Info (12021): Found 1 design units, including 1 entities, in source file db/alt_u_div_16f.tdf
    Info (12023): Found entity 1: alt_u_div_16f
Info (12130): Elaborated megafunction instantiation "bin_bcd:U_bcd_saldo|lpm_divide:Mod0"
Info (12133): Instantiated megafunction "bin_bcd:U_bcd_saldo|lpm_divide:Mod0" with the following parameter:
    Info (12134): Parameter "LPM_WIDTHN" = "14"
    Info (12134): Parameter "LPM_WIDTHD" = "14"
    Info (12134): Parameter "LPM_NREPRESENTATION" = "UNSIGNED"
    Info (12134): Parameter "LPM_DREPRESENTATION" = "UNSIGNED"
Info (12021): Found 1 design units, including 1 entities, in source file db/lpm_divide_bbm.tdf
    Info (12023): Found entity 1: lpm_divide_bbm
Info (12021): Found 1 design units, including 1 entities, in source file db/sign_div_unsign_9nh.tdf
    Info (12023): Found entity 1: sign_div_unsign_9nh
Info (12021): Found 1 design units, including 1 entities, in source file db/alt_u_div_t8f.tdf
    Info (12023): Found entity 1: alt_u_div_t8f
Info (12130): Elaborated megafunction instantiation "bin_bcd:U_bcd_saldo|lpm_divide:Mod1"
Info (12133): Instantiated megafunction "bin_bcd:U_bcd_saldo|lpm_divide:Mod1" with the following parameter:
    Info (12134): Parameter "LPM_WIDTHN" = "14"
    Info (12134): Parameter "LPM_WIDTHD" = "14"
    Info (12134): Parameter "LPM_NREPRESENTATION" = "UNSIGNED"
    Info (12134): Parameter "LPM_DREPRESENTATION" = "UNSIGNED"
Info (12130): Elaborated megafunction instantiation "bin_bcd:U_bcd_saldo|lpm_divide:Mod2"
Info (12133): Instantiated megafunction "bin_bcd:U_bcd_saldo|lpm_divide:Mod2" with the following parameter:
    Info (12134): Parameter "LPM_WIDTHN" = "14"
    Info (12134): Parameter "LPM_WIDTHD" = "14"
    Info (12134): Parameter "LPM_NREPRESENTATION" = "UNSIGNED"
    Info (12134): Parameter "LPM_DREPRESENTATION" = "UNSIGNED"
Info (12130): Elaborated megafunction instantiation "bin_bcd:U_bcd_saldo|lpm_divide:Div2"
Info (12133): Instantiated megafunction "bin_bcd:U_bcd_saldo|lpm_divide:Div2" with the following parameter:
    Info (12134): Parameter "LPM_WIDTHN" = "14"
    Info (12134): Parameter "LPM_WIDTHD" = "4"
    Info (12134): Parameter "LPM_NREPRESENTATION" = "UNSIGNED"
    Info (12134): Parameter "LPM_DREPRESENTATION" = "UNSIGNED"
Info (12021): Found 1 design units, including 1 entities, in source file db/lpm_divide_nhm.tdf
    Info (12023): Found entity 1: lpm_divide_nhm
Info (12021): Found 1 design units, including 1 entities, in source file db/sign_div_unsign_olh.tdf
    Info (12023): Found entity 1: sign_div_unsign_olh
Info (12021): Found 1 design units, including 1 entities, in source file db/alt_u_div_r5f.tdf
    Info (12023): Found entity 1: alt_u_div_r5f
Info (12130): Elaborated megafunction instantiation "fsm_maquina_expendedora:U_fsm|lpm_divide:Mod0"
Info (12133): Instantiated megafunction "fsm_maquina_expendedora:U_fsm|lpm_divide:Mod0" with the following parameter:
    Info (12134): Parameter "LPM_WIDTHN" = "16"
    Info (12134): Parameter "LPM_WIDTHD" = "16"
    Info (12134): Parameter "LPM_NREPRESENTATION" = "UNSIGNED"
    Info (12134): Parameter "LPM_DREPRESENTATION" = "UNSIGNED"
Info (12021): Found 1 design units, including 1 entities, in source file db/lpm_divide_fbm.tdf
    Info (12023): Found entity 1: lpm_divide_fbm
Info (12021): Found 1 design units, including 1 entities, in source file db/sign_div_unsign_dnh.tdf
    Info (12023): Found entity 1: sign_div_unsign_dnh
Info (12021): Found 1 design units, including 1 entities, in source file db/alt_u_div_59f.tdf
    Info (12023): Found entity 1: alt_u_div_59f
Info (12130): Elaborated megafunction instantiation "bin_bcd:U_bcd_prod|lpm_divide:Mod0"
Info (12133): Instantiated megafunction "bin_bcd:U_bcd_prod|lpm_divide:Mod0" with the following parameter:
    Info (12134): Parameter "LPM_WIDTHN" = "14"
    Info (12134): Parameter "LPM_WIDTHD" = "14"
    Info (12134): Parameter "LPM_NREPRESENTATION" = "UNSIGNED"
    Info (12134): Parameter "LPM_DREPRESENTATION" = "UNSIGNED"
Warning (13024): Output pins are stuck at VCC or GND
    Warning (13410): Pin "disp3[1]" is stuck at GND
    Warning (13410): Pin "disp3[2]" is stuck at GND
    Warning (13410): Pin "disp3[6]" is stuck at VCC
    Warning (13410): Pin "led_compra" is stuck at GND
    Warning (13410): Pin "door_led" is stuck at GND
    Warning (13410): Pin "entrega_led" is stuck at GND
Info (286030): Timing-Driven Synthesis is running
Info (17016): Found the following redundant logic cells in design
    Info (17048): Logic cell "bin_bcd:U_bcd_saldo|lpm_divide:Mod1|lpm_divide_bbm:auto_generated|sign_div_unsign_9nh:divider|alt_u_div_t8f:divider|add_sub_13_result_int[0]~26"
    Info (17048): Logic cell "bin_bcd:U_bcd_saldo|lpm_divide:Mod2|lpm_divide_bbm:auto_generated|sign_div_unsign_9nh:divider|alt_u_div_t8f:divider|add_sub_3_result_int[0]~8"
    Info (17048): Logic cell "bin_bcd:U_bcd_saldo|lpm_divide:Mod2|lpm_divide_bbm:auto_generated|sign_div_unsign_9nh:divider|alt_u_div_t8f:divider|add_sub_4_result_int[0]~10"
    Info (17048): Logic cell "bin_bcd:U_bcd_saldo|lpm_divide:Mod2|lpm_divide_bbm:auto_generated|sign_div_unsign_9nh:divider|alt_u_div_t8f:divider|add_sub_5_result_int[0]~12"
    Info (17048): Logic cell "bin_bcd:U_bcd_saldo|lpm_divide:Mod2|lpm_divide_bbm:auto_generated|sign_div_unsign_9nh:divider|alt_u_div_t8f:divider|add_sub_6_result_int[0]~14"
    Info (17048): Logic cell "bin_bcd:U_bcd_saldo|lpm_divide:Mod1|lpm_divide_bbm:auto_generated|sign_div_unsign_9nh:divider|alt_u_div_t8f:divider|add_sub_13_result_int[1]~28"
    Info (17048): Logic cell "bin_bcd:U_bcd_saldo|lpm_divide:Div2|lpm_divide_nhm:auto_generated|sign_div_unsign_olh:divider|alt_u_div_r5f:divider|add_sub_3_result_int[0]~8"
    Info (17048): Logic cell "bin_bcd:U_bcd_saldo|lpm_divide:Div2|lpm_divide_nhm:auto_generated|sign_div_unsign_olh:divider|alt_u_div_r5f:divider|add_sub_4_result_int[0]~10"
    Info (17048): Logic cell "bin_bcd:U_bcd_saldo|lpm_divide:Div2|lpm_divide_nhm:auto_generated|sign_div_unsign_olh:divider|alt_u_div_r5f:divider|add_sub_5_result_int[0]~10"
    Info (17048): Logic cell "bin_bcd:U_bcd_saldo|lpm_divide:Div2|lpm_divide_nhm:auto_generated|sign_div_unsign_olh:divider|alt_u_div_r5f:divider|add_sub_6_result_int[0]~10"
    Info (17048): Logic cell "bin_bcd:U_bcd_prod|lpm_divide:Mod2|lpm_divide_bbm:auto_generated|sign_div_unsign_9nh:divider|alt_u_div_t8f:divider|add_sub_13_result_int[0]~0"
Info (16010): Generating hard_block partition "hard_block:auto_generated_inst"
    Info (16011): Adding 0 node(s), including 0 DDIO, 0 PLL, 0 transceiver and 0 LCELL
Info (21057): Implemented 1385 device resources after synthesis - the final resource count might be different
    Info (21058): Implemented 10 input pins
    Info (21059): Implemented 36 output pins
    Info (21061): Implemented 1339 logic cells
Info: Quartus II 64-Bit Analysis & Synthesis was successful. 0 errors, 14 warnings
    Info: Peak virtual memory: 4742 megabytes
    Info: Processing ended: Tue Oct 28 17:45:24 2025
    Info: Elapsed time: 00:00:09
    Info: Total CPU time (on all processors): 00:00:09


