TimeQuest Timing Analyzer report for MAQUINA_EXPENDEDORA
Mon Oct 27 17:34:02 2025
Quartus II 64-Bit Version 13.1.0 Build 162 10/23/2013 SJ Web Edition


---------------------
; Table of Contents ;
---------------------
  1. Legal Notice
  2. TimeQuest Timing Analyzer Summary
  3. Parallel Compilation
  4. Clocks
  5. Slow 1200mV 85C Model Fmax Summary
  6. Timing Closure Recommendations
  7. Slow 1200mV 85C Model Setup Summary
  8. Slow 1200mV 85C Model Hold Summary
  9. Slow 1200mV 85C Model Recovery Summary
 10. Slow 1200mV 85C Model Removal Summary
 11. Slow 1200mV 85C Model Minimum Pulse Width Summary
 12. Slow 1200mV 85C Model Setup: 'clk'
 13. Slow 1200mV 85C Model Hold: 'clk'
 14. Slow 1200mV 85C Model Minimum Pulse Width: 'clk'
 15. Setup Times
 16. Hold Times
 17. Clock to Output Times
 18. Minimum Clock to Output Times
 19. Propagation Delay
 20. Minimum Propagation Delay
 21. Slow 1200mV 85C Model Metastability Report
 22. Slow 1200mV 0C Model Fmax Summary
 23. Slow 1200mV 0C Model Setup Summary
 24. Slow 1200mV 0C Model Hold Summary
 25. Slow 1200mV 0C Model Recovery Summary
 26. Slow 1200mV 0C Model Removal Summary
 27. Slow 1200mV 0C Model Minimum Pulse Width Summary
 28. Slow 1200mV 0C Model Setup: 'clk'
 29. Slow 1200mV 0C Model Hold: 'clk'
 30. Slow 1200mV 0C Model Minimum Pulse Width: 'clk'
 31. Setup Times
 32. Hold Times
 33. Clock to Output Times
 34. Minimum Clock to Output Times
 35. Propagation Delay
 36. Minimum Propagation Delay
 37. Slow 1200mV 0C Model Metastability Report
 38. Fast 1200mV 0C Model Setup Summary
 39. Fast 1200mV 0C Model Hold Summary
 40. Fast 1200mV 0C Model Recovery Summary
 41. Fast 1200mV 0C Model Removal Summary
 42. Fast 1200mV 0C Model Minimum Pulse Width Summary
 43. Fast 1200mV 0C Model Setup: 'clk'
 44. Fast 1200mV 0C Model Hold: 'clk'
 45. Fast 1200mV 0C Model Minimum Pulse Width: 'clk'
 46. Setup Times
 47. Hold Times
 48. Clock to Output Times
 49. Minimum Clock to Output Times
 50. Propagation Delay
 51. Minimum Propagation Delay
 52. Fast 1200mV 0C Model Metastability Report
 53. Multicorner Timing Analysis Summary
 54. Setup Times
 55. Hold Times
 56. Clock to Output Times
 57. Minimum Clock to Output Times
 58. Propagation Delay
 59. Minimum Propagation Delay
 60. Board Trace Model Assignments
 61. Input Transition Times
 62. Slow Corner Signal Integrity Metrics
 63. Fast Corner Signal Integrity Metrics
 64. Setup Transfers
 65. Hold Transfers
 66. Report TCCS
 67. Report RSKM
 68. Unconstrained Paths
 69. TimeQuest Timing Analyzer Messages



----------------
; Legal Notice ;
----------------
Copyright (C) 1991-2013 Altera Corporation
Your use of Altera Corporation's design tools, logic functions 
and other software and tools, and its AMPP partner logic 
functions, and any output files from any of the foregoing 
(including device programming or simulation files), and any 
associated documentation or information are expressly subject 
to the terms and conditions of the Altera Program License 
Subscription Agreement, Altera MegaCore Function License 
Agreement, or other applicable license agreement, including, 
without limitation, that your use is for the sole purpose of 
programming logic devices manufactured by Altera and sold by 
Altera or its authorized distributors.  Please refer to the 
applicable agreement for further details.



+-------------------------------------------------------------------------+
; TimeQuest Timing Analyzer Summary                                       ;
+--------------------+----------------------------------------------------+
; Quartus II Version ; Version 13.1.0 Build 162 10/23/2013 SJ Web Edition ;
; Revision Name      ; MAQUINA_EXPENDEDORA                                ;
; Device Family      ; Cyclone III                                        ;
; Device Name        ; EP3C16F484C6                                       ;
; Timing Models      ; Final                                              ;
; Delay Model        ; Combined                                           ;
; Rise/Fall Delays   ; Enabled                                            ;
+--------------------+----------------------------------------------------+


+------------------------------------------+
; Parallel Compilation                     ;
+----------------------------+-------------+
; Processors                 ; Number      ;
+----------------------------+-------------+
; Number detected on machine ; 16          ;
; Maximum allowed            ; 16          ;
;                            ;             ;
; Average used               ; 1.00        ;
; Maximum used               ; 16          ;
;                            ;             ;
; Usage by Processor         ; % Time Used ;
;     Processor 1            ; 100.0%      ;
;     Processors 2-16        ; < 0.1%      ;
+----------------------------+-------------+


+---------------------------------------------------------------------------------------------------------------------------------------------------------------------------------+
; Clocks                                                                                                                                                                          ;
+------------+------+--------+------------+-------+-------+------------+-----------+-------------+-------+--------+-----------+------------+----------+--------+--------+---------+
; Clock Name ; Type ; Period ; Frequency  ; Rise  ; Fall  ; Duty Cycle ; Divide by ; Multiply by ; Phase ; Offset ; Edge List ; Edge Shift ; Inverted ; Master ; Source ; Targets ;
+------------+------+--------+------------+-------+-------+------------+-----------+-------------+-------+--------+-----------+------------+----------+--------+--------+---------+
; clk        ; Base ; 1.000  ; 1000.0 MHz ; 0.000 ; 0.500 ;            ;           ;             ;       ;        ;           ;            ;          ;        ;        ; { clk } ;
+------------+------+--------+------------+-------+-------+------------+-----------+-------------+-------+--------+-----------+------------+----------+--------+--------+---------+


+-----------------------------------------------------------------------------------------------------------+
; Slow 1200mV 85C Model Fmax Summary                                                                        ;
+------------+-----------------+------------+---------------------------------------------------------------+
; Fmax       ; Restricted Fmax ; Clock Name ; Note                                                          ;
+------------+-----------------+------------+---------------------------------------------------------------+
; 287.77 MHz ; 250.0 MHz       ; clk        ; limit due to minimum period restriction (max I/O toggle rate) ;
+------------+-----------------+------------+---------------------------------------------------------------+
This panel reports FMAX for every clock in the design, regardless of the user-specified clock periods.  FMAX is only computed for paths where the source and destination registers or ports are driven by the same clock.  Paths of different clocks, including generated clocks, are ignored.  For paths between a clock and its inversion, FMAX is computed as if the rising and falling edges are scaled along with FMAX, such that the duty cycle (in terms of a percentage) is maintained. Altera recommends that you always use clock constraints and other slack reports for sign-off analysis.


----------------------------------
; Timing Closure Recommendations ;
----------------------------------
HTML report is unavailable in plain text report export.


+-------------------------------------+
; Slow 1200mV 85C Model Setup Summary ;
+-------+--------+--------------------+
; Clock ; Slack  ; End Point TNS      ;
+-------+--------+--------------------+
; clk   ; -2.475 ; -123.920           ;
+-------+--------+--------------------+


+------------------------------------+
; Slow 1200mV 85C Model Hold Summary ;
+-------+-------+--------------------+
; Clock ; Slack ; End Point TNS      ;
+-------+-------+--------------------+
; clk   ; 0.344 ; 0.000              ;
+-------+-------+--------------------+


------------------------------------------
; Slow 1200mV 85C Model Recovery Summary ;
------------------------------------------
No paths to report.


-----------------------------------------
; Slow 1200mV 85C Model Removal Summary ;
-----------------------------------------
No paths to report.


+---------------------------------------------------+
; Slow 1200mV 85C Model Minimum Pulse Width Summary ;
+-------+--------+----------------------------------+
; Clock ; Slack  ; End Point TNS                    ;
+-------+--------+----------------------------------+
; clk   ; -3.000 ; -67.000                          ;
+-------+--------+----------------------------------+


+---------------------------------------------------------------------------------------------------------------------------------------------------------------+
; Slow 1200mV 85C Model Setup: 'clk'                                                                                                                            ;
+--------+----------------------------------------+---------------------------------------+--------------+-------------+--------------+------------+------------+
; Slack  ; From Node                              ; To Node                               ; Launch Clock ; Latch Clock ; Relationship ; Clock Skew ; Data Delay ;
+--------+----------------------------------------+---------------------------------------+--------------+-------------+--------------+------------+------------+
; -2.475 ; sumador_saldo:U1_sumador|cnt500[7]     ; sumador_saldo:U1_sumador|lock500      ; clk          ; clk         ; 1.000        ; -0.057     ; 3.413      ;
; -2.459 ; sumador_saldo:U1_sumador|cnt500[6]     ; sumador_saldo:U1_sumador|lock500      ; clk          ; clk         ; 1.000        ; -0.057     ; 3.397      ;
; -2.447 ; sumador_saldo:U1_sumador|cnt500[7]     ; sumador_saldo:U1_sumador|cnt500[2]    ; clk          ; clk         ; 1.000        ; -0.061     ; 3.381      ;
; -2.447 ; sumador_saldo:U1_sumador|cnt500[7]     ; sumador_saldo:U1_sumador|cnt500[0]    ; clk          ; clk         ; 1.000        ; -0.061     ; 3.381      ;
; -2.447 ; sumador_saldo:U1_sumador|cnt500[7]     ; sumador_saldo:U1_sumador|cnt500[1]    ; clk          ; clk         ; 1.000        ; -0.061     ; 3.381      ;
; -2.447 ; sumador_saldo:U1_sumador|cnt500[7]     ; sumador_saldo:U1_sumador|cnt500[3]    ; clk          ; clk         ; 1.000        ; -0.061     ; 3.381      ;
; -2.447 ; sumador_saldo:U1_sumador|cnt500[7]     ; sumador_saldo:U1_sumador|cnt500[4]    ; clk          ; clk         ; 1.000        ; -0.061     ; 3.381      ;
; -2.447 ; sumador_saldo:U1_sumador|cnt500[7]     ; sumador_saldo:U1_sumador|cnt500[5]    ; clk          ; clk         ; 1.000        ; -0.061     ; 3.381      ;
; -2.447 ; sumador_saldo:U1_sumador|cnt500[7]     ; sumador_saldo:U1_sumador|cnt500[6]    ; clk          ; clk         ; 1.000        ; -0.061     ; 3.381      ;
; -2.447 ; sumador_saldo:U1_sumador|cnt500[7]     ; sumador_saldo:U1_sumador|cnt500[7]    ; clk          ; clk         ; 1.000        ; -0.061     ; 3.381      ;
; -2.447 ; sumador_saldo:U1_sumador|cnt500[7]     ; sumador_saldo:U1_sumador|cnt500[9]    ; clk          ; clk         ; 1.000        ; -0.061     ; 3.381      ;
; -2.431 ; sumador_saldo:U1_sumador|cnt500[6]     ; sumador_saldo:U1_sumador|cnt500[2]    ; clk          ; clk         ; 1.000        ; -0.061     ; 3.365      ;
; -2.431 ; sumador_saldo:U1_sumador|cnt500[6]     ; sumador_saldo:U1_sumador|cnt500[0]    ; clk          ; clk         ; 1.000        ; -0.061     ; 3.365      ;
; -2.431 ; sumador_saldo:U1_sumador|cnt500[6]     ; sumador_saldo:U1_sumador|cnt500[1]    ; clk          ; clk         ; 1.000        ; -0.061     ; 3.365      ;
; -2.431 ; sumador_saldo:U1_sumador|cnt500[6]     ; sumador_saldo:U1_sumador|cnt500[3]    ; clk          ; clk         ; 1.000        ; -0.061     ; 3.365      ;
; -2.431 ; sumador_saldo:U1_sumador|cnt500[6]     ; sumador_saldo:U1_sumador|cnt500[4]    ; clk          ; clk         ; 1.000        ; -0.061     ; 3.365      ;
; -2.431 ; sumador_saldo:U1_sumador|cnt500[6]     ; sumador_saldo:U1_sumador|cnt500[5]    ; clk          ; clk         ; 1.000        ; -0.061     ; 3.365      ;
; -2.431 ; sumador_saldo:U1_sumador|cnt500[6]     ; sumador_saldo:U1_sumador|cnt500[6]    ; clk          ; clk         ; 1.000        ; -0.061     ; 3.365      ;
; -2.431 ; sumador_saldo:U1_sumador|cnt500[6]     ; sumador_saldo:U1_sumador|cnt500[7]    ; clk          ; clk         ; 1.000        ; -0.061     ; 3.365      ;
; -2.431 ; sumador_saldo:U1_sumador|cnt500[6]     ; sumador_saldo:U1_sumador|cnt500[9]    ; clk          ; clk         ; 1.000        ; -0.061     ; 3.365      ;
; -2.406 ; sumador_saldo:U1_sumador|cnt500[9]     ; sumador_saldo:U1_sumador|lock500      ; clk          ; clk         ; 1.000        ; -0.057     ; 3.344      ;
; -2.402 ; sumador_saldo:U1_sumador|cnt500[0]     ; sumador_saldo:U1_sumador|lock500      ; clk          ; clk         ; 1.000        ; -0.057     ; 3.340      ;
; -2.397 ; sumador_saldo:U1_sumador|cnt500[3]     ; sumador_saldo:U1_sumador|lock500      ; clk          ; clk         ; 1.000        ; -0.057     ; 3.335      ;
; -2.374 ; sumador_saldo:U1_sumador|cnt500[0]     ; sumador_saldo:U1_sumador|cnt500[2]    ; clk          ; clk         ; 1.000        ; -0.061     ; 3.308      ;
; -2.374 ; sumador_saldo:U1_sumador|cnt500[0]     ; sumador_saldo:U1_sumador|cnt500[0]    ; clk          ; clk         ; 1.000        ; -0.061     ; 3.308      ;
; -2.374 ; sumador_saldo:U1_sumador|cnt500[0]     ; sumador_saldo:U1_sumador|cnt500[1]    ; clk          ; clk         ; 1.000        ; -0.061     ; 3.308      ;
; -2.374 ; sumador_saldo:U1_sumador|cnt500[0]     ; sumador_saldo:U1_sumador|cnt500[3]    ; clk          ; clk         ; 1.000        ; -0.061     ; 3.308      ;
; -2.374 ; sumador_saldo:U1_sumador|cnt500[0]     ; sumador_saldo:U1_sumador|cnt500[4]    ; clk          ; clk         ; 1.000        ; -0.061     ; 3.308      ;
; -2.374 ; sumador_saldo:U1_sumador|cnt500[0]     ; sumador_saldo:U1_sumador|cnt500[5]    ; clk          ; clk         ; 1.000        ; -0.061     ; 3.308      ;
; -2.374 ; sumador_saldo:U1_sumador|cnt500[0]     ; sumador_saldo:U1_sumador|cnt500[6]    ; clk          ; clk         ; 1.000        ; -0.061     ; 3.308      ;
; -2.374 ; sumador_saldo:U1_sumador|cnt500[0]     ; sumador_saldo:U1_sumador|cnt500[7]    ; clk          ; clk         ; 1.000        ; -0.061     ; 3.308      ;
; -2.374 ; sumador_saldo:U1_sumador|cnt500[0]     ; sumador_saldo:U1_sumador|cnt500[9]    ; clk          ; clk         ; 1.000        ; -0.061     ; 3.308      ;
; -2.369 ; sumador_saldo:U1_sumador|cnt500[3]     ; sumador_saldo:U1_sumador|cnt500[2]    ; clk          ; clk         ; 1.000        ; -0.061     ; 3.303      ;
; -2.369 ; sumador_saldo:U1_sumador|cnt500[3]     ; sumador_saldo:U1_sumador|cnt500[0]    ; clk          ; clk         ; 1.000        ; -0.061     ; 3.303      ;
; -2.369 ; sumador_saldo:U1_sumador|cnt500[3]     ; sumador_saldo:U1_sumador|cnt500[1]    ; clk          ; clk         ; 1.000        ; -0.061     ; 3.303      ;
; -2.369 ; sumador_saldo:U1_sumador|cnt500[3]     ; sumador_saldo:U1_sumador|cnt500[3]    ; clk          ; clk         ; 1.000        ; -0.061     ; 3.303      ;
; -2.369 ; sumador_saldo:U1_sumador|cnt500[3]     ; sumador_saldo:U1_sumador|cnt500[4]    ; clk          ; clk         ; 1.000        ; -0.061     ; 3.303      ;
; -2.369 ; sumador_saldo:U1_sumador|cnt500[3]     ; sumador_saldo:U1_sumador|cnt500[5]    ; clk          ; clk         ; 1.000        ; -0.061     ; 3.303      ;
; -2.369 ; sumador_saldo:U1_sumador|cnt500[3]     ; sumador_saldo:U1_sumador|cnt500[6]    ; clk          ; clk         ; 1.000        ; -0.061     ; 3.303      ;
; -2.369 ; sumador_saldo:U1_sumador|cnt500[3]     ; sumador_saldo:U1_sumador|cnt500[7]    ; clk          ; clk         ; 1.000        ; -0.061     ; 3.303      ;
; -2.369 ; sumador_saldo:U1_sumador|cnt500[3]     ; sumador_saldo:U1_sumador|cnt500[9]    ; clk          ; clk         ; 1.000        ; -0.061     ; 3.303      ;
; -2.362 ; sumador_saldo:U1_sumador|cnt500[9]     ; sumador_saldo:U1_sumador|cnt500[2]    ; clk          ; clk         ; 1.000        ; -0.061     ; 3.296      ;
; -2.362 ; sumador_saldo:U1_sumador|cnt500[9]     ; sumador_saldo:U1_sumador|cnt500[0]    ; clk          ; clk         ; 1.000        ; -0.061     ; 3.296      ;
; -2.362 ; sumador_saldo:U1_sumador|cnt500[9]     ; sumador_saldo:U1_sumador|cnt500[1]    ; clk          ; clk         ; 1.000        ; -0.061     ; 3.296      ;
; -2.362 ; sumador_saldo:U1_sumador|cnt500[9]     ; sumador_saldo:U1_sumador|cnt500[3]    ; clk          ; clk         ; 1.000        ; -0.061     ; 3.296      ;
; -2.362 ; sumador_saldo:U1_sumador|cnt500[9]     ; sumador_saldo:U1_sumador|cnt500[4]    ; clk          ; clk         ; 1.000        ; -0.061     ; 3.296      ;
; -2.362 ; sumador_saldo:U1_sumador|cnt500[9]     ; sumador_saldo:U1_sumador|cnt500[5]    ; clk          ; clk         ; 1.000        ; -0.061     ; 3.296      ;
; -2.362 ; sumador_saldo:U1_sumador|cnt500[9]     ; sumador_saldo:U1_sumador|cnt500[6]    ; clk          ; clk         ; 1.000        ; -0.061     ; 3.296      ;
; -2.362 ; sumador_saldo:U1_sumador|cnt500[9]     ; sumador_saldo:U1_sumador|cnt500[7]    ; clk          ; clk         ; 1.000        ; -0.061     ; 3.296      ;
; -2.362 ; sumador_saldo:U1_sumador|cnt500[9]     ; sumador_saldo:U1_sumador|cnt500[9]    ; clk          ; clk         ; 1.000        ; -0.061     ; 3.296      ;
; -2.360 ; sumador_saldo:U1_sumador|cnt500[12]    ; sumador_saldo:U1_sumador|lock500      ; clk          ; clk         ; 1.000        ; -0.061     ; 3.294      ;
; -2.316 ; sumador_saldo:U1_sumador|cnt500[12]    ; sumador_saldo:U1_sumador|cnt500[2]    ; clk          ; clk         ; 1.000        ; -0.065     ; 3.246      ;
; -2.316 ; sumador_saldo:U1_sumador|cnt500[12]    ; sumador_saldo:U1_sumador|cnt500[0]    ; clk          ; clk         ; 1.000        ; -0.065     ; 3.246      ;
; -2.316 ; sumador_saldo:U1_sumador|cnt500[12]    ; sumador_saldo:U1_sumador|cnt500[1]    ; clk          ; clk         ; 1.000        ; -0.065     ; 3.246      ;
; -2.316 ; sumador_saldo:U1_sumador|cnt500[12]    ; sumador_saldo:U1_sumador|cnt500[3]    ; clk          ; clk         ; 1.000        ; -0.065     ; 3.246      ;
; -2.316 ; sumador_saldo:U1_sumador|cnt500[12]    ; sumador_saldo:U1_sumador|cnt500[4]    ; clk          ; clk         ; 1.000        ; -0.065     ; 3.246      ;
; -2.316 ; sumador_saldo:U1_sumador|cnt500[12]    ; sumador_saldo:U1_sumador|cnt500[5]    ; clk          ; clk         ; 1.000        ; -0.065     ; 3.246      ;
; -2.316 ; sumador_saldo:U1_sumador|cnt500[12]    ; sumador_saldo:U1_sumador|cnt500[6]    ; clk          ; clk         ; 1.000        ; -0.065     ; 3.246      ;
; -2.316 ; sumador_saldo:U1_sumador|cnt500[12]    ; sumador_saldo:U1_sumador|cnt500[7]    ; clk          ; clk         ; 1.000        ; -0.065     ; 3.246      ;
; -2.316 ; sumador_saldo:U1_sumador|cnt500[12]    ; sumador_saldo:U1_sumador|cnt500[9]    ; clk          ; clk         ; 1.000        ; -0.065     ; 3.246      ;
; -2.299 ; sumador_saldo:U1_sumador|cnt500[5]     ; sumador_saldo:U1_sumador|lock500      ; clk          ; clk         ; 1.000        ; -0.057     ; 3.237      ;
; -2.272 ; sumador_saldo:U1_sumador|cnt1000[13]   ; sumador_saldo:U1_sumador|cnt1000[15]  ; clk          ; clk         ; 1.000        ; -0.062     ; 3.205      ;
; -2.272 ; sumador_saldo:U1_sumador|cnt1000[13]   ; sumador_saldo:U1_sumador|cnt1000[10]  ; clk          ; clk         ; 1.000        ; -0.062     ; 3.205      ;
; -2.272 ; sumador_saldo:U1_sumador|cnt1000[13]   ; sumador_saldo:U1_sumador|cnt1000[12]  ; clk          ; clk         ; 1.000        ; -0.062     ; 3.205      ;
; -2.272 ; sumador_saldo:U1_sumador|cnt1000[13]   ; sumador_saldo:U1_sumador|cnt1000[13]  ; clk          ; clk         ; 1.000        ; -0.062     ; 3.205      ;
; -2.272 ; sumador_saldo:U1_sumador|cnt1000[13]   ; sumador_saldo:U1_sumador|cnt1000[14]  ; clk          ; clk         ; 1.000        ; -0.062     ; 3.205      ;
; -2.272 ; sumador_saldo:U1_sumador|cnt1000[13]   ; sumador_saldo:U1_sumador|cnt1000[18]  ; clk          ; clk         ; 1.000        ; -0.062     ; 3.205      ;
; -2.272 ; sumador_saldo:U1_sumador|cnt1000[13]   ; sumador_saldo:U1_sumador|cnt1000[16]  ; clk          ; clk         ; 1.000        ; -0.062     ; 3.205      ;
; -2.272 ; sumador_saldo:U1_sumador|cnt1000[13]   ; sumador_saldo:U1_sumador|cnt1000[17]  ; clk          ; clk         ; 1.000        ; -0.062     ; 3.205      ;
; -2.272 ; sumador_saldo:U1_sumador|cnt1000[13]   ; sumador_saldo:U1_sumador|cnt1000[19]  ; clk          ; clk         ; 1.000        ; -0.062     ; 3.205      ;
; -2.271 ; sumador_saldo:U1_sumador|cnt500[5]     ; sumador_saldo:U1_sumador|cnt500[2]    ; clk          ; clk         ; 1.000        ; -0.061     ; 3.205      ;
; -2.271 ; sumador_saldo:U1_sumador|cnt500[5]     ; sumador_saldo:U1_sumador|cnt500[0]    ; clk          ; clk         ; 1.000        ; -0.061     ; 3.205      ;
; -2.271 ; sumador_saldo:U1_sumador|cnt500[5]     ; sumador_saldo:U1_sumador|cnt500[1]    ; clk          ; clk         ; 1.000        ; -0.061     ; 3.205      ;
; -2.271 ; sumador_saldo:U1_sumador|cnt500[5]     ; sumador_saldo:U1_sumador|cnt500[3]    ; clk          ; clk         ; 1.000        ; -0.061     ; 3.205      ;
; -2.271 ; sumador_saldo:U1_sumador|cnt500[5]     ; sumador_saldo:U1_sumador|cnt500[4]    ; clk          ; clk         ; 1.000        ; -0.061     ; 3.205      ;
; -2.271 ; sumador_saldo:U1_sumador|cnt500[5]     ; sumador_saldo:U1_sumador|cnt500[5]    ; clk          ; clk         ; 1.000        ; -0.061     ; 3.205      ;
; -2.271 ; sumador_saldo:U1_sumador|cnt500[5]     ; sumador_saldo:U1_sumador|cnt500[6]    ; clk          ; clk         ; 1.000        ; -0.061     ; 3.205      ;
; -2.271 ; sumador_saldo:U1_sumador|cnt500[5]     ; sumador_saldo:U1_sumador|cnt500[7]    ; clk          ; clk         ; 1.000        ; -0.061     ; 3.205      ;
; -2.271 ; sumador_saldo:U1_sumador|cnt500[5]     ; sumador_saldo:U1_sumador|cnt500[9]    ; clk          ; clk         ; 1.000        ; -0.061     ; 3.205      ;
; -2.264 ; sumador_saldo:U1_sumador|cnt1000[14]   ; sumador_saldo:U1_sumador|cnt1000[15]  ; clk          ; clk         ; 1.000        ; -0.062     ; 3.197      ;
; -2.264 ; sumador_saldo:U1_sumador|cnt1000[14]   ; sumador_saldo:U1_sumador|cnt1000[10]  ; clk          ; clk         ; 1.000        ; -0.062     ; 3.197      ;
; -2.264 ; sumador_saldo:U1_sumador|cnt1000[14]   ; sumador_saldo:U1_sumador|cnt1000[12]  ; clk          ; clk         ; 1.000        ; -0.062     ; 3.197      ;
; -2.264 ; sumador_saldo:U1_sumador|cnt1000[14]   ; sumador_saldo:U1_sumador|cnt1000[13]  ; clk          ; clk         ; 1.000        ; -0.062     ; 3.197      ;
; -2.264 ; sumador_saldo:U1_sumador|cnt1000[14]   ; sumador_saldo:U1_sumador|cnt1000[14]  ; clk          ; clk         ; 1.000        ; -0.062     ; 3.197      ;
; -2.264 ; sumador_saldo:U1_sumador|cnt1000[14]   ; sumador_saldo:U1_sumador|cnt1000[18]  ; clk          ; clk         ; 1.000        ; -0.062     ; 3.197      ;
; -2.264 ; sumador_saldo:U1_sumador|cnt1000[14]   ; sumador_saldo:U1_sumador|cnt1000[16]  ; clk          ; clk         ; 1.000        ; -0.062     ; 3.197      ;
; -2.264 ; sumador_saldo:U1_sumador|cnt1000[14]   ; sumador_saldo:U1_sumador|cnt1000[17]  ; clk          ; clk         ; 1.000        ; -0.062     ; 3.197      ;
; -2.264 ; sumador_saldo:U1_sumador|cnt1000[14]   ; sumador_saldo:U1_sumador|cnt1000[19]  ; clk          ; clk         ; 1.000        ; -0.062     ; 3.197      ;
; -2.248 ; sumador_saldo:U1_sumador|saldo_reg[10] ; sumador_saldo:U1_sumador|saldo_reg[2] ; clk          ; clk         ; 1.000        ; -0.059     ; 3.184      ;
; -2.226 ; sumador_saldo:U1_sumador|cnt500[1]     ; sumador_saldo:U1_sumador|lock500      ; clk          ; clk         ; 1.000        ; -0.057     ; 3.164      ;
; -2.218 ; sumador_saldo:U1_sumador|cnt500[10]    ; sumador_saldo:U1_sumador|lock500      ; clk          ; clk         ; 1.000        ; -0.061     ; 3.152      ;
; -2.209 ; sumador_saldo:U1_sumador|cnt500[4]     ; sumador_saldo:U1_sumador|lock500      ; clk          ; clk         ; 1.000        ; -0.057     ; 3.147      ;
; -2.208 ; sumador_saldo:U1_sumador|cnt500[14]    ; sumador_saldo:U1_sumador|lock500      ; clk          ; clk         ; 1.000        ; -0.061     ; 3.142      ;
; -2.206 ; sumador_saldo:U1_sumador|saldo_reg[5]  ; sumador_saldo:U1_sumador|saldo_reg[2] ; clk          ; clk         ; 1.000        ; -0.060     ; 3.141      ;
; -2.199 ; sumador_saldo:U1_sumador|cnt500[11]    ; sumador_saldo:U1_sumador|lock500      ; clk          ; clk         ; 1.000        ; -0.061     ; 3.133      ;
; -2.198 ; sumador_saldo:U1_sumador|cnt500[1]     ; sumador_saldo:U1_sumador|cnt500[2]    ; clk          ; clk         ; 1.000        ; -0.061     ; 3.132      ;
; -2.198 ; sumador_saldo:U1_sumador|cnt500[1]     ; sumador_saldo:U1_sumador|cnt500[0]    ; clk          ; clk         ; 1.000        ; -0.061     ; 3.132      ;
; -2.198 ; sumador_saldo:U1_sumador|cnt500[1]     ; sumador_saldo:U1_sumador|cnt500[1]    ; clk          ; clk         ; 1.000        ; -0.061     ; 3.132      ;
; -2.198 ; sumador_saldo:U1_sumador|cnt500[1]     ; sumador_saldo:U1_sumador|cnt500[3]    ; clk          ; clk         ; 1.000        ; -0.061     ; 3.132      ;
; -2.198 ; sumador_saldo:U1_sumador|cnt500[1]     ; sumador_saldo:U1_sumador|cnt500[4]    ; clk          ; clk         ; 1.000        ; -0.061     ; 3.132      ;
+--------+----------------------------------------+---------------------------------------+--------------+-------------+--------------+------------+------------+


+-----------------------------------------------------------------------------------------------------------------------------------------------------------------------------------------------------+
; Slow 1200mV 85C Model Hold: 'clk'                                                                                                                                                                   ;
+-------+-----------------------------------------------------------+-----------------------------------------------------------+--------------+-------------+--------------+------------+------------+
; Slack ; From Node                                                 ; To Node                                                   ; Launch Clock ; Latch Clock ; Relationship ; Clock Skew ; Data Delay ;
+-------+-----------------------------------------------------------+-----------------------------------------------------------+--------------+-------------+--------------+------------+------------+
; 0.344 ; fsm_maquina_expendedora:U4_fsm|current_state.ENTREGA      ; fsm_maquina_expendedora:U4_fsm|current_state.ENTREGA      ; clk          ; clk         ; 0.000        ; 0.076      ; 0.577      ;
; 0.344 ; fsm_maquina_expendedora:U4_fsm|current_state.VALIDACION   ; fsm_maquina_expendedora:U4_fsm|current_state.VALIDACION   ; clk          ; clk         ; 0.000        ; 0.076      ; 0.577      ;
; 0.359 ; fsm_maquina_expendedora:U4_fsm|current_state.ESPERA       ; fsm_maquina_expendedora:U4_fsm|current_state.ESPERA       ; clk          ; clk         ; 0.000        ; 0.061      ; 0.577      ;
; 0.359 ; sumador_saldo:U1_sumador|saldo_reg[2]                     ; sumador_saldo:U1_sumador|saldo_reg[2]                     ; clk          ; clk         ; 0.000        ; 0.061      ; 0.577      ;
; 0.378 ; sumador_saldo:U1_sumador|cnt1000[19]                      ; sumador_saldo:U1_sumador|cnt1000[19]                      ; clk          ; clk         ; 0.000        ; 0.062      ; 0.597      ;
; 0.442 ; fsm_maquina_expendedora:U4_fsm|current_state.MONEDAS      ; fsm_maquina_expendedora:U4_fsm|current_state.CAMBIO       ; clk          ; clk         ; 0.000        ; 0.428      ; 1.027      ;
; 0.444 ; fsm_maquina_expendedora:U4_fsm|current_state.MONEDAS      ; fsm_maquina_expendedora:U4_fsm|current_state.VALIDACION   ; clk          ; clk         ; 0.000        ; 0.428      ; 1.029      ;
; 0.533 ; fsm_maquina_expendedora:U4_fsm|current_state.ESPERA       ; fsm_maquina_expendedora:U4_fsm|current_state.CAMBIO       ; clk          ; clk         ; 0.000        ; 0.428      ; 1.118      ;
; 0.536 ; fsm_maquina_expendedora:U4_fsm|current_state.ESPERA       ; fsm_maquina_expendedora:U4_fsm|current_state.VALIDACION   ; clk          ; clk         ; 0.000        ; 0.428      ; 1.121      ;
; 0.557 ; sumador_saldo:U1_sumador|cnt1000[13]                      ; sumador_saldo:U1_sumador|cnt1000[13]                      ; clk          ; clk         ; 0.000        ; 0.062      ; 0.776      ;
; 0.558 ; sumador_saldo:U1_sumador|cnt1000[5]                       ; sumador_saldo:U1_sumador|cnt1000[5]                       ; clk          ; clk         ; 0.000        ; 0.061      ; 0.776      ;
; 0.558 ; sumador_saldo:U1_sumador|cnt1000[7]                       ; sumador_saldo:U1_sumador|cnt1000[7]                       ; clk          ; clk         ; 0.000        ; 0.061      ; 0.776      ;
; 0.558 ; sumador_saldo:U1_sumador|cnt1000[9]                       ; sumador_saldo:U1_sumador|cnt1000[9]                       ; clk          ; clk         ; 0.000        ; 0.061      ; 0.776      ;
; 0.558 ; sumador_saldo:U1_sumador|cnt1000[12]                      ; sumador_saldo:U1_sumador|cnt1000[12]                      ; clk          ; clk         ; 0.000        ; 0.062      ; 0.777      ;
; 0.558 ; sumador_saldo:U1_sumador|cnt1000[16]                      ; sumador_saldo:U1_sumador|cnt1000[16]                      ; clk          ; clk         ; 0.000        ; 0.062      ; 0.777      ;
; 0.558 ; sumador_saldo:U1_sumador|cnt500[10]                       ; sumador_saldo:U1_sumador|cnt500[10]                       ; clk          ; clk         ; 0.000        ; 0.061      ; 0.776      ;
; 0.559 ; sumador_saldo:U1_sumador|cnt1000[15]                      ; sumador_saldo:U1_sumador|cnt1000[15]                      ; clk          ; clk         ; 0.000        ; 0.062      ; 0.778      ;
; 0.559 ; sumador_saldo:U1_sumador|cnt1000[6]                       ; sumador_saldo:U1_sumador|cnt1000[6]                       ; clk          ; clk         ; 0.000        ; 0.061      ; 0.777      ;
; 0.559 ; sumador_saldo:U1_sumador|cnt1000[8]                       ; sumador_saldo:U1_sumador|cnt1000[8]                       ; clk          ; clk         ; 0.000        ; 0.061      ; 0.777      ;
; 0.559 ; sumador_saldo:U1_sumador|cnt500[5]                        ; sumador_saldo:U1_sumador|cnt500[5]                        ; clk          ; clk         ; 0.000        ; 0.061      ; 0.777      ;
; 0.559 ; sumador_saldo:U1_sumador|cnt500[16]                       ; sumador_saldo:U1_sumador|cnt500[16]                       ; clk          ; clk         ; 0.000        ; 0.061      ; 0.777      ;
; 0.560 ; sumador_saldo:U1_sumador|cnt1000[4]                       ; sumador_saldo:U1_sumador|cnt1000[4]                       ; clk          ; clk         ; 0.000        ; 0.061      ; 0.778      ;
; 0.560 ; sumador_saldo:U1_sumador|cnt1000[14]                      ; sumador_saldo:U1_sumador|cnt1000[14]                      ; clk          ; clk         ; 0.000        ; 0.062      ; 0.779      ;
; 0.560 ; sumador_saldo:U1_sumador|cnt1000[18]                      ; sumador_saldo:U1_sumador|cnt1000[18]                      ; clk          ; clk         ; 0.000        ; 0.062      ; 0.779      ;
; 0.560 ; sumador_saldo:U1_sumador|cnt500[6]                        ; sumador_saldo:U1_sumador|cnt500[6]                        ; clk          ; clk         ; 0.000        ; 0.061      ; 0.778      ;
; 0.560 ; sumador_saldo:U1_sumador|cnt500[15]                       ; sumador_saldo:U1_sumador|cnt500[15]                       ; clk          ; clk         ; 0.000        ; 0.061      ; 0.778      ;
; 0.561 ; sumador_saldo:U1_sumador|cnt1000[2]                       ; sumador_saldo:U1_sumador|cnt1000[2]                       ; clk          ; clk         ; 0.000        ; 0.061      ; 0.779      ;
; 0.561 ; sumador_saldo:U1_sumador|cnt500[14]                       ; sumador_saldo:U1_sumador|cnt500[14]                       ; clk          ; clk         ; 0.000        ; 0.061      ; 0.779      ;
; 0.562 ; sumador_saldo:U1_sumador|cnt1000[3]                       ; sumador_saldo:U1_sumador|cnt1000[3]                       ; clk          ; clk         ; 0.000        ; 0.061      ; 0.780      ;
; 0.562 ; sumador_saldo:U1_sumador|cnt500[18]                       ; sumador_saldo:U1_sumador|cnt500[18]                       ; clk          ; clk         ; 0.000        ; 0.061      ; 0.780      ;
; 0.563 ; sumador_saldo:U1_sumador|cnt1000[1]                       ; sumador_saldo:U1_sumador|cnt1000[1]                       ; clk          ; clk         ; 0.000        ; 0.061      ; 0.781      ;
; 0.563 ; sumador_saldo:U1_sumador|cnt1000[17]                      ; sumador_saldo:U1_sumador|cnt1000[17]                      ; clk          ; clk         ; 0.000        ; 0.062      ; 0.782      ;
; 0.563 ; sumador_saldo:U1_sumador|cnt500[1]                        ; sumador_saldo:U1_sumador|cnt500[1]                        ; clk          ; clk         ; 0.000        ; 0.061      ; 0.781      ;
; 0.564 ; sumador_saldo:U1_sumador|cnt500[17]                       ; sumador_saldo:U1_sumador|cnt500[17]                       ; clk          ; clk         ; 0.000        ; 0.061      ; 0.782      ;
; 0.569 ; sumador_saldo:U1_sumador|cnt1000[10]                      ; sumador_saldo:U1_sumador|cnt1000[10]                      ; clk          ; clk         ; 0.000        ; 0.062      ; 0.788      ;
; 0.570 ; sumador_saldo:U1_sumador|cnt500[9]                        ; sumador_saldo:U1_sumador|cnt500[9]                        ; clk          ; clk         ; 0.000        ; 0.061      ; 0.788      ;
; 0.572 ; sumador_saldo:U1_sumador|cnt500[12]                       ; sumador_saldo:U1_sumador|cnt500[12]                       ; clk          ; clk         ; 0.000        ; 0.061      ; 0.790      ;
; 0.577 ; sumador_saldo:U1_sumador|cnt1000[0]                       ; sumador_saldo:U1_sumador|cnt1000[0]                       ; clk          ; clk         ; 0.000        ; 0.061      ; 0.795      ;
; 0.595 ; fsm_maquina_expendedora:U4_fsm|current_state.ESPERA       ; fsm_maquina_expendedora:U4_fsm|current_state.MONEDAS      ; clk          ; clk         ; 0.000        ; 0.061      ; 0.813      ;
; 0.608 ; fsm_maquina_expendedora:U4_fsm|current_state.HAY_ANOMALIA ; fsm_maquina_expendedora:U4_fsm|current_state.ESPERA       ; clk          ; clk         ; 0.000        ; 0.061      ; 0.826      ;
; 0.704 ; sumador_saldo:U1_sumador|cnt500[13]                       ; sumador_saldo:U1_sumador|cnt500[13]                       ; clk          ; clk         ; 0.000        ; 0.061      ; 0.922      ;
; 0.705 ; sumador_saldo:U1_sumador|cnt500[3]                        ; sumador_saldo:U1_sumador|cnt500[3]                        ; clk          ; clk         ; 0.000        ; 0.061      ; 0.923      ;
; 0.705 ; sumador_saldo:U1_sumador|cnt500[11]                       ; sumador_saldo:U1_sumador|cnt500[11]                       ; clk          ; clk         ; 0.000        ; 0.061      ; 0.923      ;
; 0.706 ; sumador_saldo:U1_sumador|cnt500[2]                        ; sumador_saldo:U1_sumador|cnt500[2]                        ; clk          ; clk         ; 0.000        ; 0.061      ; 0.924      ;
; 0.707 ; sumador_saldo:U1_sumador|cnt500[4]                        ; sumador_saldo:U1_sumador|cnt500[4]                        ; clk          ; clk         ; 0.000        ; 0.061      ; 0.925      ;
; 0.708 ; sumador_saldo:U1_sumador|cnt500[7]                        ; sumador_saldo:U1_sumador|cnt500[7]                        ; clk          ; clk         ; 0.000        ; 0.061      ; 0.926      ;
; 0.710 ; sumador_saldo:U1_sumador|saldo_reg[13]                    ; sumador_saldo:U1_sumador|saldo_reg[13]                    ; clk          ; clk         ; 0.000        ; 0.061      ; 0.928      ;
; 0.716 ; sumador_saldo:U1_sumador|cnt500[19]                       ; sumador_saldo:U1_sumador|cnt500[19]                       ; clk          ; clk         ; 0.000        ; 0.061      ; 0.934      ;
; 0.730 ; sumador_saldo:U1_sumador|cnt500[0]                        ; sumador_saldo:U1_sumador|cnt500[0]                        ; clk          ; clk         ; 0.000        ; 0.061      ; 0.948      ;
; 0.777 ; fsm_maquina_expendedora:U4_fsm|current_state.ENTREGA      ; fsm_maquina_expendedora:U4_fsm|current_state.HAY_ANOMALIA ; clk          ; clk         ; 0.000        ; -0.291     ; 0.643      ;
; 0.812 ; fsm_maquina_expendedora:U4_fsm|current_state.ENTREGA      ; fsm_maquina_expendedora:U4_fsm|current_state.CAMBIO       ; clk          ; clk         ; 0.000        ; 0.076      ; 1.045      ;
; 0.828 ; sumador_saldo:U1_sumador|cnt1000[9]                       ; sumador_saldo:U1_sumador|cnt1000[10]                      ; clk          ; clk         ; 0.000        ; 0.065      ; 1.050      ;
; 0.831 ; sumador_saldo:U1_sumador|cnt1000[13]                      ; sumador_saldo:U1_sumador|cnt1000[14]                      ; clk          ; clk         ; 0.000        ; 0.062      ; 1.050      ;
; 0.832 ; sumador_saldo:U1_sumador|cnt1000[5]                       ; sumador_saldo:U1_sumador|cnt1000[6]                       ; clk          ; clk         ; 0.000        ; 0.061      ; 1.050      ;
; 0.832 ; sumador_saldo:U1_sumador|cnt1000[7]                       ; sumador_saldo:U1_sumador|cnt1000[8]                       ; clk          ; clk         ; 0.000        ; 0.061      ; 1.050      ;
; 0.833 ; sumador_saldo:U1_sumador|cnt1000[15]                      ; sumador_saldo:U1_sumador|cnt1000[16]                      ; clk          ; clk         ; 0.000        ; 0.062      ; 1.052      ;
; 0.833 ; sumador_saldo:U1_sumador|cnt500[5]                        ; sumador_saldo:U1_sumador|cnt500[6]                        ; clk          ; clk         ; 0.000        ; 0.061      ; 1.051      ;
; 0.834 ; sumador_saldo:U1_sumador|cnt500[15]                       ; sumador_saldo:U1_sumador|cnt500[16]                       ; clk          ; clk         ; 0.000        ; 0.061      ; 1.052      ;
; 0.834 ; sumador_saldo:U1_sumador|cnt1000[3]                       ; sumador_saldo:U1_sumador|cnt1000[4]                       ; clk          ; clk         ; 0.000        ; 0.061      ; 1.052      ;
; 0.835 ; sumador_saldo:U1_sumador|cnt1000[17]                      ; sumador_saldo:U1_sumador|cnt1000[18]                      ; clk          ; clk         ; 0.000        ; 0.062      ; 1.054      ;
; 0.835 ; sumador_saldo:U1_sumador|cnt1000[1]                       ; sumador_saldo:U1_sumador|cnt1000[2]                       ; clk          ; clk         ; 0.000        ; 0.061      ; 1.053      ;
; 0.835 ; sumador_saldo:U1_sumador|cnt500[1]                        ; sumador_saldo:U1_sumador|cnt500[2]                        ; clk          ; clk         ; 0.000        ; 0.061      ; 1.053      ;
; 0.836 ; sumador_saldo:U1_sumador|cnt500[17]                       ; sumador_saldo:U1_sumador|cnt500[18]                       ; clk          ; clk         ; 0.000        ; 0.061      ; 1.054      ;
; 0.840 ; sumador_saldo:U1_sumador|cnt500[9]                        ; sumador_saldo:U1_sumador|cnt500[10]                       ; clk          ; clk         ; 0.000        ; 0.065      ; 1.062      ;
; 0.846 ; sumador_saldo:U1_sumador|cnt1000[8]                       ; sumador_saldo:U1_sumador|cnt1000[10]                      ; clk          ; clk         ; 0.000        ; 0.065      ; 1.068      ;
; 0.847 ; sumador_saldo:U1_sumador|cnt1000[12]                      ; sumador_saldo:U1_sumador|cnt1000[13]                      ; clk          ; clk         ; 0.000        ; 0.062      ; 1.066      ;
; 0.847 ; sumador_saldo:U1_sumador|cnt1000[0]                       ; sumador_saldo:U1_sumador|cnt1000[1]                       ; clk          ; clk         ; 0.000        ; 0.061      ; 1.065      ;
; 0.847 ; sumador_saldo:U1_sumador|cnt1000[16]                      ; sumador_saldo:U1_sumador|cnt1000[17]                      ; clk          ; clk         ; 0.000        ; 0.062      ; 1.066      ;
; 0.847 ; sumador_saldo:U1_sumador|cnt500[10]                       ; sumador_saldo:U1_sumador|cnt500[11]                       ; clk          ; clk         ; 0.000        ; 0.061      ; 1.065      ;
; 0.848 ; sumador_saldo:U1_sumador|cnt1000[6]                       ; sumador_saldo:U1_sumador|cnt1000[7]                       ; clk          ; clk         ; 0.000        ; 0.061      ; 1.066      ;
; 0.848 ; sumador_saldo:U1_sumador|cnt1000[8]                       ; sumador_saldo:U1_sumador|cnt1000[9]                       ; clk          ; clk         ; 0.000        ; 0.061      ; 1.066      ;
; 0.848 ; sumador_saldo:U1_sumador|cnt500[16]                       ; sumador_saldo:U1_sumador|cnt500[17]                       ; clk          ; clk         ; 0.000        ; 0.061      ; 1.066      ;
; 0.849 ; sumador_saldo:U1_sumador|cnt1000[18]                      ; sumador_saldo:U1_sumador|cnt1000[19]                      ; clk          ; clk         ; 0.000        ; 0.062      ; 1.068      ;
; 0.849 ; sumador_saldo:U1_sumador|cnt500[10]                       ; sumador_saldo:U1_sumador|cnt500[12]                       ; clk          ; clk         ; 0.000        ; 0.061      ; 1.067      ;
; 0.849 ; sumador_saldo:U1_sumador|cnt1000[4]                       ; sumador_saldo:U1_sumador|cnt1000[5]                       ; clk          ; clk         ; 0.000        ; 0.061      ; 1.067      ;
; 0.849 ; sumador_saldo:U1_sumador|cnt1000[14]                      ; sumador_saldo:U1_sumador|cnt1000[15]                      ; clk          ; clk         ; 0.000        ; 0.062      ; 1.068      ;
; 0.849 ; sumador_saldo:U1_sumador|cnt500[6]                        ; sumador_saldo:U1_sumador|cnt500[7]                        ; clk          ; clk         ; 0.000        ; 0.061      ; 1.067      ;
; 0.849 ; sumador_saldo:U1_sumador|cnt1000[12]                      ; sumador_saldo:U1_sumador|cnt1000[14]                      ; clk          ; clk         ; 0.000        ; 0.062      ; 1.068      ;
; 0.849 ; sumador_saldo:U1_sumador|cnt1000[16]                      ; sumador_saldo:U1_sumador|cnt1000[18]                      ; clk          ; clk         ; 0.000        ; 0.062      ; 1.068      ;
; 0.849 ; sumador_saldo:U1_sumador|cnt1000[0]                       ; sumador_saldo:U1_sumador|cnt1000[2]                       ; clk          ; clk         ; 0.000        ; 0.061      ; 1.067      ;
; 0.850 ; sumador_saldo:U1_sumador|cnt1000[2]                       ; sumador_saldo:U1_sumador|cnt1000[3]                       ; clk          ; clk         ; 0.000        ; 0.061      ; 1.068      ;
; 0.850 ; sumador_saldo:U1_sumador|cnt500[14]                       ; sumador_saldo:U1_sumador|cnt500[15]                       ; clk          ; clk         ; 0.000        ; 0.061      ; 1.068      ;
; 0.850 ; sumador_saldo:U1_sumador|cnt1000[6]                       ; sumador_saldo:U1_sumador|cnt1000[8]                       ; clk          ; clk         ; 0.000        ; 0.061      ; 1.068      ;
; 0.850 ; sumador_saldo:U1_sumador|cnt500[16]                       ; sumador_saldo:U1_sumador|cnt500[18]                       ; clk          ; clk         ; 0.000        ; 0.061      ; 1.068      ;
; 0.851 ; sumador_saldo:U1_sumador|cnt500[18]                       ; sumador_saldo:U1_sumador|cnt500[19]                       ; clk          ; clk         ; 0.000        ; 0.061      ; 1.069      ;
; 0.851 ; sumador_saldo:U1_sumador|cnt1000[4]                       ; sumador_saldo:U1_sumador|cnt1000[6]                       ; clk          ; clk         ; 0.000        ; 0.061      ; 1.069      ;
; 0.851 ; sumador_saldo:U1_sumador|cnt1000[14]                      ; sumador_saldo:U1_sumador|cnt1000[16]                      ; clk          ; clk         ; 0.000        ; 0.062      ; 1.070      ;
; 0.852 ; sumador_saldo:U1_sumador|cnt500[14]                       ; sumador_saldo:U1_sumador|cnt500[16]                       ; clk          ; clk         ; 0.000        ; 0.061      ; 1.070      ;
; 0.852 ; sumador_saldo:U1_sumador|cnt1000[2]                       ; sumador_saldo:U1_sumador|cnt1000[4]                       ; clk          ; clk         ; 0.000        ; 0.061      ; 1.070      ;
; 0.860 ; sumador_saldo:U1_sumador|cnt1000[10]                      ; sumador_saldo:U1_sumador|cnt1000[12]                      ; clk          ; clk         ; 0.000        ; 0.062      ; 1.079      ;
; 0.861 ; sumador_saldo:U1_sumador|cnt500[12]                       ; sumador_saldo:U1_sumador|cnt500[13]                       ; clk          ; clk         ; 0.000        ; 0.061      ; 1.079      ;
; 0.863 ; sumador_saldo:U1_sumador|saldo_reg[13]                    ; RESTADOR:U3_restador|cambio_reg[14]                       ; clk          ; clk         ; 0.000        ; 0.431      ; 1.451      ;
; 0.863 ; sumador_saldo:U1_sumador|saldo_reg[10]                    ; sumador_saldo:U1_sumador|saldo_reg[10]                    ; clk          ; clk         ; 0.000        ; 0.061      ; 1.081      ;
; 0.863 ; sumador_saldo:U1_sumador|cnt500[12]                       ; sumador_saldo:U1_sumador|cnt500[14]                       ; clk          ; clk         ; 0.000        ; 0.061      ; 1.081      ;
; 0.864 ; sumador_saldo:U1_sumador|saldo_reg[11]                    ; sumador_saldo:U1_sumador|saldo_reg[11]                    ; clk          ; clk         ; 0.000        ; 0.061      ; 1.082      ;
; 0.881 ; sumador_saldo:U1_sumador|prev1000                         ; sumador_saldo:U1_sumador|saldo_reg[3]                     ; clk          ; clk         ; 0.000        ; 0.061      ; 1.099      ;
; 0.915 ; fsm_maquina_expendedora:U4_fsm|current_state.ENTREGA      ; fsm_maquina_expendedora:U4_fsm|current_state.VALIDACION   ; clk          ; clk         ; 0.000        ; 0.076      ; 1.148      ;
; 0.940 ; sumador_saldo:U1_sumador|cnt1000[7]                       ; sumador_saldo:U1_sumador|cnt1000[10]                      ; clk          ; clk         ; 0.000        ; 0.065      ; 1.162      ;
; 0.940 ; sumador_saldo:U1_sumador|cnt1000[9]                       ; sumador_saldo:U1_sumador|cnt1000[12]                      ; clk          ; clk         ; 0.000        ; 0.065      ; 1.162      ;
; 0.941 ; sumador_saldo:U1_sumador|cnt1000[13]                      ; sumador_saldo:U1_sumador|cnt1000[15]                      ; clk          ; clk         ; 0.000        ; 0.062      ; 1.160      ;
+-------+-----------------------------------------------------------+-----------------------------------------------------------+--------------+-------------+--------------+------------+------------+


+-------------------------------------------------------------------------------------------------------------------------------------------+
; Slow 1200mV 85C Model Minimum Pulse Width: 'clk'                                                                                          ;
+--------+--------------+----------------+-----------------+-------+------------+-----------------------------------------------------------+
; Slack  ; Actual Width ; Required Width ; Type            ; Clock ; Clock Edge ; Target                                                    ;
+--------+--------------+----------------+-----------------+-------+------------+-----------------------------------------------------------+
; -3.000 ; 1.000        ; 4.000          ; Port Rate       ; clk   ; Rise       ; clk                                                       ;
; -1.000 ; 1.000        ; 2.000          ; Min Period      ; clk   ; Rise       ; RESTADOR:U3_restador|cambio_reg[14]                       ;
; -1.000 ; 1.000        ; 2.000          ; Min Period      ; clk   ; Rise       ; fsm_maquina_expendedora:U4_fsm|current_state.CAMBIO       ;
; -1.000 ; 1.000        ; 2.000          ; Min Period      ; clk   ; Rise       ; fsm_maquina_expendedora:U4_fsm|current_state.ENTREGA      ;
; -1.000 ; 1.000        ; 2.000          ; Min Period      ; clk   ; Rise       ; fsm_maquina_expendedora:U4_fsm|current_state.ESPERA       ;
; -1.000 ; 1.000        ; 2.000          ; Min Period      ; clk   ; Rise       ; fsm_maquina_expendedora:U4_fsm|current_state.HAY_ANOMALIA ;
; -1.000 ; 1.000        ; 2.000          ; Min Period      ; clk   ; Rise       ; fsm_maquina_expendedora:U4_fsm|current_state.MONEDAS      ;
; -1.000 ; 1.000        ; 2.000          ; Min Period      ; clk   ; Rise       ; fsm_maquina_expendedora:U4_fsm|current_state.SIN_STOCK    ;
; -1.000 ; 1.000        ; 2.000          ; Min Period      ; clk   ; Rise       ; fsm_maquina_expendedora:U4_fsm|current_state.VALIDACION   ;
; -1.000 ; 1.000        ; 2.000          ; Min Period      ; clk   ; Rise       ; sumador_saldo:U1_sumador|cnt1000[0]                       ;
; -1.000 ; 1.000        ; 2.000          ; Min Period      ; clk   ; Rise       ; sumador_saldo:U1_sumador|cnt1000[10]                      ;
; -1.000 ; 1.000        ; 2.000          ; Min Period      ; clk   ; Rise       ; sumador_saldo:U1_sumador|cnt1000[11]                      ;
; -1.000 ; 1.000        ; 2.000          ; Min Period      ; clk   ; Rise       ; sumador_saldo:U1_sumador|cnt1000[12]                      ;
; -1.000 ; 1.000        ; 2.000          ; Min Period      ; clk   ; Rise       ; sumador_saldo:U1_sumador|cnt1000[13]                      ;
; -1.000 ; 1.000        ; 2.000          ; Min Period      ; clk   ; Rise       ; sumador_saldo:U1_sumador|cnt1000[14]                      ;
; -1.000 ; 1.000        ; 2.000          ; Min Period      ; clk   ; Rise       ; sumador_saldo:U1_sumador|cnt1000[15]                      ;
; -1.000 ; 1.000        ; 2.000          ; Min Period      ; clk   ; Rise       ; sumador_saldo:U1_sumador|cnt1000[16]                      ;
; -1.000 ; 1.000        ; 2.000          ; Min Period      ; clk   ; Rise       ; sumador_saldo:U1_sumador|cnt1000[17]                      ;
; -1.000 ; 1.000        ; 2.000          ; Min Period      ; clk   ; Rise       ; sumador_saldo:U1_sumador|cnt1000[18]                      ;
; -1.000 ; 1.000        ; 2.000          ; Min Period      ; clk   ; Rise       ; sumador_saldo:U1_sumador|cnt1000[19]                      ;
; -1.000 ; 1.000        ; 2.000          ; Min Period      ; clk   ; Rise       ; sumador_saldo:U1_sumador|cnt1000[1]                       ;
; -1.000 ; 1.000        ; 2.000          ; Min Period      ; clk   ; Rise       ; sumador_saldo:U1_sumador|cnt1000[2]                       ;
; -1.000 ; 1.000        ; 2.000          ; Min Period      ; clk   ; Rise       ; sumador_saldo:U1_sumador|cnt1000[3]                       ;
; -1.000 ; 1.000        ; 2.000          ; Min Period      ; clk   ; Rise       ; sumador_saldo:U1_sumador|cnt1000[4]                       ;
; -1.000 ; 1.000        ; 2.000          ; Min Period      ; clk   ; Rise       ; sumador_saldo:U1_sumador|cnt1000[5]                       ;
; -1.000 ; 1.000        ; 2.000          ; Min Period      ; clk   ; Rise       ; sumador_saldo:U1_sumador|cnt1000[6]                       ;
; -1.000 ; 1.000        ; 2.000          ; Min Period      ; clk   ; Rise       ; sumador_saldo:U1_sumador|cnt1000[7]                       ;
; -1.000 ; 1.000        ; 2.000          ; Min Period      ; clk   ; Rise       ; sumador_saldo:U1_sumador|cnt1000[8]                       ;
; -1.000 ; 1.000        ; 2.000          ; Min Period      ; clk   ; Rise       ; sumador_saldo:U1_sumador|cnt1000[9]                       ;
; -1.000 ; 1.000        ; 2.000          ; Min Period      ; clk   ; Rise       ; sumador_saldo:U1_sumador|cnt500[0]                        ;
; -1.000 ; 1.000        ; 2.000          ; Min Period      ; clk   ; Rise       ; sumador_saldo:U1_sumador|cnt500[10]                       ;
; -1.000 ; 1.000        ; 2.000          ; Min Period      ; clk   ; Rise       ; sumador_saldo:U1_sumador|cnt500[11]                       ;
; -1.000 ; 1.000        ; 2.000          ; Min Period      ; clk   ; Rise       ; sumador_saldo:U1_sumador|cnt500[12]                       ;
; -1.000 ; 1.000        ; 2.000          ; Min Period      ; clk   ; Rise       ; sumador_saldo:U1_sumador|cnt500[13]                       ;
; -1.000 ; 1.000        ; 2.000          ; Min Period      ; clk   ; Rise       ; sumador_saldo:U1_sumador|cnt500[14]                       ;
; -1.000 ; 1.000        ; 2.000          ; Min Period      ; clk   ; Rise       ; sumador_saldo:U1_sumador|cnt500[15]                       ;
; -1.000 ; 1.000        ; 2.000          ; Min Period      ; clk   ; Rise       ; sumador_saldo:U1_sumador|cnt500[16]                       ;
; -1.000 ; 1.000        ; 2.000          ; Min Period      ; clk   ; Rise       ; sumador_saldo:U1_sumador|cnt500[17]                       ;
; -1.000 ; 1.000        ; 2.000          ; Min Period      ; clk   ; Rise       ; sumador_saldo:U1_sumador|cnt500[18]                       ;
; -1.000 ; 1.000        ; 2.000          ; Min Period      ; clk   ; Rise       ; sumador_saldo:U1_sumador|cnt500[19]                       ;
; -1.000 ; 1.000        ; 2.000          ; Min Period      ; clk   ; Rise       ; sumador_saldo:U1_sumador|cnt500[1]                        ;
; -1.000 ; 1.000        ; 2.000          ; Min Period      ; clk   ; Rise       ; sumador_saldo:U1_sumador|cnt500[2]                        ;
; -1.000 ; 1.000        ; 2.000          ; Min Period      ; clk   ; Rise       ; sumador_saldo:U1_sumador|cnt500[3]                        ;
; -1.000 ; 1.000        ; 2.000          ; Min Period      ; clk   ; Rise       ; sumador_saldo:U1_sumador|cnt500[4]                        ;
; -1.000 ; 1.000        ; 2.000          ; Min Period      ; clk   ; Rise       ; sumador_saldo:U1_sumador|cnt500[5]                        ;
; -1.000 ; 1.000        ; 2.000          ; Min Period      ; clk   ; Rise       ; sumador_saldo:U1_sumador|cnt500[6]                        ;
; -1.000 ; 1.000        ; 2.000          ; Min Period      ; clk   ; Rise       ; sumador_saldo:U1_sumador|cnt500[7]                        ;
; -1.000 ; 1.000        ; 2.000          ; Min Period      ; clk   ; Rise       ; sumador_saldo:U1_sumador|cnt500[8]                        ;
; -1.000 ; 1.000        ; 2.000          ; Min Period      ; clk   ; Rise       ; sumador_saldo:U1_sumador|cnt500[9]                        ;
; -1.000 ; 1.000        ; 2.000          ; Min Period      ; clk   ; Rise       ; sumador_saldo:U1_sumador|lock1000                         ;
; -1.000 ; 1.000        ; 2.000          ; Min Period      ; clk   ; Rise       ; sumador_saldo:U1_sumador|lock500                          ;
; -1.000 ; 1.000        ; 2.000          ; Min Period      ; clk   ; Rise       ; sumador_saldo:U1_sumador|prev1000                         ;
; -1.000 ; 1.000        ; 2.000          ; Min Period      ; clk   ; Rise       ; sumador_saldo:U1_sumador|prev500                          ;
; -1.000 ; 1.000        ; 2.000          ; Min Period      ; clk   ; Rise       ; sumador_saldo:U1_sumador|saldo_reg[10]                    ;
; -1.000 ; 1.000        ; 2.000          ; Min Period      ; clk   ; Rise       ; sumador_saldo:U1_sumador|saldo_reg[11]                    ;
; -1.000 ; 1.000        ; 2.000          ; Min Period      ; clk   ; Rise       ; sumador_saldo:U1_sumador|saldo_reg[12]                    ;
; -1.000 ; 1.000        ; 2.000          ; Min Period      ; clk   ; Rise       ; sumador_saldo:U1_sumador|saldo_reg[13]                    ;
; -1.000 ; 1.000        ; 2.000          ; Min Period      ; clk   ; Rise       ; sumador_saldo:U1_sumador|saldo_reg[2]                     ;
; -1.000 ; 1.000        ; 2.000          ; Min Period      ; clk   ; Rise       ; sumador_saldo:U1_sumador|saldo_reg[3]                     ;
; -1.000 ; 1.000        ; 2.000          ; Min Period      ; clk   ; Rise       ; sumador_saldo:U1_sumador|saldo_reg[4]                     ;
; -1.000 ; 1.000        ; 2.000          ; Min Period      ; clk   ; Rise       ; sumador_saldo:U1_sumador|saldo_reg[5]                     ;
; -1.000 ; 1.000        ; 2.000          ; Min Period      ; clk   ; Rise       ; sumador_saldo:U1_sumador|saldo_reg[6]                     ;
; -1.000 ; 1.000        ; 2.000          ; Min Period      ; clk   ; Rise       ; sumador_saldo:U1_sumador|saldo_reg[7]                     ;
; -1.000 ; 1.000        ; 2.000          ; Min Period      ; clk   ; Rise       ; sumador_saldo:U1_sumador|saldo_reg[8]                     ;
; -1.000 ; 1.000        ; 2.000          ; Min Period      ; clk   ; Rise       ; sumador_saldo:U1_sumador|saldo_reg[9]                     ;
; 0.170  ; 0.354        ; 0.184          ; Low Pulse Width ; clk   ; Rise       ; RESTADOR:U3_restador|cambio_reg[14]                       ;
; 0.170  ; 0.354        ; 0.184          ; Low Pulse Width ; clk   ; Rise       ; fsm_maquina_expendedora:U4_fsm|current_state.CAMBIO       ;
; 0.170  ; 0.354        ; 0.184          ; Low Pulse Width ; clk   ; Rise       ; fsm_maquina_expendedora:U4_fsm|current_state.ENTREGA      ;
; 0.170  ; 0.354        ; 0.184          ; Low Pulse Width ; clk   ; Rise       ; fsm_maquina_expendedora:U4_fsm|current_state.SIN_STOCK    ;
; 0.170  ; 0.354        ; 0.184          ; Low Pulse Width ; clk   ; Rise       ; fsm_maquina_expendedora:U4_fsm|current_state.VALIDACION   ;
; 0.188  ; 0.372        ; 0.184          ; Low Pulse Width ; clk   ; Rise       ; sumador_saldo:U1_sumador|cnt1000[0]                       ;
; 0.188  ; 0.372        ; 0.184          ; Low Pulse Width ; clk   ; Rise       ; sumador_saldo:U1_sumador|cnt1000[11]                      ;
; 0.188  ; 0.372        ; 0.184          ; Low Pulse Width ; clk   ; Rise       ; sumador_saldo:U1_sumador|cnt1000[1]                       ;
; 0.188  ; 0.372        ; 0.184          ; Low Pulse Width ; clk   ; Rise       ; sumador_saldo:U1_sumador|cnt1000[2]                       ;
; 0.188  ; 0.372        ; 0.184          ; Low Pulse Width ; clk   ; Rise       ; sumador_saldo:U1_sumador|cnt1000[3]                       ;
; 0.188  ; 0.372        ; 0.184          ; Low Pulse Width ; clk   ; Rise       ; sumador_saldo:U1_sumador|cnt1000[4]                       ;
; 0.188  ; 0.372        ; 0.184          ; Low Pulse Width ; clk   ; Rise       ; sumador_saldo:U1_sumador|cnt1000[5]                       ;
; 0.188  ; 0.372        ; 0.184          ; Low Pulse Width ; clk   ; Rise       ; sumador_saldo:U1_sumador|cnt1000[6]                       ;
; 0.188  ; 0.372        ; 0.184          ; Low Pulse Width ; clk   ; Rise       ; sumador_saldo:U1_sumador|cnt1000[7]                       ;
; 0.188  ; 0.372        ; 0.184          ; Low Pulse Width ; clk   ; Rise       ; sumador_saldo:U1_sumador|cnt1000[8]                       ;
; 0.188  ; 0.372        ; 0.184          ; Low Pulse Width ; clk   ; Rise       ; sumador_saldo:U1_sumador|cnt1000[9]                       ;
; 0.188  ; 0.372        ; 0.184          ; Low Pulse Width ; clk   ; Rise       ; sumador_saldo:U1_sumador|cnt500[0]                        ;
; 0.188  ; 0.372        ; 0.184          ; Low Pulse Width ; clk   ; Rise       ; sumador_saldo:U1_sumador|cnt500[1]                        ;
; 0.188  ; 0.372        ; 0.184          ; Low Pulse Width ; clk   ; Rise       ; sumador_saldo:U1_sumador|cnt500[2]                        ;
; 0.188  ; 0.372        ; 0.184          ; Low Pulse Width ; clk   ; Rise       ; sumador_saldo:U1_sumador|cnt500[3]                        ;
; 0.188  ; 0.372        ; 0.184          ; Low Pulse Width ; clk   ; Rise       ; sumador_saldo:U1_sumador|cnt500[4]                        ;
; 0.188  ; 0.372        ; 0.184          ; Low Pulse Width ; clk   ; Rise       ; sumador_saldo:U1_sumador|cnt500[5]                        ;
; 0.188  ; 0.372        ; 0.184          ; Low Pulse Width ; clk   ; Rise       ; sumador_saldo:U1_sumador|cnt500[6]                        ;
; 0.188  ; 0.372        ; 0.184          ; Low Pulse Width ; clk   ; Rise       ; sumador_saldo:U1_sumador|cnt500[7]                        ;
; 0.188  ; 0.372        ; 0.184          ; Low Pulse Width ; clk   ; Rise       ; sumador_saldo:U1_sumador|cnt500[9]                        ;
; 0.189  ; 0.373        ; 0.184          ; Low Pulse Width ; clk   ; Rise       ; fsm_maquina_expendedora:U4_fsm|current_state.ESPERA       ;
; 0.189  ; 0.373        ; 0.184          ; Low Pulse Width ; clk   ; Rise       ; fsm_maquina_expendedora:U4_fsm|current_state.HAY_ANOMALIA ;
; 0.189  ; 0.373        ; 0.184          ; Low Pulse Width ; clk   ; Rise       ; fsm_maquina_expendedora:U4_fsm|current_state.MONEDAS      ;
; 0.189  ; 0.373        ; 0.184          ; Low Pulse Width ; clk   ; Rise       ; sumador_saldo:U1_sumador|cnt1000[10]                      ;
; 0.189  ; 0.373        ; 0.184          ; Low Pulse Width ; clk   ; Rise       ; sumador_saldo:U1_sumador|cnt1000[12]                      ;
; 0.189  ; 0.373        ; 0.184          ; Low Pulse Width ; clk   ; Rise       ; sumador_saldo:U1_sumador|cnt1000[13]                      ;
; 0.189  ; 0.373        ; 0.184          ; Low Pulse Width ; clk   ; Rise       ; sumador_saldo:U1_sumador|cnt1000[14]                      ;
; 0.189  ; 0.373        ; 0.184          ; Low Pulse Width ; clk   ; Rise       ; sumador_saldo:U1_sumador|cnt1000[15]                      ;
; 0.189  ; 0.373        ; 0.184          ; Low Pulse Width ; clk   ; Rise       ; sumador_saldo:U1_sumador|cnt1000[16]                      ;
; 0.189  ; 0.373        ; 0.184          ; Low Pulse Width ; clk   ; Rise       ; sumador_saldo:U1_sumador|cnt1000[17]                      ;
+--------+--------------+----------------+-----------------+-------+------------+-----------------------------------------------------------+


+--------------------------------------------------------------------------+
; Setup Times                                                              ;
+--------------+------------+-------+-------+------------+-----------------+
; Data Port    ; Clock Port ; Rise  ; Fall  ; Clock Edge ; Clock Reference ;
+--------------+------------+-------+-------+------------+-----------------+
; anomalia     ; clk        ; 2.483 ; 2.794 ; Rise       ; clk             ;
; confirmar    ; clk        ; 2.600 ; 2.951 ; Rise       ; clk             ;
; puerta_fin   ; clk        ; 2.327 ; 2.884 ; Rise       ; clk             ;
; sel_prod[*]  ; clk        ; 3.609 ; 4.047 ; Rise       ; clk             ;
;  sel_prod[0] ; clk        ; 3.235 ; 3.732 ; Rise       ; clk             ;
;  sel_prod[1] ; clk        ; 3.578 ; 4.047 ; Rise       ; clk             ;
;  sel_prod[2] ; clk        ; 3.381 ; 3.828 ; Rise       ; clk             ;
;  sel_prod[3] ; clk        ; 3.609 ; 4.041 ; Rise       ; clk             ;
; sw500        ; clk        ; 4.301 ; 4.756 ; Rise       ; clk             ;
; sw1000       ; clk        ; 4.337 ; 4.802 ; Rise       ; clk             ;
+--------------+------------+-------+-------+------------+-----------------+


+----------------------------------------------------------------------------+
; Hold Times                                                                 ;
+--------------+------------+--------+--------+------------+-----------------+
; Data Port    ; Clock Port ; Rise   ; Fall   ; Clock Edge ; Clock Reference ;
+--------------+------------+--------+--------+------------+-----------------+
; anomalia     ; clk        ; -0.911 ; -1.303 ; Rise       ; clk             ;
; confirmar    ; clk        ; -1.714 ; -2.161 ; Rise       ; clk             ;
; puerta_fin   ; clk        ; -1.003 ; -1.432 ; Rise       ; clk             ;
; sel_prod[*]  ; clk        ; -1.876 ; -2.301 ; Rise       ; clk             ;
;  sel_prod[0] ; clk        ; -1.876 ; -2.301 ; Rise       ; clk             ;
;  sel_prod[1] ; clk        ; -2.144 ; -2.579 ; Rise       ; clk             ;
;  sel_prod[2] ; clk        ; -1.956 ; -2.429 ; Rise       ; clk             ;
;  sel_prod[3] ; clk        ; -2.119 ; -2.525 ; Rise       ; clk             ;
; sw500        ; clk        ; -1.496 ; -1.926 ; Rise       ; clk             ;
; sw1000       ; clk        ; -1.639 ; -2.068 ; Rise       ; clk             ;
+--------------+------------+--------+--------+------------+-----------------+


+------------------------------------------------------------------------------+
; Clock to Output Times                                                        ;
+----------------+------------+--------+--------+------------+-----------------+
; Data Port      ; Clock Port ; Rise   ; Fall   ; Clock Edge ; Clock Reference ;
+----------------+------------+--------+--------+------------+-----------------+
; disp0[*]       ; clk        ; 44.737 ; 44.721 ; Rise       ; clk             ;
;  disp0[0]      ; clk        ; 44.248 ; 44.171 ; Rise       ; clk             ;
;  disp0[1]      ; clk        ; 44.259 ; 44.183 ; Rise       ; clk             ;
;  disp0[2]      ; clk        ; 44.709 ; 44.468 ; Rise       ; clk             ;
;  disp0[3]      ; clk        ; 44.737 ; 44.651 ; Rise       ; clk             ;
;  disp0[4]      ; clk        ; 44.547 ; 44.649 ; Rise       ; clk             ;
;  disp0[5]      ; clk        ; 44.518 ; 44.623 ; Rise       ; clk             ;
;  disp0[6]      ; clk        ; 44.479 ; 44.721 ; Rise       ; clk             ;
; disp1[*]       ; clk        ; 20.339 ; 20.248 ; Rise       ; clk             ;
;  disp1[0]      ; clk        ; 19.871 ; 19.800 ; Rise       ; clk             ;
;  disp1[1]      ; clk        ; 19.862 ; 19.789 ; Rise       ; clk             ;
;  disp1[2]      ; clk        ; 20.033 ; 19.955 ; Rise       ; clk             ;
;  disp1[3]      ; clk        ; 19.821 ; 19.746 ; Rise       ; clk             ;
;  disp1[4]      ; clk        ; 19.847 ; 19.768 ; Rise       ; clk             ;
;  disp1[5]      ; clk        ; 20.339 ; 20.248 ; Rise       ; clk             ;
;  disp1[6]      ; clk        ; 20.031 ; 20.089 ; Rise       ; clk             ;
; led_anom       ; clk        ; 5.618  ; 5.643  ; Rise       ; clk             ;
; led_entrega    ; clk        ; 6.282  ; 6.320  ; Rise       ; clk             ;
; led_estado[*]  ; clk        ; 6.524  ; 6.602  ; Rise       ; clk             ;
;  led_estado[0] ; clk        ; 6.497  ; 6.584  ; Rise       ; clk             ;
;  led_estado[1] ; clk        ; 6.524  ; 6.602  ; Rise       ; clk             ;
;  led_estado[2] ; clk        ; 6.480  ; 6.549  ; Rise       ; clk             ;
+----------------+------------+--------+--------+------------+-----------------+


+------------------------------------------------------------------------------+
; Minimum Clock to Output Times                                                ;
+----------------+------------+--------+--------+------------+-----------------+
; Data Port      ; Clock Port ; Rise   ; Fall   ; Clock Edge ; Clock Reference ;
+----------------+------------+--------+--------+------------+-----------------+
; disp0[*]       ; clk        ; 9.490  ; 9.444  ; Rise       ; clk             ;
;  disp0[0]      ; clk        ; 9.490  ; 9.444  ; Rise       ; clk             ;
;  disp0[1]      ; clk        ; 9.500  ; 9.456  ; Rise       ; clk             ;
;  disp0[2]      ; clk        ; 10.014 ; 9.881  ; Rise       ; clk             ;
;  disp0[3]      ; clk        ; 9.960  ; 9.905  ; Rise       ; clk             ;
;  disp0[4]      ; clk        ; 9.959  ; 9.951  ; Rise       ; clk             ;
;  disp0[5]      ; clk        ; 9.929  ; 9.927  ; Rise       ; clk             ;
;  disp0[6]      ; clk        ; 9.891  ; 10.025 ; Rise       ; clk             ;
; disp1[*]       ; clk        ; 8.449  ; 8.412  ; Rise       ; clk             ;
;  disp1[0]      ; clk        ; 8.626  ; 8.593  ; Rise       ; clk             ;
;  disp1[1]      ; clk        ; 8.617  ; 8.628  ; Rise       ; clk             ;
;  disp1[2]      ; clk        ; 8.449  ; 8.412  ; Rise       ; clk             ;
;  disp1[3]      ; clk        ; 8.580  ; 8.543  ; Rise       ; clk             ;
;  disp1[4]      ; clk        ; 8.605  ; 8.621  ; Rise       ; clk             ;
;  disp1[5]      ; clk        ; 9.075  ; 9.013  ; Rise       ; clk             ;
;  disp1[6]      ; clk        ; 8.813  ; 8.847  ; Rise       ; clk             ;
; led_anom       ; clk        ; 5.505  ; 5.528  ; Rise       ; clk             ;
; led_entrega    ; clk        ; 6.142  ; 6.178  ; Rise       ; clk             ;
; led_estado[*]  ; clk        ; 5.850  ; 5.894  ; Rise       ; clk             ;
;  led_estado[0] ; clk        ; 5.870  ; 5.939  ; Rise       ; clk             ;
;  led_estado[1] ; clk        ; 5.908  ; 5.966  ; Rise       ; clk             ;
;  led_estado[2] ; clk        ; 5.850  ; 5.894  ; Rise       ; clk             ;
+----------------+------------+--------+--------+------------+-----------------+


+--------------------------------------------------------------+
; Propagation Delay                                            ;
+-------------+---------------+-------+-------+-------+--------+
; Input Port  ; Output Port   ; RR    ; RF    ; FR    ; FF     ;
+-------------+---------------+-------+-------+-------+--------+
; sel_prod[0] ; alerta_led    ; 7.263 ;       ;       ; 7.653  ;
; sel_prod[0] ; disp2[0]      ; 7.447 ; 7.374 ; 7.935 ; 7.896  ;
; sel_prod[0] ; disp2[1]      ; 7.347 ; 7.302 ; 7.832 ; 7.821  ;
; sel_prod[0] ; disp2[2]      ;       ; 7.165 ; 7.727 ;        ;
; sel_prod[0] ; disp2[3]      ; 7.470 ; 7.389 ; 7.958 ; 7.911  ;
; sel_prod[0] ; disp2[4]      ; 7.437 ;       ;       ; 7.879  ;
; sel_prod[0] ; disp2[5]      ; 7.369 ;       ;       ; 7.840  ;
; sel_prod[0] ; disp2[6]      ; 7.647 ;       ;       ; 8.198  ;
; sel_prod[0] ; stock_leds[0] ;       ; 7.324 ; 7.740 ;        ;
; sel_prod[0] ; stock_leds[1] ;       ; 7.298 ; 7.706 ;        ;
; sel_prod[1] ; alerta_led    ; 7.548 ; 7.514 ; 7.983 ; 7.968  ;
; sel_prod[1] ; disp2[0]      ; 9.385 ; 9.266 ; 9.638 ; 9.542  ;
; sel_prod[1] ; disp2[1]      ; 9.275 ; 9.249 ; 9.528 ; 9.502  ;
; sel_prod[1] ; disp2[2]      ; 9.095 ; 9.092 ; 9.388 ; 9.345  ;
; sel_prod[1] ; disp2[3]      ; 9.407 ; 9.302 ; 9.660 ; 9.556  ;
; sel_prod[1] ; disp2[4]      ; 9.386 ; 9.258 ; 9.639 ; 9.534  ;
; sel_prod[1] ; disp2[5]      ; 9.226 ; 9.247 ; 9.516 ; 9.500  ;
; sel_prod[1] ; disp2[6]      ; 9.567 ; 9.631 ; 9.820 ; 9.884  ;
; sel_prod[1] ; disp3[0]      ; 9.869 ;       ;       ; 10.192 ;
; sel_prod[1] ; disp3[3]      ; 9.638 ;       ;       ; 9.937  ;
; sel_prod[1] ; disp3[4]      ; 9.367 ;       ;       ; 9.674  ;
; sel_prod[1] ; disp3[5]      ; 9.367 ;       ;       ; 9.674  ;
; sel_prod[1] ; stock_leds[0] ; 7.601 ; 7.609 ; 8.055 ; 8.044  ;
; sel_prod[1] ; stock_leds[1] ; 7.567 ; 7.583 ; 8.021 ; 8.018  ;
; sel_prod[2] ; alerta_led    ; 7.342 ; 7.300 ; 7.796 ; 7.788  ;
; sel_prod[2] ; disp2[0]      ; 9.122 ; 9.003 ; 9.601 ; 9.505  ;
; sel_prod[2] ; disp2[1]      ; 9.012 ; 8.986 ; 9.491 ; 9.465  ;
; sel_prod[2] ; disp2[2]      ; 8.832 ; 8.829 ; 9.334 ; 9.308  ;
; sel_prod[2] ; disp2[3]      ; 9.144 ; 9.039 ; 9.623 ; 9.519  ;
; sel_prod[2] ; disp2[4]      ; 9.123 ; 8.995 ; 9.602 ; 9.497  ;
; sel_prod[2] ; disp2[5]      ; 8.963 ; 8.984 ; 9.465 ; 9.463  ;
; sel_prod[2] ; disp2[6]      ; 9.304 ; 9.368 ; 9.783 ; 9.847  ;
; sel_prod[2] ; disp3[0]      ; 9.669 ;       ;       ; 10.229 ;
; sel_prod[2] ; disp3[3]      ; 9.438 ;       ;       ; 9.974  ;
; sel_prod[2] ; disp3[4]      ; 9.167 ;       ;       ; 9.711  ;
; sel_prod[2] ; disp3[5]      ; 9.167 ;       ;       ; 9.711  ;
; sel_prod[2] ; stock_leds[0] ; 7.387 ; 7.403 ; 7.875 ; 7.857  ;
; sel_prod[2] ; stock_leds[1] ; 7.353 ; 7.377 ; 7.841 ; 7.831  ;
; sel_prod[3] ; alerta_led    ; 7.571 ;       ;       ; 7.967  ;
; sel_prod[3] ; disp2[0]      ; 9.312 ; 9.193 ; 9.533 ; 9.437  ;
; sel_prod[3] ; disp2[1]      ; 9.202 ; 9.176 ; 9.423 ; 9.397  ;
; sel_prod[3] ; disp2[2]      ; 9.022 ; 9.019 ; 9.266 ; 9.240  ;
; sel_prod[3] ; disp2[3]      ; 9.334 ; 9.229 ; 9.555 ; 9.451  ;
; sel_prod[3] ; disp2[4]      ; 9.313 ; 9.185 ; 9.534 ; 9.429  ;
; sel_prod[3] ; disp2[5]      ; 9.153 ; 9.174 ; 9.397 ; 9.395  ;
; sel_prod[3] ; disp2[6]      ; 9.494 ; 9.558 ; 9.715 ; 9.779  ;
; sel_prod[3] ; disp3[0]      ; 9.753 ;       ;       ; 10.046 ;
; sel_prod[3] ; disp3[3]      ; 9.522 ;       ;       ; 9.791  ;
; sel_prod[3] ; disp3[4]      ; 9.251 ;       ;       ; 9.528  ;
; sel_prod[3] ; disp3[5]      ; 9.251 ;       ;       ; 9.528  ;
; sel_prod[3] ; stock_leds[0] ;       ; 7.632 ; 8.054 ;        ;
; sel_prod[3] ; stock_leds[1] ;       ; 7.606 ; 8.020 ;        ;
+-------------+---------------+-------+-------+-------+--------+


+-------------------------------------------------------------+
; Minimum Propagation Delay                                   ;
+-------------+---------------+-------+-------+-------+-------+
; Input Port  ; Output Port   ; RR    ; RF    ; FR    ; FF    ;
+-------------+---------------+-------+-------+-------+-------+
; sel_prod[0] ; alerta_led    ; 7.085 ;       ;       ; 7.464 ;
; sel_prod[0] ; disp2[0]      ; 7.254 ; 7.183 ; 7.729 ; 7.690 ;
; sel_prod[0] ; disp2[1]      ; 7.160 ; 7.115 ; 7.631 ; 7.618 ;
; sel_prod[0] ; disp2[2]      ;       ; 6.982 ; 7.529 ;       ;
; sel_prod[0] ; disp2[3]      ; 7.277 ; 7.197 ; 7.751 ; 7.703 ;
; sel_prod[0] ; disp2[4]      ; 7.244 ;       ;       ; 7.672 ;
; sel_prod[0] ; disp2[5]      ; 7.181 ;       ;       ; 7.637 ;
; sel_prod[0] ; disp2[6]      ; 7.445 ;       ;       ; 7.981 ;
; sel_prod[0] ; stock_leds[0] ;       ; 7.145 ; 7.549 ;       ;
; sel_prod[0] ; stock_leds[1] ;       ; 7.120 ; 7.517 ;       ;
; sel_prod[1] ; alerta_led    ; 7.360 ; 7.326 ; 7.782 ; 7.767 ;
; sel_prod[1] ; disp2[0]      ; 7.683 ; 7.669 ; 8.263 ; 8.152 ;
; sel_prod[1] ; disp2[1]      ; 7.592 ; 7.628 ; 8.202 ; 8.089 ;
; sel_prod[1] ; disp2[2]      ; 7.488 ; 7.856 ; 8.369 ; 7.957 ;
; sel_prod[1] ; disp2[3]      ; 7.705 ; 7.682 ; 8.285 ; 8.165 ;
; sel_prod[1] ; disp2[4]      ; 7.681 ; 7.692 ; 8.308 ; 8.153 ;
; sel_prod[1] ; disp2[5]      ; 7.615 ; 8.006 ; 8.496 ; 8.107 ;
; sel_prod[1] ; disp2[6]      ; 7.891 ; 7.972 ; 8.449 ; 8.481 ;
; sel_prod[1] ; disp3[0]      ; 9.330 ;       ;       ; 9.799 ;
; sel_prod[1] ; disp3[3]      ; 9.108 ;       ;       ; 9.555 ;
; sel_prod[1] ; disp3[4]      ; 8.847 ;       ;       ; 9.302 ;
; sel_prod[1] ; disp3[5]      ; 8.847 ;       ;       ; 9.302 ;
; sel_prod[1] ; stock_leds[0] ; 7.411 ; 7.420 ; 7.852 ; 7.842 ;
; sel_prod[1] ; stock_leds[1] ; 7.379 ; 7.395 ; 7.820 ; 7.817 ;
; sel_prod[2] ; alerta_led    ; 7.162 ; 7.121 ; 7.603 ; 7.594 ;
; sel_prod[2] ; disp2[0]      ; 7.658 ; 7.634 ; 8.236 ; 8.125 ;
; sel_prod[2] ; disp2[1]      ; 7.564 ; 8.048 ; 8.496 ; 8.056 ;
; sel_prod[2] ; disp2[2]      ; 7.461 ; 7.472 ; 8.072 ; 7.926 ;
; sel_prod[2] ; disp2[3]      ; 7.681 ; 7.648 ; 8.259 ; 8.139 ;
; sel_prod[2] ; disp2[4]      ; 7.652 ; 8.105 ; 8.584 ; 8.116 ;
; sel_prod[2] ; disp2[5]      ; 7.587 ; 7.586 ; 8.163 ; 8.075 ;
; sel_prod[2] ; disp2[6]      ; 7.859 ; 7.946 ; 8.423 ; 8.454 ;
; sel_prod[2] ; disp3[0]      ; 9.265 ;       ;       ; 9.729 ;
; sel_prod[2] ; disp3[3]      ; 9.043 ;       ;       ; 9.485 ;
; sel_prod[2] ; disp3[4]      ; 8.782 ;       ;       ; 9.232 ;
; sel_prod[2] ; disp3[5]      ; 8.782 ;       ;       ; 9.232 ;
; sel_prod[2] ; stock_leds[0] ; 7.206 ; 7.222 ; 7.679 ; 7.663 ;
; sel_prod[2] ; stock_leds[1] ; 7.174 ; 7.197 ; 7.647 ; 7.638 ;
; sel_prod[3] ; alerta_led    ; 7.358 ;       ;       ; 7.766 ;
; sel_prod[3] ; disp2[0]      ; 7.607 ; 7.540 ; 8.102 ; 8.026 ;
; sel_prod[3] ; disp2[1]      ; 7.514 ; 7.950 ; 8.391 ; 7.957 ;
; sel_prod[3] ; disp2[2]      ; 7.410 ; 7.821 ; 8.287 ; 7.828 ;
; sel_prod[3] ; disp2[3]      ; 7.630 ; 7.554 ; 8.124 ; 8.039 ;
; sel_prod[3] ; disp2[4]      ; 7.602 ; 8.007 ; 8.479 ; 8.014 ;
; sel_prod[3] ; disp2[5]      ; 7.537 ; 7.493 ; 8.030 ; 7.977 ;
; sel_prod[3] ; disp2[6]      ; 7.801 ; 7.859 ; 8.287 ; 8.354 ;
; sel_prod[3] ; disp3[0]      ; 9.220 ;       ;       ; 9.666 ;
; sel_prod[3] ; disp3[3]      ; 8.998 ;       ;       ; 9.422 ;
; sel_prod[3] ; disp3[4]      ; 8.737 ;       ;       ; 9.169 ;
; sel_prod[3] ; disp3[5]      ; 8.737 ;       ;       ; 9.169 ;
; sel_prod[3] ; stock_leds[0] ;       ; 7.418 ; 7.851 ;       ;
; sel_prod[3] ; stock_leds[1] ;       ; 7.393 ; 7.819 ;       ;
+-------------+---------------+-------+-------+-------+-------+


----------------------------------------------
; Slow 1200mV 85C Model Metastability Report ;
----------------------------------------------
No synchronizer chains to report.


+-----------------------------------------------------------------------------------------------------------+
; Slow 1200mV 0C Model Fmax Summary                                                                         ;
+------------+-----------------+------------+---------------------------------------------------------------+
; Fmax       ; Restricted Fmax ; Clock Name ; Note                                                          ;
+------------+-----------------+------------+---------------------------------------------------------------+
; 318.27 MHz ; 250.0 MHz       ; clk        ; limit due to minimum period restriction (max I/O toggle rate) ;
+------------+-----------------+------------+---------------------------------------------------------------+
This panel reports FMAX for every clock in the design, regardless of the user-specified clock periods.  FMAX is only computed for paths where the source and destination registers or ports are driven by the same clock.  Paths of different clocks, including generated clocks, are ignored.  For paths between a clock and its inversion, FMAX is computed as if the rising and falling edges are scaled along with FMAX, such that the duty cycle (in terms of a percentage) is maintained. Altera recommends that you always use clock constraints and other slack reports for sign-off analysis.


+------------------------------------+
; Slow 1200mV 0C Model Setup Summary ;
+-------+--------+-------------------+
; Clock ; Slack  ; End Point TNS     ;
+-------+--------+-------------------+
; clk   ; -2.142 ; -106.148          ;
+-------+--------+-------------------+


+-----------------------------------+
; Slow 1200mV 0C Model Hold Summary ;
+-------+-------+-------------------+
; Clock ; Slack ; End Point TNS     ;
+-------+-------+-------------------+
; clk   ; 0.299 ; 0.000             ;
+-------+-------+-------------------+


-----------------------------------------
; Slow 1200mV 0C Model Recovery Summary ;
-----------------------------------------
No paths to report.


----------------------------------------
; Slow 1200mV 0C Model Removal Summary ;
----------------------------------------
No paths to report.


+--------------------------------------------------+
; Slow 1200mV 0C Model Minimum Pulse Width Summary ;
+-------+--------+---------------------------------+
; Clock ; Slack  ; End Point TNS                   ;
+-------+--------+---------------------------------+
; clk   ; -3.000 ; -67.000                         ;
+-------+--------+---------------------------------+


+------------------------------------------------------------------------------------------------------------------------------------------------------------+
; Slow 1200mV 0C Model Setup: 'clk'                                                                                                                          ;
+--------+--------------------------------------+--------------------------------------+--------------+-------------+--------------+------------+------------+
; Slack  ; From Node                            ; To Node                              ; Launch Clock ; Latch Clock ; Relationship ; Clock Skew ; Data Delay ;
+--------+--------------------------------------+--------------------------------------+--------------+-------------+--------------+------------+------------+
; -2.142 ; sumador_saldo:U1_sumador|cnt500[7]   ; sumador_saldo:U1_sumador|lock500     ; clk          ; clk         ; 1.000        ; -0.051     ; 3.086      ;
; -2.131 ; sumador_saldo:U1_sumador|cnt500[7]   ; sumador_saldo:U1_sumador|cnt500[2]   ; clk          ; clk         ; 1.000        ; -0.054     ; 3.072      ;
; -2.131 ; sumador_saldo:U1_sumador|cnt500[7]   ; sumador_saldo:U1_sumador|cnt500[0]   ; clk          ; clk         ; 1.000        ; -0.054     ; 3.072      ;
; -2.131 ; sumador_saldo:U1_sumador|cnt500[7]   ; sumador_saldo:U1_sumador|cnt500[1]   ; clk          ; clk         ; 1.000        ; -0.054     ; 3.072      ;
; -2.131 ; sumador_saldo:U1_sumador|cnt500[7]   ; sumador_saldo:U1_sumador|cnt500[3]   ; clk          ; clk         ; 1.000        ; -0.054     ; 3.072      ;
; -2.131 ; sumador_saldo:U1_sumador|cnt500[7]   ; sumador_saldo:U1_sumador|cnt500[4]   ; clk          ; clk         ; 1.000        ; -0.054     ; 3.072      ;
; -2.131 ; sumador_saldo:U1_sumador|cnt500[7]   ; sumador_saldo:U1_sumador|cnt500[5]   ; clk          ; clk         ; 1.000        ; -0.054     ; 3.072      ;
; -2.131 ; sumador_saldo:U1_sumador|cnt500[7]   ; sumador_saldo:U1_sumador|cnt500[6]   ; clk          ; clk         ; 1.000        ; -0.054     ; 3.072      ;
; -2.131 ; sumador_saldo:U1_sumador|cnt500[7]   ; sumador_saldo:U1_sumador|cnt500[7]   ; clk          ; clk         ; 1.000        ; -0.054     ; 3.072      ;
; -2.131 ; sumador_saldo:U1_sumador|cnt500[7]   ; sumador_saldo:U1_sumador|cnt500[9]   ; clk          ; clk         ; 1.000        ; -0.054     ; 3.072      ;
; -2.129 ; sumador_saldo:U1_sumador|cnt500[6]   ; sumador_saldo:U1_sumador|lock500     ; clk          ; clk         ; 1.000        ; -0.051     ; 3.073      ;
; -2.118 ; sumador_saldo:U1_sumador|cnt500[6]   ; sumador_saldo:U1_sumador|cnt500[2]   ; clk          ; clk         ; 1.000        ; -0.054     ; 3.059      ;
; -2.118 ; sumador_saldo:U1_sumador|cnt500[6]   ; sumador_saldo:U1_sumador|cnt500[0]   ; clk          ; clk         ; 1.000        ; -0.054     ; 3.059      ;
; -2.118 ; sumador_saldo:U1_sumador|cnt500[6]   ; sumador_saldo:U1_sumador|cnt500[1]   ; clk          ; clk         ; 1.000        ; -0.054     ; 3.059      ;
; -2.118 ; sumador_saldo:U1_sumador|cnt500[6]   ; sumador_saldo:U1_sumador|cnt500[3]   ; clk          ; clk         ; 1.000        ; -0.054     ; 3.059      ;
; -2.118 ; sumador_saldo:U1_sumador|cnt500[6]   ; sumador_saldo:U1_sumador|cnt500[4]   ; clk          ; clk         ; 1.000        ; -0.054     ; 3.059      ;
; -2.118 ; sumador_saldo:U1_sumador|cnt500[6]   ; sumador_saldo:U1_sumador|cnt500[5]   ; clk          ; clk         ; 1.000        ; -0.054     ; 3.059      ;
; -2.118 ; sumador_saldo:U1_sumador|cnt500[6]   ; sumador_saldo:U1_sumador|cnt500[6]   ; clk          ; clk         ; 1.000        ; -0.054     ; 3.059      ;
; -2.118 ; sumador_saldo:U1_sumador|cnt500[6]   ; sumador_saldo:U1_sumador|cnt500[7]   ; clk          ; clk         ; 1.000        ; -0.054     ; 3.059      ;
; -2.118 ; sumador_saldo:U1_sumador|cnt500[6]   ; sumador_saldo:U1_sumador|cnt500[9]   ; clk          ; clk         ; 1.000        ; -0.054     ; 3.059      ;
; -2.091 ; sumador_saldo:U1_sumador|cnt500[9]   ; sumador_saldo:U1_sumador|lock500     ; clk          ; clk         ; 1.000        ; -0.051     ; 3.035      ;
; -2.085 ; sumador_saldo:U1_sumador|cnt500[0]   ; sumador_saldo:U1_sumador|lock500     ; clk          ; clk         ; 1.000        ; -0.051     ; 3.029      ;
; -2.081 ; sumador_saldo:U1_sumador|cnt500[3]   ; sumador_saldo:U1_sumador|lock500     ; clk          ; clk         ; 1.000        ; -0.051     ; 3.025      ;
; -2.074 ; sumador_saldo:U1_sumador|cnt500[0]   ; sumador_saldo:U1_sumador|cnt500[2]   ; clk          ; clk         ; 1.000        ; -0.054     ; 3.015      ;
; -2.074 ; sumador_saldo:U1_sumador|cnt500[0]   ; sumador_saldo:U1_sumador|cnt500[0]   ; clk          ; clk         ; 1.000        ; -0.054     ; 3.015      ;
; -2.074 ; sumador_saldo:U1_sumador|cnt500[0]   ; sumador_saldo:U1_sumador|cnt500[1]   ; clk          ; clk         ; 1.000        ; -0.054     ; 3.015      ;
; -2.074 ; sumador_saldo:U1_sumador|cnt500[0]   ; sumador_saldo:U1_sumador|cnt500[3]   ; clk          ; clk         ; 1.000        ; -0.054     ; 3.015      ;
; -2.074 ; sumador_saldo:U1_sumador|cnt500[0]   ; sumador_saldo:U1_sumador|cnt500[4]   ; clk          ; clk         ; 1.000        ; -0.054     ; 3.015      ;
; -2.074 ; sumador_saldo:U1_sumador|cnt500[0]   ; sumador_saldo:U1_sumador|cnt500[5]   ; clk          ; clk         ; 1.000        ; -0.054     ; 3.015      ;
; -2.074 ; sumador_saldo:U1_sumador|cnt500[0]   ; sumador_saldo:U1_sumador|cnt500[6]   ; clk          ; clk         ; 1.000        ; -0.054     ; 3.015      ;
; -2.074 ; sumador_saldo:U1_sumador|cnt500[0]   ; sumador_saldo:U1_sumador|cnt500[7]   ; clk          ; clk         ; 1.000        ; -0.054     ; 3.015      ;
; -2.074 ; sumador_saldo:U1_sumador|cnt500[0]   ; sumador_saldo:U1_sumador|cnt500[9]   ; clk          ; clk         ; 1.000        ; -0.054     ; 3.015      ;
; -2.070 ; sumador_saldo:U1_sumador|cnt500[3]   ; sumador_saldo:U1_sumador|cnt500[2]   ; clk          ; clk         ; 1.000        ; -0.054     ; 3.011      ;
; -2.070 ; sumador_saldo:U1_sumador|cnt500[3]   ; sumador_saldo:U1_sumador|cnt500[0]   ; clk          ; clk         ; 1.000        ; -0.054     ; 3.011      ;
; -2.070 ; sumador_saldo:U1_sumador|cnt500[3]   ; sumador_saldo:U1_sumador|cnt500[1]   ; clk          ; clk         ; 1.000        ; -0.054     ; 3.011      ;
; -2.070 ; sumador_saldo:U1_sumador|cnt500[3]   ; sumador_saldo:U1_sumador|cnt500[3]   ; clk          ; clk         ; 1.000        ; -0.054     ; 3.011      ;
; -2.070 ; sumador_saldo:U1_sumador|cnt500[3]   ; sumador_saldo:U1_sumador|cnt500[4]   ; clk          ; clk         ; 1.000        ; -0.054     ; 3.011      ;
; -2.070 ; sumador_saldo:U1_sumador|cnt500[3]   ; sumador_saldo:U1_sumador|cnt500[5]   ; clk          ; clk         ; 1.000        ; -0.054     ; 3.011      ;
; -2.070 ; sumador_saldo:U1_sumador|cnt500[3]   ; sumador_saldo:U1_sumador|cnt500[6]   ; clk          ; clk         ; 1.000        ; -0.054     ; 3.011      ;
; -2.070 ; sumador_saldo:U1_sumador|cnt500[3]   ; sumador_saldo:U1_sumador|cnt500[7]   ; clk          ; clk         ; 1.000        ; -0.054     ; 3.011      ;
; -2.070 ; sumador_saldo:U1_sumador|cnt500[3]   ; sumador_saldo:U1_sumador|cnt500[9]   ; clk          ; clk         ; 1.000        ; -0.054     ; 3.011      ;
; -2.056 ; sumador_saldo:U1_sumador|cnt500[12]  ; sumador_saldo:U1_sumador|lock500     ; clk          ; clk         ; 1.000        ; -0.054     ; 2.997      ;
; -2.034 ; sumador_saldo:U1_sumador|cnt500[9]   ; sumador_saldo:U1_sumador|cnt500[2]   ; clk          ; clk         ; 1.000        ; -0.054     ; 2.975      ;
; -2.034 ; sumador_saldo:U1_sumador|cnt500[9]   ; sumador_saldo:U1_sumador|cnt500[0]   ; clk          ; clk         ; 1.000        ; -0.054     ; 2.975      ;
; -2.034 ; sumador_saldo:U1_sumador|cnt500[9]   ; sumador_saldo:U1_sumador|cnt500[1]   ; clk          ; clk         ; 1.000        ; -0.054     ; 2.975      ;
; -2.034 ; sumador_saldo:U1_sumador|cnt500[9]   ; sumador_saldo:U1_sumador|cnt500[3]   ; clk          ; clk         ; 1.000        ; -0.054     ; 2.975      ;
; -2.034 ; sumador_saldo:U1_sumador|cnt500[9]   ; sumador_saldo:U1_sumador|cnt500[4]   ; clk          ; clk         ; 1.000        ; -0.054     ; 2.975      ;
; -2.034 ; sumador_saldo:U1_sumador|cnt500[9]   ; sumador_saldo:U1_sumador|cnt500[5]   ; clk          ; clk         ; 1.000        ; -0.054     ; 2.975      ;
; -2.034 ; sumador_saldo:U1_sumador|cnt500[9]   ; sumador_saldo:U1_sumador|cnt500[6]   ; clk          ; clk         ; 1.000        ; -0.054     ; 2.975      ;
; -2.034 ; sumador_saldo:U1_sumador|cnt500[9]   ; sumador_saldo:U1_sumador|cnt500[7]   ; clk          ; clk         ; 1.000        ; -0.054     ; 2.975      ;
; -2.034 ; sumador_saldo:U1_sumador|cnt500[9]   ; sumador_saldo:U1_sumador|cnt500[9]   ; clk          ; clk         ; 1.000        ; -0.054     ; 2.975      ;
; -1.999 ; sumador_saldo:U1_sumador|cnt500[12]  ; sumador_saldo:U1_sumador|cnt500[2]   ; clk          ; clk         ; 1.000        ; -0.057     ; 2.937      ;
; -1.999 ; sumador_saldo:U1_sumador|cnt500[12]  ; sumador_saldo:U1_sumador|cnt500[0]   ; clk          ; clk         ; 1.000        ; -0.057     ; 2.937      ;
; -1.999 ; sumador_saldo:U1_sumador|cnt500[12]  ; sumador_saldo:U1_sumador|cnt500[1]   ; clk          ; clk         ; 1.000        ; -0.057     ; 2.937      ;
; -1.999 ; sumador_saldo:U1_sumador|cnt500[12]  ; sumador_saldo:U1_sumador|cnt500[3]   ; clk          ; clk         ; 1.000        ; -0.057     ; 2.937      ;
; -1.999 ; sumador_saldo:U1_sumador|cnt500[12]  ; sumador_saldo:U1_sumador|cnt500[4]   ; clk          ; clk         ; 1.000        ; -0.057     ; 2.937      ;
; -1.999 ; sumador_saldo:U1_sumador|cnt500[12]  ; sumador_saldo:U1_sumador|cnt500[5]   ; clk          ; clk         ; 1.000        ; -0.057     ; 2.937      ;
; -1.999 ; sumador_saldo:U1_sumador|cnt500[12]  ; sumador_saldo:U1_sumador|cnt500[6]   ; clk          ; clk         ; 1.000        ; -0.057     ; 2.937      ;
; -1.999 ; sumador_saldo:U1_sumador|cnt500[12]  ; sumador_saldo:U1_sumador|cnt500[7]   ; clk          ; clk         ; 1.000        ; -0.057     ; 2.937      ;
; -1.999 ; sumador_saldo:U1_sumador|cnt500[12]  ; sumador_saldo:U1_sumador|cnt500[9]   ; clk          ; clk         ; 1.000        ; -0.057     ; 2.937      ;
; -1.995 ; sumador_saldo:U1_sumador|cnt500[5]   ; sumador_saldo:U1_sumador|lock500     ; clk          ; clk         ; 1.000        ; -0.051     ; 2.939      ;
; -1.984 ; sumador_saldo:U1_sumador|cnt500[5]   ; sumador_saldo:U1_sumador|cnt500[2]   ; clk          ; clk         ; 1.000        ; -0.054     ; 2.925      ;
; -1.984 ; sumador_saldo:U1_sumador|cnt500[5]   ; sumador_saldo:U1_sumador|cnt500[0]   ; clk          ; clk         ; 1.000        ; -0.054     ; 2.925      ;
; -1.984 ; sumador_saldo:U1_sumador|cnt500[5]   ; sumador_saldo:U1_sumador|cnt500[1]   ; clk          ; clk         ; 1.000        ; -0.054     ; 2.925      ;
; -1.984 ; sumador_saldo:U1_sumador|cnt500[5]   ; sumador_saldo:U1_sumador|cnt500[3]   ; clk          ; clk         ; 1.000        ; -0.054     ; 2.925      ;
; -1.984 ; sumador_saldo:U1_sumador|cnt500[5]   ; sumador_saldo:U1_sumador|cnt500[4]   ; clk          ; clk         ; 1.000        ; -0.054     ; 2.925      ;
; -1.984 ; sumador_saldo:U1_sumador|cnt500[5]   ; sumador_saldo:U1_sumador|cnt500[5]   ; clk          ; clk         ; 1.000        ; -0.054     ; 2.925      ;
; -1.984 ; sumador_saldo:U1_sumador|cnt500[5]   ; sumador_saldo:U1_sumador|cnt500[6]   ; clk          ; clk         ; 1.000        ; -0.054     ; 2.925      ;
; -1.984 ; sumador_saldo:U1_sumador|cnt500[5]   ; sumador_saldo:U1_sumador|cnt500[7]   ; clk          ; clk         ; 1.000        ; -0.054     ; 2.925      ;
; -1.984 ; sumador_saldo:U1_sumador|cnt500[5]   ; sumador_saldo:U1_sumador|cnt500[9]   ; clk          ; clk         ; 1.000        ; -0.054     ; 2.925      ;
; -1.980 ; sumador_saldo:U1_sumador|cnt1000[13] ; sumador_saldo:U1_sumador|cnt1000[15] ; clk          ; clk         ; 1.000        ; -0.054     ; 2.921      ;
; -1.980 ; sumador_saldo:U1_sumador|cnt1000[13] ; sumador_saldo:U1_sumador|cnt1000[10] ; clk          ; clk         ; 1.000        ; -0.054     ; 2.921      ;
; -1.980 ; sumador_saldo:U1_sumador|cnt1000[13] ; sumador_saldo:U1_sumador|cnt1000[12] ; clk          ; clk         ; 1.000        ; -0.054     ; 2.921      ;
; -1.980 ; sumador_saldo:U1_sumador|cnt1000[13] ; sumador_saldo:U1_sumador|cnt1000[13] ; clk          ; clk         ; 1.000        ; -0.054     ; 2.921      ;
; -1.980 ; sumador_saldo:U1_sumador|cnt1000[13] ; sumador_saldo:U1_sumador|cnt1000[14] ; clk          ; clk         ; 1.000        ; -0.054     ; 2.921      ;
; -1.980 ; sumador_saldo:U1_sumador|cnt1000[13] ; sumador_saldo:U1_sumador|cnt1000[18] ; clk          ; clk         ; 1.000        ; -0.054     ; 2.921      ;
; -1.980 ; sumador_saldo:U1_sumador|cnt1000[13] ; sumador_saldo:U1_sumador|cnt1000[16] ; clk          ; clk         ; 1.000        ; -0.054     ; 2.921      ;
; -1.980 ; sumador_saldo:U1_sumador|cnt1000[13] ; sumador_saldo:U1_sumador|cnt1000[17] ; clk          ; clk         ; 1.000        ; -0.054     ; 2.921      ;
; -1.980 ; sumador_saldo:U1_sumador|cnt1000[13] ; sumador_saldo:U1_sumador|cnt1000[19] ; clk          ; clk         ; 1.000        ; -0.054     ; 2.921      ;
; -1.972 ; sumador_saldo:U1_sumador|cnt1000[14] ; sumador_saldo:U1_sumador|cnt1000[15] ; clk          ; clk         ; 1.000        ; -0.054     ; 2.913      ;
; -1.972 ; sumador_saldo:U1_sumador|cnt1000[14] ; sumador_saldo:U1_sumador|cnt1000[10] ; clk          ; clk         ; 1.000        ; -0.054     ; 2.913      ;
; -1.972 ; sumador_saldo:U1_sumador|cnt1000[14] ; sumador_saldo:U1_sumador|cnt1000[12] ; clk          ; clk         ; 1.000        ; -0.054     ; 2.913      ;
; -1.972 ; sumador_saldo:U1_sumador|cnt1000[14] ; sumador_saldo:U1_sumador|cnt1000[13] ; clk          ; clk         ; 1.000        ; -0.054     ; 2.913      ;
; -1.972 ; sumador_saldo:U1_sumador|cnt1000[14] ; sumador_saldo:U1_sumador|cnt1000[14] ; clk          ; clk         ; 1.000        ; -0.054     ; 2.913      ;
; -1.972 ; sumador_saldo:U1_sumador|cnt1000[14] ; sumador_saldo:U1_sumador|cnt1000[18] ; clk          ; clk         ; 1.000        ; -0.054     ; 2.913      ;
; -1.972 ; sumador_saldo:U1_sumador|cnt1000[14] ; sumador_saldo:U1_sumador|cnt1000[16] ; clk          ; clk         ; 1.000        ; -0.054     ; 2.913      ;
; -1.972 ; sumador_saldo:U1_sumador|cnt1000[14] ; sumador_saldo:U1_sumador|cnt1000[17] ; clk          ; clk         ; 1.000        ; -0.054     ; 2.913      ;
; -1.972 ; sumador_saldo:U1_sumador|cnt1000[14] ; sumador_saldo:U1_sumador|cnt1000[19] ; clk          ; clk         ; 1.000        ; -0.054     ; 2.913      ;
; -1.936 ; sumador_saldo:U1_sumador|cnt500[1]   ; sumador_saldo:U1_sumador|lock500     ; clk          ; clk         ; 1.000        ; -0.051     ; 2.880      ;
; -1.925 ; sumador_saldo:U1_sumador|cnt500[1]   ; sumador_saldo:U1_sumador|cnt500[2]   ; clk          ; clk         ; 1.000        ; -0.054     ; 2.866      ;
; -1.925 ; sumador_saldo:U1_sumador|cnt500[1]   ; sumador_saldo:U1_sumador|cnt500[0]   ; clk          ; clk         ; 1.000        ; -0.054     ; 2.866      ;
; -1.925 ; sumador_saldo:U1_sumador|cnt500[1]   ; sumador_saldo:U1_sumador|cnt500[1]   ; clk          ; clk         ; 1.000        ; -0.054     ; 2.866      ;
; -1.925 ; sumador_saldo:U1_sumador|cnt500[1]   ; sumador_saldo:U1_sumador|cnt500[3]   ; clk          ; clk         ; 1.000        ; -0.054     ; 2.866      ;
; -1.925 ; sumador_saldo:U1_sumador|cnt500[1]   ; sumador_saldo:U1_sumador|cnt500[4]   ; clk          ; clk         ; 1.000        ; -0.054     ; 2.866      ;
; -1.925 ; sumador_saldo:U1_sumador|cnt500[1]   ; sumador_saldo:U1_sumador|cnt500[5]   ; clk          ; clk         ; 1.000        ; -0.054     ; 2.866      ;
; -1.925 ; sumador_saldo:U1_sumador|cnt500[1]   ; sumador_saldo:U1_sumador|cnt500[6]   ; clk          ; clk         ; 1.000        ; -0.054     ; 2.866      ;
; -1.925 ; sumador_saldo:U1_sumador|cnt500[1]   ; sumador_saldo:U1_sumador|cnt500[7]   ; clk          ; clk         ; 1.000        ; -0.054     ; 2.866      ;
; -1.925 ; sumador_saldo:U1_sumador|cnt500[1]   ; sumador_saldo:U1_sumador|cnt500[9]   ; clk          ; clk         ; 1.000        ; -0.054     ; 2.866      ;
; -1.912 ; sumador_saldo:U1_sumador|cnt500[10]  ; sumador_saldo:U1_sumador|lock500     ; clk          ; clk         ; 1.000        ; -0.054     ; 2.853      ;
; -1.909 ; sumador_saldo:U1_sumador|cnt500[4]   ; sumador_saldo:U1_sumador|lock500     ; clk          ; clk         ; 1.000        ; -0.051     ; 2.853      ;
+--------+--------------------------------------+--------------------------------------+--------------+-------------+--------------+------------+------------+


+-----------------------------------------------------------------------------------------------------------------------------------------------------------------------------------------------------+
; Slow 1200mV 0C Model Hold: 'clk'                                                                                                                                                                    ;
+-------+-----------------------------------------------------------+-----------------------------------------------------------+--------------+-------------+--------------+------------+------------+
; Slack ; From Node                                                 ; To Node                                                   ; Launch Clock ; Latch Clock ; Relationship ; Clock Skew ; Data Delay ;
+-------+-----------------------------------------------------------+-----------------------------------------------------------+--------------+-------------+--------------+------------+------------+
; 0.299 ; fsm_maquina_expendedora:U4_fsm|current_state.ENTREGA      ; fsm_maquina_expendedora:U4_fsm|current_state.ENTREGA      ; clk          ; clk         ; 0.000        ; 0.068      ; 0.511      ;
; 0.299 ; fsm_maquina_expendedora:U4_fsm|current_state.VALIDACION   ; fsm_maquina_expendedora:U4_fsm|current_state.VALIDACION   ; clk          ; clk         ; 0.000        ; 0.068      ; 0.511      ;
; 0.313 ; fsm_maquina_expendedora:U4_fsm|current_state.ESPERA       ; fsm_maquina_expendedora:U4_fsm|current_state.ESPERA       ; clk          ; clk         ; 0.000        ; 0.054      ; 0.511      ;
; 0.313 ; sumador_saldo:U1_sumador|saldo_reg[2]                     ; sumador_saldo:U1_sumador|saldo_reg[2]                     ; clk          ; clk         ; 0.000        ; 0.054      ; 0.511      ;
; 0.337 ; sumador_saldo:U1_sumador|cnt1000[19]                      ; sumador_saldo:U1_sumador|cnt1000[19]                      ; clk          ; clk         ; 0.000        ; 0.054      ; 0.535      ;
; 0.395 ; fsm_maquina_expendedora:U4_fsm|current_state.MONEDAS      ; fsm_maquina_expendedora:U4_fsm|current_state.CAMBIO       ; clk          ; clk         ; 0.000        ; 0.388      ; 0.927      ;
; 0.398 ; fsm_maquina_expendedora:U4_fsm|current_state.MONEDAS      ; fsm_maquina_expendedora:U4_fsm|current_state.VALIDACION   ; clk          ; clk         ; 0.000        ; 0.388      ; 0.930      ;
; 0.467 ; fsm_maquina_expendedora:U4_fsm|current_state.ESPERA       ; fsm_maquina_expendedora:U4_fsm|current_state.CAMBIO       ; clk          ; clk         ; 0.000        ; 0.388      ; 0.999      ;
; 0.471 ; fsm_maquina_expendedora:U4_fsm|current_state.ESPERA       ; fsm_maquina_expendedora:U4_fsm|current_state.VALIDACION   ; clk          ; clk         ; 0.000        ; 0.388      ; 1.003      ;
; 0.501 ; sumador_saldo:U1_sumador|cnt1000[7]                       ; sumador_saldo:U1_sumador|cnt1000[7]                       ; clk          ; clk         ; 0.000        ; 0.054      ; 0.699      ;
; 0.501 ; sumador_saldo:U1_sumador|cnt1000[9]                       ; sumador_saldo:U1_sumador|cnt1000[9]                       ; clk          ; clk         ; 0.000        ; 0.054      ; 0.699      ;
; 0.501 ; sumador_saldo:U1_sumador|cnt500[5]                        ; sumador_saldo:U1_sumador|cnt500[5]                        ; clk          ; clk         ; 0.000        ; 0.054      ; 0.699      ;
; 0.501 ; sumador_saldo:U1_sumador|cnt500[10]                       ; sumador_saldo:U1_sumador|cnt500[10]                       ; clk          ; clk         ; 0.000        ; 0.054      ; 0.699      ;
; 0.502 ; sumador_saldo:U1_sumador|cnt1000[5]                       ; sumador_saldo:U1_sumador|cnt1000[5]                       ; clk          ; clk         ; 0.000        ; 0.054      ; 0.700      ;
; 0.502 ; sumador_saldo:U1_sumador|cnt1000[6]                       ; sumador_saldo:U1_sumador|cnt1000[6]                       ; clk          ; clk         ; 0.000        ; 0.054      ; 0.700      ;
; 0.502 ; sumador_saldo:U1_sumador|cnt1000[12]                      ; sumador_saldo:U1_sumador|cnt1000[12]                      ; clk          ; clk         ; 0.000        ; 0.054      ; 0.700      ;
; 0.502 ; sumador_saldo:U1_sumador|cnt1000[13]                      ; sumador_saldo:U1_sumador|cnt1000[13]                      ; clk          ; clk         ; 0.000        ; 0.054      ; 0.700      ;
; 0.502 ; sumador_saldo:U1_sumador|cnt500[6]                        ; sumador_saldo:U1_sumador|cnt500[6]                        ; clk          ; clk         ; 0.000        ; 0.054      ; 0.700      ;
; 0.503 ; sumador_saldo:U1_sumador|cnt1000[15]                      ; sumador_saldo:U1_sumador|cnt1000[15]                      ; clk          ; clk         ; 0.000        ; 0.054      ; 0.701      ;
; 0.503 ; sumador_saldo:U1_sumador|cnt1000[2]                       ; sumador_saldo:U1_sumador|cnt1000[2]                       ; clk          ; clk         ; 0.000        ; 0.054      ; 0.701      ;
; 0.503 ; sumador_saldo:U1_sumador|cnt1000[8]                       ; sumador_saldo:U1_sumador|cnt1000[8]                       ; clk          ; clk         ; 0.000        ; 0.054      ; 0.701      ;
; 0.503 ; sumador_saldo:U1_sumador|cnt1000[14]                      ; sumador_saldo:U1_sumador|cnt1000[14]                      ; clk          ; clk         ; 0.000        ; 0.054      ; 0.701      ;
; 0.503 ; sumador_saldo:U1_sumador|cnt1000[16]                      ; sumador_saldo:U1_sumador|cnt1000[16]                      ; clk          ; clk         ; 0.000        ; 0.054      ; 0.701      ;
; 0.503 ; sumador_saldo:U1_sumador|cnt500[15]                       ; sumador_saldo:U1_sumador|cnt500[15]                       ; clk          ; clk         ; 0.000        ; 0.054      ; 0.701      ;
; 0.503 ; sumador_saldo:U1_sumador|cnt500[14]                       ; sumador_saldo:U1_sumador|cnt500[14]                       ; clk          ; clk         ; 0.000        ; 0.054      ; 0.701      ;
; 0.503 ; sumador_saldo:U1_sumador|cnt500[16]                       ; sumador_saldo:U1_sumador|cnt500[16]                       ; clk          ; clk         ; 0.000        ; 0.054      ; 0.701      ;
; 0.504 ; sumador_saldo:U1_sumador|cnt1000[4]                       ; sumador_saldo:U1_sumador|cnt1000[4]                       ; clk          ; clk         ; 0.000        ; 0.054      ; 0.702      ;
; 0.505 ; sumador_saldo:U1_sumador|cnt1000[18]                      ; sumador_saldo:U1_sumador|cnt1000[18]                      ; clk          ; clk         ; 0.000        ; 0.054      ; 0.703      ;
; 0.505 ; sumador_saldo:U1_sumador|cnt500[18]                       ; sumador_saldo:U1_sumador|cnt500[18]                       ; clk          ; clk         ; 0.000        ; 0.054      ; 0.703      ;
; 0.506 ; sumador_saldo:U1_sumador|cnt1000[1]                       ; sumador_saldo:U1_sumador|cnt1000[1]                       ; clk          ; clk         ; 0.000        ; 0.054      ; 0.704      ;
; 0.506 ; sumador_saldo:U1_sumador|cnt1000[3]                       ; sumador_saldo:U1_sumador|cnt1000[3]                       ; clk          ; clk         ; 0.000        ; 0.054      ; 0.704      ;
; 0.506 ; sumador_saldo:U1_sumador|cnt500[1]                        ; sumador_saldo:U1_sumador|cnt500[1]                        ; clk          ; clk         ; 0.000        ; 0.054      ; 0.704      ;
; 0.507 ; sumador_saldo:U1_sumador|cnt1000[17]                      ; sumador_saldo:U1_sumador|cnt1000[17]                      ; clk          ; clk         ; 0.000        ; 0.054      ; 0.705      ;
; 0.507 ; sumador_saldo:U1_sumador|cnt500[17]                       ; sumador_saldo:U1_sumador|cnt500[17]                       ; clk          ; clk         ; 0.000        ; 0.054      ; 0.705      ;
; 0.512 ; sumador_saldo:U1_sumador|cnt500[9]                        ; sumador_saldo:U1_sumador|cnt500[9]                        ; clk          ; clk         ; 0.000        ; 0.054      ; 0.710      ;
; 0.513 ; sumador_saldo:U1_sumador|cnt1000[10]                      ; sumador_saldo:U1_sumador|cnt1000[10]                      ; clk          ; clk         ; 0.000        ; 0.054      ; 0.711      ;
; 0.514 ; sumador_saldo:U1_sumador|cnt500[12]                       ; sumador_saldo:U1_sumador|cnt500[12]                       ; clk          ; clk         ; 0.000        ; 0.054      ; 0.712      ;
; 0.518 ; sumador_saldo:U1_sumador|cnt1000[0]                       ; sumador_saldo:U1_sumador|cnt1000[0]                       ; clk          ; clk         ; 0.000        ; 0.054      ; 0.716      ;
; 0.528 ; fsm_maquina_expendedora:U4_fsm|current_state.ESPERA       ; fsm_maquina_expendedora:U4_fsm|current_state.MONEDAS      ; clk          ; clk         ; 0.000        ; 0.054      ; 0.726      ;
; 0.543 ; fsm_maquina_expendedora:U4_fsm|current_state.HAY_ANOMALIA ; fsm_maquina_expendedora:U4_fsm|current_state.ESPERA       ; clk          ; clk         ; 0.000        ; 0.054      ; 0.741      ;
; 0.636 ; sumador_saldo:U1_sumador|saldo_reg[13]                    ; sumador_saldo:U1_sumador|saldo_reg[13]                    ; clk          ; clk         ; 0.000        ; 0.054      ; 0.834      ;
; 0.639 ; sumador_saldo:U1_sumador|cnt500[13]                       ; sumador_saldo:U1_sumador|cnt500[13]                       ; clk          ; clk         ; 0.000        ; 0.054      ; 0.837      ;
; 0.640 ; sumador_saldo:U1_sumador|cnt500[11]                       ; sumador_saldo:U1_sumador|cnt500[11]                       ; clk          ; clk         ; 0.000        ; 0.054      ; 0.838      ;
; 0.645 ; sumador_saldo:U1_sumador|cnt500[2]                        ; sumador_saldo:U1_sumador|cnt500[2]                        ; clk          ; clk         ; 0.000        ; 0.054      ; 0.843      ;
; 0.645 ; sumador_saldo:U1_sumador|cnt500[4]                        ; sumador_saldo:U1_sumador|cnt500[4]                        ; clk          ; clk         ; 0.000        ; 0.054      ; 0.843      ;
; 0.647 ; sumador_saldo:U1_sumador|cnt500[3]                        ; sumador_saldo:U1_sumador|cnt500[3]                        ; clk          ; clk         ; 0.000        ; 0.054      ; 0.845      ;
; 0.650 ; sumador_saldo:U1_sumador|cnt500[7]                        ; sumador_saldo:U1_sumador|cnt500[7]                        ; clk          ; clk         ; 0.000        ; 0.054      ; 0.848      ;
; 0.657 ; sumador_saldo:U1_sumador|cnt500[19]                       ; sumador_saldo:U1_sumador|cnt500[19]                       ; clk          ; clk         ; 0.000        ; 0.054      ; 0.855      ;
; 0.667 ; sumador_saldo:U1_sumador|cnt500[0]                        ; sumador_saldo:U1_sumador|cnt500[0]                        ; clk          ; clk         ; 0.000        ; 0.054      ; 0.865      ;
; 0.706 ; fsm_maquina_expendedora:U4_fsm|current_state.ENTREGA      ; fsm_maquina_expendedora:U4_fsm|current_state.HAY_ANOMALIA ; clk          ; clk         ; 0.000        ; -0.266     ; 0.584      ;
; 0.737 ; fsm_maquina_expendedora:U4_fsm|current_state.ENTREGA      ; fsm_maquina_expendedora:U4_fsm|current_state.CAMBIO       ; clk          ; clk         ; 0.000        ; 0.068      ; 0.949      ;
; 0.741 ; sumador_saldo:U1_sumador|cnt1000[9]                       ; sumador_saldo:U1_sumador|cnt1000[10]                      ; clk          ; clk         ; 0.000        ; 0.057      ; 0.942      ;
; 0.744 ; sumador_saldo:U1_sumador|cnt500[5]                        ; sumador_saldo:U1_sumador|cnt500[6]                        ; clk          ; clk         ; 0.000        ; 0.054      ; 0.942      ;
; 0.744 ; sumador_saldo:U1_sumador|cnt1000[7]                       ; sumador_saldo:U1_sumador|cnt1000[8]                       ; clk          ; clk         ; 0.000        ; 0.054      ; 0.942      ;
; 0.745 ; sumador_saldo:U1_sumador|cnt1000[5]                       ; sumador_saldo:U1_sumador|cnt1000[6]                       ; clk          ; clk         ; 0.000        ; 0.054      ; 0.943      ;
; 0.745 ; sumador_saldo:U1_sumador|cnt1000[13]                      ; sumador_saldo:U1_sumador|cnt1000[14]                      ; clk          ; clk         ; 0.000        ; 0.054      ; 0.943      ;
; 0.746 ; sumador_saldo:U1_sumador|cnt1000[15]                      ; sumador_saldo:U1_sumador|cnt1000[16]                      ; clk          ; clk         ; 0.000        ; 0.054      ; 0.944      ;
; 0.746 ; sumador_saldo:U1_sumador|cnt500[15]                       ; sumador_saldo:U1_sumador|cnt500[16]                       ; clk          ; clk         ; 0.000        ; 0.054      ; 0.944      ;
; 0.749 ; sumador_saldo:U1_sumador|cnt1000[1]                       ; sumador_saldo:U1_sumador|cnt1000[2]                       ; clk          ; clk         ; 0.000        ; 0.054      ; 0.947      ;
; 0.749 ; sumador_saldo:U1_sumador|cnt1000[3]                       ; sumador_saldo:U1_sumador|cnt1000[4]                       ; clk          ; clk         ; 0.000        ; 0.054      ; 0.947      ;
; 0.749 ; sumador_saldo:U1_sumador|cnt500[1]                        ; sumador_saldo:U1_sumador|cnt500[2]                        ; clk          ; clk         ; 0.000        ; 0.054      ; 0.947      ;
; 0.750 ; sumador_saldo:U1_sumador|cnt1000[17]                      ; sumador_saldo:U1_sumador|cnt1000[18]                      ; clk          ; clk         ; 0.000        ; 0.054      ; 0.948      ;
; 0.750 ; sumador_saldo:U1_sumador|cnt500[17]                       ; sumador_saldo:U1_sumador|cnt500[18]                       ; clk          ; clk         ; 0.000        ; 0.054      ; 0.948      ;
; 0.752 ; sumador_saldo:U1_sumador|cnt500[9]                        ; sumador_saldo:U1_sumador|cnt500[10]                       ; clk          ; clk         ; 0.000        ; 0.057      ; 0.953      ;
; 0.752 ; sumador_saldo:U1_sumador|cnt1000[0]                       ; sumador_saldo:U1_sumador|cnt1000[1]                       ; clk          ; clk         ; 0.000        ; 0.054      ; 0.950      ;
; 0.752 ; sumador_saldo:U1_sumador|cnt500[10]                       ; sumador_saldo:U1_sumador|cnt500[11]                       ; clk          ; clk         ; 0.000        ; 0.054      ; 0.950      ;
; 0.753 ; sumador_saldo:U1_sumador|cnt1000[6]                       ; sumador_saldo:U1_sumador|cnt1000[7]                       ; clk          ; clk         ; 0.000        ; 0.054      ; 0.951      ;
; 0.753 ; sumador_saldo:U1_sumador|cnt1000[12]                      ; sumador_saldo:U1_sumador|cnt1000[13]                      ; clk          ; clk         ; 0.000        ; 0.054      ; 0.951      ;
; 0.753 ; sumador_saldo:U1_sumador|cnt1000[16]                      ; sumador_saldo:U1_sumador|cnt1000[17]                      ; clk          ; clk         ; 0.000        ; 0.054      ; 0.951      ;
; 0.753 ; sumador_saldo:U1_sumador|cnt500[16]                       ; sumador_saldo:U1_sumador|cnt500[17]                       ; clk          ; clk         ; 0.000        ; 0.054      ; 0.951      ;
; 0.753 ; sumador_saldo:U1_sumador|cnt500[6]                        ; sumador_saldo:U1_sumador|cnt500[7]                        ; clk          ; clk         ; 0.000        ; 0.054      ; 0.951      ;
; 0.754 ; sumador_saldo:U1_sumador|cnt1000[8]                       ; sumador_saldo:U1_sumador|cnt1000[9]                       ; clk          ; clk         ; 0.000        ; 0.054      ; 0.952      ;
; 0.754 ; sumador_saldo:U1_sumador|cnt1000[14]                      ; sumador_saldo:U1_sumador|cnt1000[15]                      ; clk          ; clk         ; 0.000        ; 0.054      ; 0.952      ;
; 0.754 ; sumador_saldo:U1_sumador|cnt1000[2]                       ; sumador_saldo:U1_sumador|cnt1000[3]                       ; clk          ; clk         ; 0.000        ; 0.054      ; 0.952      ;
; 0.754 ; sumador_saldo:U1_sumador|cnt500[14]                       ; sumador_saldo:U1_sumador|cnt500[15]                       ; clk          ; clk         ; 0.000        ; 0.054      ; 0.952      ;
; 0.755 ; sumador_saldo:U1_sumador|cnt1000[4]                       ; sumador_saldo:U1_sumador|cnt1000[5]                       ; clk          ; clk         ; 0.000        ; 0.054      ; 0.953      ;
; 0.756 ; sumador_saldo:U1_sumador|cnt1000[18]                      ; sumador_saldo:U1_sumador|cnt1000[19]                      ; clk          ; clk         ; 0.000        ; 0.054      ; 0.954      ;
; 0.756 ; sumador_saldo:U1_sumador|cnt500[18]                       ; sumador_saldo:U1_sumador|cnt500[19]                       ; clk          ; clk         ; 0.000        ; 0.054      ; 0.954      ;
; 0.758 ; sumador_saldo:U1_sumador|cnt1000[8]                       ; sumador_saldo:U1_sumador|cnt1000[10]                      ; clk          ; clk         ; 0.000        ; 0.057      ; 0.959      ;
; 0.759 ; sumador_saldo:U1_sumador|cnt500[10]                       ; sumador_saldo:U1_sumador|cnt500[12]                       ; clk          ; clk         ; 0.000        ; 0.054      ; 0.957      ;
; 0.759 ; sumador_saldo:U1_sumador|cnt1000[0]                       ; sumador_saldo:U1_sumador|cnt1000[2]                       ; clk          ; clk         ; 0.000        ; 0.054      ; 0.957      ;
; 0.760 ; sumador_saldo:U1_sumador|cnt1000[6]                       ; sumador_saldo:U1_sumador|cnt1000[8]                       ; clk          ; clk         ; 0.000        ; 0.054      ; 0.958      ;
; 0.760 ; sumador_saldo:U1_sumador|cnt1000[12]                      ; sumador_saldo:U1_sumador|cnt1000[14]                      ; clk          ; clk         ; 0.000        ; 0.054      ; 0.958      ;
; 0.760 ; sumador_saldo:U1_sumador|cnt1000[16]                      ; sumador_saldo:U1_sumador|cnt1000[18]                      ; clk          ; clk         ; 0.000        ; 0.054      ; 0.958      ;
; 0.760 ; sumador_saldo:U1_sumador|cnt500[16]                       ; sumador_saldo:U1_sumador|cnt500[18]                       ; clk          ; clk         ; 0.000        ; 0.054      ; 0.958      ;
; 0.761 ; sumador_saldo:U1_sumador|cnt1000[14]                      ; sumador_saldo:U1_sumador|cnt1000[16]                      ; clk          ; clk         ; 0.000        ; 0.054      ; 0.959      ;
; 0.761 ; sumador_saldo:U1_sumador|cnt500[14]                       ; sumador_saldo:U1_sumador|cnt500[16]                       ; clk          ; clk         ; 0.000        ; 0.054      ; 0.959      ;
; 0.761 ; sumador_saldo:U1_sumador|cnt1000[2]                       ; sumador_saldo:U1_sumador|cnt1000[4]                       ; clk          ; clk         ; 0.000        ; 0.054      ; 0.959      ;
; 0.762 ; sumador_saldo:U1_sumador|cnt1000[4]                       ; sumador_saldo:U1_sumador|cnt1000[6]                       ; clk          ; clk         ; 0.000        ; 0.054      ; 0.960      ;
; 0.765 ; sumador_saldo:U1_sumador|cnt500[12]                       ; sumador_saldo:U1_sumador|cnt500[13]                       ; clk          ; clk         ; 0.000        ; 0.054      ; 0.963      ;
; 0.771 ; sumador_saldo:U1_sumador|cnt1000[10]                      ; sumador_saldo:U1_sumador|cnt1000[12]                      ; clk          ; clk         ; 0.000        ; 0.054      ; 0.969      ;
; 0.772 ; sumador_saldo:U1_sumador|cnt500[12]                       ; sumador_saldo:U1_sumador|cnt500[14]                       ; clk          ; clk         ; 0.000        ; 0.054      ; 0.970      ;
; 0.780 ; sumador_saldo:U1_sumador|saldo_reg[10]                    ; sumador_saldo:U1_sumador|saldo_reg[10]                    ; clk          ; clk         ; 0.000        ; 0.054      ; 0.978      ;
; 0.782 ; sumador_saldo:U1_sumador|saldo_reg[11]                    ; sumador_saldo:U1_sumador|saldo_reg[11]                    ; clk          ; clk         ; 0.000        ; 0.054      ; 0.980      ;
; 0.785 ; sumador_saldo:U1_sumador|saldo_reg[13]                    ; RESTADOR:U3_restador|cambio_reg[14]                       ; clk          ; clk         ; 0.000        ; 0.390      ; 1.319      ;
; 0.797 ; sumador_saldo:U1_sumador|prev1000                         ; sumador_saldo:U1_sumador|saldo_reg[3]                     ; clk          ; clk         ; 0.000        ; 0.054      ; 0.995      ;
; 0.820 ; fsm_maquina_expendedora:U4_fsm|current_state.ENTREGA      ; fsm_maquina_expendedora:U4_fsm|current_state.VALIDACION   ; clk          ; clk         ; 0.000        ; 0.068      ; 1.032      ;
; 0.833 ; sumador_saldo:U1_sumador|cnt500[5]                        ; sumador_saldo:U1_sumador|cnt500[7]                        ; clk          ; clk         ; 0.000        ; 0.054      ; 1.031      ;
; 0.833 ; sumador_saldo:U1_sumador|cnt1000[7]                       ; sumador_saldo:U1_sumador|cnt1000[9]                       ; clk          ; clk         ; 0.000        ; 0.054      ; 1.031      ;
; 0.834 ; sumador_saldo:U1_sumador|cnt1000[5]                       ; sumador_saldo:U1_sumador|cnt1000[7]                       ; clk          ; clk         ; 0.000        ; 0.054      ; 1.032      ;
+-------+-----------------------------------------------------------+-----------------------------------------------------------+--------------+-------------+--------------+------------+------------+


+-------------------------------------------------------------------------------------------------------------------------------------------+
; Slow 1200mV 0C Model Minimum Pulse Width: 'clk'                                                                                           ;
+--------+--------------+----------------+-----------------+-------+------------+-----------------------------------------------------------+
; Slack  ; Actual Width ; Required Width ; Type            ; Clock ; Clock Edge ; Target                                                    ;
+--------+--------------+----------------+-----------------+-------+------------+-----------------------------------------------------------+
; -3.000 ; 1.000        ; 4.000          ; Port Rate       ; clk   ; Rise       ; clk                                                       ;
; -1.000 ; 1.000        ; 2.000          ; Min Period      ; clk   ; Rise       ; RESTADOR:U3_restador|cambio_reg[14]                       ;
; -1.000 ; 1.000        ; 2.000          ; Min Period      ; clk   ; Rise       ; fsm_maquina_expendedora:U4_fsm|current_state.CAMBIO       ;
; -1.000 ; 1.000        ; 2.000          ; Min Period      ; clk   ; Rise       ; fsm_maquina_expendedora:U4_fsm|current_state.ENTREGA      ;
; -1.000 ; 1.000        ; 2.000          ; Min Period      ; clk   ; Rise       ; fsm_maquina_expendedora:U4_fsm|current_state.ESPERA       ;
; -1.000 ; 1.000        ; 2.000          ; Min Period      ; clk   ; Rise       ; fsm_maquina_expendedora:U4_fsm|current_state.HAY_ANOMALIA ;
; -1.000 ; 1.000        ; 2.000          ; Min Period      ; clk   ; Rise       ; fsm_maquina_expendedora:U4_fsm|current_state.MONEDAS      ;
; -1.000 ; 1.000        ; 2.000          ; Min Period      ; clk   ; Rise       ; fsm_maquina_expendedora:U4_fsm|current_state.SIN_STOCK    ;
; -1.000 ; 1.000        ; 2.000          ; Min Period      ; clk   ; Rise       ; fsm_maquina_expendedora:U4_fsm|current_state.VALIDACION   ;
; -1.000 ; 1.000        ; 2.000          ; Min Period      ; clk   ; Rise       ; sumador_saldo:U1_sumador|cnt1000[0]                       ;
; -1.000 ; 1.000        ; 2.000          ; Min Period      ; clk   ; Rise       ; sumador_saldo:U1_sumador|cnt1000[10]                      ;
; -1.000 ; 1.000        ; 2.000          ; Min Period      ; clk   ; Rise       ; sumador_saldo:U1_sumador|cnt1000[11]                      ;
; -1.000 ; 1.000        ; 2.000          ; Min Period      ; clk   ; Rise       ; sumador_saldo:U1_sumador|cnt1000[12]                      ;
; -1.000 ; 1.000        ; 2.000          ; Min Period      ; clk   ; Rise       ; sumador_saldo:U1_sumador|cnt1000[13]                      ;
; -1.000 ; 1.000        ; 2.000          ; Min Period      ; clk   ; Rise       ; sumador_saldo:U1_sumador|cnt1000[14]                      ;
; -1.000 ; 1.000        ; 2.000          ; Min Period      ; clk   ; Rise       ; sumador_saldo:U1_sumador|cnt1000[15]                      ;
; -1.000 ; 1.000        ; 2.000          ; Min Period      ; clk   ; Rise       ; sumador_saldo:U1_sumador|cnt1000[16]                      ;
; -1.000 ; 1.000        ; 2.000          ; Min Period      ; clk   ; Rise       ; sumador_saldo:U1_sumador|cnt1000[17]                      ;
; -1.000 ; 1.000        ; 2.000          ; Min Period      ; clk   ; Rise       ; sumador_saldo:U1_sumador|cnt1000[18]                      ;
; -1.000 ; 1.000        ; 2.000          ; Min Period      ; clk   ; Rise       ; sumador_saldo:U1_sumador|cnt1000[19]                      ;
; -1.000 ; 1.000        ; 2.000          ; Min Period      ; clk   ; Rise       ; sumador_saldo:U1_sumador|cnt1000[1]                       ;
; -1.000 ; 1.000        ; 2.000          ; Min Period      ; clk   ; Rise       ; sumador_saldo:U1_sumador|cnt1000[2]                       ;
; -1.000 ; 1.000        ; 2.000          ; Min Period      ; clk   ; Rise       ; sumador_saldo:U1_sumador|cnt1000[3]                       ;
; -1.000 ; 1.000        ; 2.000          ; Min Period      ; clk   ; Rise       ; sumador_saldo:U1_sumador|cnt1000[4]                       ;
; -1.000 ; 1.000        ; 2.000          ; Min Period      ; clk   ; Rise       ; sumador_saldo:U1_sumador|cnt1000[5]                       ;
; -1.000 ; 1.000        ; 2.000          ; Min Period      ; clk   ; Rise       ; sumador_saldo:U1_sumador|cnt1000[6]                       ;
; -1.000 ; 1.000        ; 2.000          ; Min Period      ; clk   ; Rise       ; sumador_saldo:U1_sumador|cnt1000[7]                       ;
; -1.000 ; 1.000        ; 2.000          ; Min Period      ; clk   ; Rise       ; sumador_saldo:U1_sumador|cnt1000[8]                       ;
; -1.000 ; 1.000        ; 2.000          ; Min Period      ; clk   ; Rise       ; sumador_saldo:U1_sumador|cnt1000[9]                       ;
; -1.000 ; 1.000        ; 2.000          ; Min Period      ; clk   ; Rise       ; sumador_saldo:U1_sumador|cnt500[0]                        ;
; -1.000 ; 1.000        ; 2.000          ; Min Period      ; clk   ; Rise       ; sumador_saldo:U1_sumador|cnt500[10]                       ;
; -1.000 ; 1.000        ; 2.000          ; Min Period      ; clk   ; Rise       ; sumador_saldo:U1_sumador|cnt500[11]                       ;
; -1.000 ; 1.000        ; 2.000          ; Min Period      ; clk   ; Rise       ; sumador_saldo:U1_sumador|cnt500[12]                       ;
; -1.000 ; 1.000        ; 2.000          ; Min Period      ; clk   ; Rise       ; sumador_saldo:U1_sumador|cnt500[13]                       ;
; -1.000 ; 1.000        ; 2.000          ; Min Period      ; clk   ; Rise       ; sumador_saldo:U1_sumador|cnt500[14]                       ;
; -1.000 ; 1.000        ; 2.000          ; Min Period      ; clk   ; Rise       ; sumador_saldo:U1_sumador|cnt500[15]                       ;
; -1.000 ; 1.000        ; 2.000          ; Min Period      ; clk   ; Rise       ; sumador_saldo:U1_sumador|cnt500[16]                       ;
; -1.000 ; 1.000        ; 2.000          ; Min Period      ; clk   ; Rise       ; sumador_saldo:U1_sumador|cnt500[17]                       ;
; -1.000 ; 1.000        ; 2.000          ; Min Period      ; clk   ; Rise       ; sumador_saldo:U1_sumador|cnt500[18]                       ;
; -1.000 ; 1.000        ; 2.000          ; Min Period      ; clk   ; Rise       ; sumador_saldo:U1_sumador|cnt500[19]                       ;
; -1.000 ; 1.000        ; 2.000          ; Min Period      ; clk   ; Rise       ; sumador_saldo:U1_sumador|cnt500[1]                        ;
; -1.000 ; 1.000        ; 2.000          ; Min Period      ; clk   ; Rise       ; sumador_saldo:U1_sumador|cnt500[2]                        ;
; -1.000 ; 1.000        ; 2.000          ; Min Period      ; clk   ; Rise       ; sumador_saldo:U1_sumador|cnt500[3]                        ;
; -1.000 ; 1.000        ; 2.000          ; Min Period      ; clk   ; Rise       ; sumador_saldo:U1_sumador|cnt500[4]                        ;
; -1.000 ; 1.000        ; 2.000          ; Min Period      ; clk   ; Rise       ; sumador_saldo:U1_sumador|cnt500[5]                        ;
; -1.000 ; 1.000        ; 2.000          ; Min Period      ; clk   ; Rise       ; sumador_saldo:U1_sumador|cnt500[6]                        ;
; -1.000 ; 1.000        ; 2.000          ; Min Period      ; clk   ; Rise       ; sumador_saldo:U1_sumador|cnt500[7]                        ;
; -1.000 ; 1.000        ; 2.000          ; Min Period      ; clk   ; Rise       ; sumador_saldo:U1_sumador|cnt500[8]                        ;
; -1.000 ; 1.000        ; 2.000          ; Min Period      ; clk   ; Rise       ; sumador_saldo:U1_sumador|cnt500[9]                        ;
; -1.000 ; 1.000        ; 2.000          ; Min Period      ; clk   ; Rise       ; sumador_saldo:U1_sumador|lock1000                         ;
; -1.000 ; 1.000        ; 2.000          ; Min Period      ; clk   ; Rise       ; sumador_saldo:U1_sumador|lock500                          ;
; -1.000 ; 1.000        ; 2.000          ; Min Period      ; clk   ; Rise       ; sumador_saldo:U1_sumador|prev1000                         ;
; -1.000 ; 1.000        ; 2.000          ; Min Period      ; clk   ; Rise       ; sumador_saldo:U1_sumador|prev500                          ;
; -1.000 ; 1.000        ; 2.000          ; Min Period      ; clk   ; Rise       ; sumador_saldo:U1_sumador|saldo_reg[10]                    ;
; -1.000 ; 1.000        ; 2.000          ; Min Period      ; clk   ; Rise       ; sumador_saldo:U1_sumador|saldo_reg[11]                    ;
; -1.000 ; 1.000        ; 2.000          ; Min Period      ; clk   ; Rise       ; sumador_saldo:U1_sumador|saldo_reg[12]                    ;
; -1.000 ; 1.000        ; 2.000          ; Min Period      ; clk   ; Rise       ; sumador_saldo:U1_sumador|saldo_reg[13]                    ;
; -1.000 ; 1.000        ; 2.000          ; Min Period      ; clk   ; Rise       ; sumador_saldo:U1_sumador|saldo_reg[2]                     ;
; -1.000 ; 1.000        ; 2.000          ; Min Period      ; clk   ; Rise       ; sumador_saldo:U1_sumador|saldo_reg[3]                     ;
; -1.000 ; 1.000        ; 2.000          ; Min Period      ; clk   ; Rise       ; sumador_saldo:U1_sumador|saldo_reg[4]                     ;
; -1.000 ; 1.000        ; 2.000          ; Min Period      ; clk   ; Rise       ; sumador_saldo:U1_sumador|saldo_reg[5]                     ;
; -1.000 ; 1.000        ; 2.000          ; Min Period      ; clk   ; Rise       ; sumador_saldo:U1_sumador|saldo_reg[6]                     ;
; -1.000 ; 1.000        ; 2.000          ; Min Period      ; clk   ; Rise       ; sumador_saldo:U1_sumador|saldo_reg[7]                     ;
; -1.000 ; 1.000        ; 2.000          ; Min Period      ; clk   ; Rise       ; sumador_saldo:U1_sumador|saldo_reg[8]                     ;
; -1.000 ; 1.000        ; 2.000          ; Min Period      ; clk   ; Rise       ; sumador_saldo:U1_sumador|saldo_reg[9]                     ;
; 0.179  ; 0.363        ; 0.184          ; Low Pulse Width ; clk   ; Rise       ; RESTADOR:U3_restador|cambio_reg[14]                       ;
; 0.180  ; 0.364        ; 0.184          ; Low Pulse Width ; clk   ; Rise       ; fsm_maquina_expendedora:U4_fsm|current_state.CAMBIO       ;
; 0.180  ; 0.364        ; 0.184          ; Low Pulse Width ; clk   ; Rise       ; fsm_maquina_expendedora:U4_fsm|current_state.ENTREGA      ;
; 0.180  ; 0.364        ; 0.184          ; Low Pulse Width ; clk   ; Rise       ; fsm_maquina_expendedora:U4_fsm|current_state.SIN_STOCK    ;
; 0.180  ; 0.364        ; 0.184          ; Low Pulse Width ; clk   ; Rise       ; fsm_maquina_expendedora:U4_fsm|current_state.VALIDACION   ;
; 0.184  ; 0.368        ; 0.184          ; Low Pulse Width ; clk   ; Rise       ; fsm_maquina_expendedora:U4_fsm|current_state.ESPERA       ;
; 0.184  ; 0.368        ; 0.184          ; Low Pulse Width ; clk   ; Rise       ; fsm_maquina_expendedora:U4_fsm|current_state.HAY_ANOMALIA ;
; 0.184  ; 0.368        ; 0.184          ; Low Pulse Width ; clk   ; Rise       ; fsm_maquina_expendedora:U4_fsm|current_state.MONEDAS      ;
; 0.184  ; 0.368        ; 0.184          ; Low Pulse Width ; clk   ; Rise       ; sumador_saldo:U1_sumador|cnt500[10]                       ;
; 0.184  ; 0.368        ; 0.184          ; Low Pulse Width ; clk   ; Rise       ; sumador_saldo:U1_sumador|cnt500[11]                       ;
; 0.184  ; 0.368        ; 0.184          ; Low Pulse Width ; clk   ; Rise       ; sumador_saldo:U1_sumador|cnt500[12]                       ;
; 0.184  ; 0.368        ; 0.184          ; Low Pulse Width ; clk   ; Rise       ; sumador_saldo:U1_sumador|cnt500[13]                       ;
; 0.184  ; 0.368        ; 0.184          ; Low Pulse Width ; clk   ; Rise       ; sumador_saldo:U1_sumador|cnt500[14]                       ;
; 0.184  ; 0.368        ; 0.184          ; Low Pulse Width ; clk   ; Rise       ; sumador_saldo:U1_sumador|cnt500[15]                       ;
; 0.184  ; 0.368        ; 0.184          ; Low Pulse Width ; clk   ; Rise       ; sumador_saldo:U1_sumador|cnt500[16]                       ;
; 0.184  ; 0.368        ; 0.184          ; Low Pulse Width ; clk   ; Rise       ; sumador_saldo:U1_sumador|cnt500[17]                       ;
; 0.184  ; 0.368        ; 0.184          ; Low Pulse Width ; clk   ; Rise       ; sumador_saldo:U1_sumador|cnt500[18]                       ;
; 0.184  ; 0.368        ; 0.184          ; Low Pulse Width ; clk   ; Rise       ; sumador_saldo:U1_sumador|cnt500[19]                       ;
; 0.184  ; 0.368        ; 0.184          ; Low Pulse Width ; clk   ; Rise       ; sumador_saldo:U1_sumador|lock1000                         ;
; 0.184  ; 0.368        ; 0.184          ; Low Pulse Width ; clk   ; Rise       ; sumador_saldo:U1_sumador|lock500                          ;
; 0.184  ; 0.368        ; 0.184          ; Low Pulse Width ; clk   ; Rise       ; sumador_saldo:U1_sumador|prev1000                         ;
; 0.184  ; 0.368        ; 0.184          ; Low Pulse Width ; clk   ; Rise       ; sumador_saldo:U1_sumador|prev500                          ;
; 0.184  ; 0.368        ; 0.184          ; Low Pulse Width ; clk   ; Rise       ; sumador_saldo:U1_sumador|saldo_reg[10]                    ;
; 0.184  ; 0.368        ; 0.184          ; Low Pulse Width ; clk   ; Rise       ; sumador_saldo:U1_sumador|saldo_reg[11]                    ;
; 0.184  ; 0.368        ; 0.184          ; Low Pulse Width ; clk   ; Rise       ; sumador_saldo:U1_sumador|saldo_reg[12]                    ;
; 0.184  ; 0.368        ; 0.184          ; Low Pulse Width ; clk   ; Rise       ; sumador_saldo:U1_sumador|saldo_reg[13]                    ;
; 0.184  ; 0.368        ; 0.184          ; Low Pulse Width ; clk   ; Rise       ; sumador_saldo:U1_sumador|saldo_reg[3]                     ;
; 0.184  ; 0.368        ; 0.184          ; Low Pulse Width ; clk   ; Rise       ; sumador_saldo:U1_sumador|saldo_reg[4]                     ;
; 0.184  ; 0.368        ; 0.184          ; Low Pulse Width ; clk   ; Rise       ; sumador_saldo:U1_sumador|saldo_reg[5]                     ;
; 0.184  ; 0.368        ; 0.184          ; Low Pulse Width ; clk   ; Rise       ; sumador_saldo:U1_sumador|saldo_reg[6]                     ;
; 0.184  ; 0.368        ; 0.184          ; Low Pulse Width ; clk   ; Rise       ; sumador_saldo:U1_sumador|saldo_reg[7]                     ;
; 0.184  ; 0.368        ; 0.184          ; Low Pulse Width ; clk   ; Rise       ; sumador_saldo:U1_sumador|saldo_reg[8]                     ;
; 0.185  ; 0.369        ; 0.184          ; Low Pulse Width ; clk   ; Rise       ; sumador_saldo:U1_sumador|cnt1000[10]                      ;
; 0.185  ; 0.369        ; 0.184          ; Low Pulse Width ; clk   ; Rise       ; sumador_saldo:U1_sumador|cnt1000[12]                      ;
; 0.185  ; 0.369        ; 0.184          ; Low Pulse Width ; clk   ; Rise       ; sumador_saldo:U1_sumador|cnt1000[13]                      ;
+--------+--------------+----------------+-----------------+-------+------------+-----------------------------------------------------------+


+--------------------------------------------------------------------------+
; Setup Times                                                              ;
+--------------+------------+-------+-------+------------+-----------------+
; Data Port    ; Clock Port ; Rise  ; Fall  ; Clock Edge ; Clock Reference ;
+--------------+------------+-------+-------+------------+-----------------+
; anomalia     ; clk        ; 2.123 ; 2.393 ; Rise       ; clk             ;
; confirmar    ; clk        ; 2.239 ; 2.525 ; Rise       ; clk             ;
; puerta_fin   ; clk        ; 2.005 ; 2.453 ; Rise       ; clk             ;
; sel_prod[*]  ; clk        ; 3.103 ; 3.502 ; Rise       ; clk             ;
;  sel_prod[0] ; clk        ; 2.786 ; 3.240 ; Rise       ; clk             ;
;  sel_prod[1] ; clk        ; 3.089 ; 3.499 ; Rise       ; clk             ;
;  sel_prod[2] ; clk        ; 2.926 ; 3.293 ; Rise       ; clk             ;
;  sel_prod[3] ; clk        ; 3.103 ; 3.502 ; Rise       ; clk             ;
; sw500        ; clk        ; 3.812 ; 4.165 ; Rise       ; clk             ;
; sw1000       ; clk        ; 3.832 ; 4.195 ; Rise       ; clk             ;
+--------------+------------+-------+-------+------------+-----------------+


+----------------------------------------------------------------------------+
; Hold Times                                                                 ;
+--------------+------------+--------+--------+------------+-----------------+
; Data Port    ; Clock Port ; Rise   ; Fall   ; Clock Edge ; Clock Reference ;
+--------------+------------+--------+--------+------------+-----------------+
; anomalia     ; clk        ; -0.736 ; -1.055 ; Rise       ; clk             ;
; confirmar    ; clk        ; -1.463 ; -1.804 ; Rise       ; clk             ;
; puerta_fin   ; clk        ; -0.813 ; -1.170 ; Rise       ; clk             ;
; sel_prod[*]  ; clk        ; -1.596 ; -1.975 ; Rise       ; clk             ;
;  sel_prod[0] ; clk        ; -1.596 ; -1.975 ; Rise       ; clk             ;
;  sel_prod[1] ; clk        ; -1.808 ; -2.207 ; Rise       ; clk             ;
;  sel_prod[2] ; clk        ; -1.671 ; -2.043 ; Rise       ; clk             ;
;  sel_prod[3] ; clk        ; -1.793 ; -2.143 ; Rise       ; clk             ;
; sw500        ; clk        ; -1.262 ; -1.622 ; Rise       ; clk             ;
; sw1000       ; clk        ; -1.392 ; -1.740 ; Rise       ; clk             ;
+--------------+------------+--------+--------+------------+-----------------+


+------------------------------------------------------------------------------+
; Clock to Output Times                                                        ;
+----------------+------------+--------+--------+------------+-----------------+
; Data Port      ; Clock Port ; Rise   ; Fall   ; Clock Edge ; Clock Reference ;
+----------------+------------+--------+--------+------------+-----------------+
; disp0[*]       ; clk        ; 40.392 ; 40.371 ; Rise       ; clk             ;
;  disp0[0]      ; clk        ; 39.937 ; 39.842 ; Rise       ; clk             ;
;  disp0[1]      ; clk        ; 39.949 ; 39.856 ; Rise       ; clk             ;
;  disp0[2]      ; clk        ; 40.363 ; 40.108 ; Rise       ; clk             ;
;  disp0[3]      ; clk        ; 40.392 ; 40.266 ; Rise       ; clk             ;
;  disp0[4]      ; clk        ; 40.228 ; 40.267 ; Rise       ; clk             ;
;  disp0[5]      ; clk        ; 40.201 ; 40.241 ; Rise       ; clk             ;
;  disp0[6]      ; clk        ; 40.114 ; 40.371 ; Rise       ; clk             ;
; disp1[*]       ; clk        ; 18.525 ; 18.403 ; Rise       ; clk             ;
;  disp1[0]      ; clk        ; 18.085 ; 18.017 ; Rise       ; clk             ;
;  disp1[1]      ; clk        ; 18.082 ; 18.011 ; Rise       ; clk             ;
;  disp1[2]      ; clk        ; 18.256 ; 18.144 ; Rise       ; clk             ;
;  disp1[3]      ; clk        ; 18.046 ; 17.969 ; Rise       ; clk             ;
;  disp1[4]      ; clk        ; 18.070 ; 17.996 ; Rise       ; clk             ;
;  disp1[5]      ; clk        ; 18.525 ; 18.403 ; Rise       ; clk             ;
;  disp1[6]      ; clk        ; 18.218 ; 18.304 ; Rise       ; clk             ;
; led_anom       ; clk        ; 5.365  ; 5.339  ; Rise       ; clk             ;
; led_entrega    ; clk        ; 5.970  ; 5.960  ; Rise       ; clk             ;
; led_estado[*]  ; clk        ; 6.183  ; 6.196  ; Rise       ; clk             ;
;  led_estado[0] ; clk        ; 6.151  ; 6.178  ; Rise       ; clk             ;
;  led_estado[1] ; clk        ; 6.183  ; 6.196  ; Rise       ; clk             ;
;  led_estado[2] ; clk        ; 6.108  ; 6.140  ; Rise       ; clk             ;
+----------------+------------+--------+--------+------------+-----------------+


+----------------------------------------------------------------------------+
; Minimum Clock to Output Times                                              ;
+----------------+------------+-------+-------+------------+-----------------+
; Data Port      ; Clock Port ; Rise  ; Fall  ; Clock Edge ; Clock Reference ;
+----------------+------------+-------+-------+------------+-----------------+
; disp0[*]       ; clk        ; 8.856 ; 8.782 ; Rise       ; clk             ;
;  disp0[0]      ; clk        ; 8.856 ; 8.782 ; Rise       ; clk             ;
;  disp0[1]      ; clk        ; 8.865 ; 8.795 ; Rise       ; clk             ;
;  disp0[2]      ; clk        ; 9.285 ; 9.172 ; Rise       ; clk             ;
;  disp0[3]      ; clk        ; 9.293 ; 9.188 ; Rise       ; clk             ;
;  disp0[4]      ; clk        ; 9.289 ; 9.188 ; Rise       ; clk             ;
;  disp0[5]      ; clk        ; 9.262 ; 9.163 ; Rise       ; clk             ;
;  disp0[6]      ; clk        ; 9.177 ; 9.293 ; Rise       ; clk             ;
; disp1[*]       ; clk        ; 7.911 ; 7.860 ; Rise       ; clk             ;
;  disp1[0]      ; clk        ; 8.054 ; 8.013 ; Rise       ; clk             ;
;  disp1[1]      ; clk        ; 8.050 ; 8.044 ; Rise       ; clk             ;
;  disp1[2]      ; clk        ; 7.911 ; 7.860 ; Rise       ; clk             ;
;  disp1[3]      ; clk        ; 8.017 ; 7.966 ; Rise       ; clk             ;
;  disp1[4]      ; clk        ; 8.038 ; 8.031 ; Rise       ; clk             ;
;  disp1[5]      ; clk        ; 8.474 ; 8.381 ; Rise       ; clk             ;
;  disp1[6]      ; clk        ; 8.208 ; 8.261 ; Rise       ; clk             ;
; led_anom       ; clk        ; 5.263 ; 5.237 ; Rise       ; clk             ;
; led_entrega    ; clk        ; 5.844 ; 5.834 ; Rise       ; clk             ;
; led_estado[*]  ; clk        ; 5.544 ; 5.557 ; Rise       ; clk             ;
;  led_estado[0] ; clk        ; 5.585 ; 5.602 ; Rise       ; clk             ;
;  led_estado[1] ; clk        ; 5.625 ; 5.631 ; Rise       ; clk             ;
;  led_estado[2] ; clk        ; 5.544 ; 5.557 ; Rise       ; clk             ;
+----------------+------------+-------+-------+------------+-----------------+


+-------------------------------------------------------------+
; Propagation Delay                                           ;
+-------------+---------------+-------+-------+-------+-------+
; Input Port  ; Output Port   ; RR    ; RF    ; FR    ; FF    ;
+-------------+---------------+-------+-------+-------+-------+
; sel_prod[0] ; alerta_led    ; 6.772 ;       ;       ; 7.063 ;
; sel_prod[0] ; disp2[0]      ; 6.902 ; 6.804 ; 7.306 ; 7.238 ;
; sel_prod[0] ; disp2[1]      ; 6.808 ; 6.735 ; 7.208 ; 7.165 ;
; sel_prod[0] ; disp2[2]      ;       ; 6.615 ; 7.110 ;       ;
; sel_prod[0] ; disp2[3]      ; 6.918 ; 6.810 ; 7.322 ; 7.244 ;
; sel_prod[0] ; disp2[4]      ; 6.891 ;       ;       ; 7.229 ;
; sel_prod[0] ; disp2[5]      ; 6.829 ;       ;       ; 7.192 ;
; sel_prod[0] ; disp2[6]      ; 7.044 ;       ;       ; 7.548 ;
; sel_prod[0] ; stock_leds[0] ;       ; 6.831 ; 7.140 ;       ;
; sel_prod[0] ; stock_leds[1] ;       ; 6.808 ; 7.110 ;       ;
; sel_prod[1] ; alerta_led    ; 6.997 ; 6.936 ; 7.375 ; 7.328 ;
; sel_prod[1] ; disp2[0]      ; 8.613 ; 8.472 ; 8.811 ; 8.698 ;
; sel_prod[1] ; disp2[1]      ; 8.512 ; 8.455 ; 8.710 ; 8.653 ;
; sel_prod[1] ; disp2[2]      ; 8.344 ; 8.318 ; 8.581 ; 8.516 ;
; sel_prod[1] ; disp2[3]      ; 8.628 ; 8.501 ; 8.826 ; 8.704 ;
; sel_prod[1] ; disp2[4]      ; 8.611 ; 8.471 ; 8.809 ; 8.697 ;
; sel_prod[1] ; disp2[5]      ; 8.466 ; 8.464 ; 8.700 ; 8.662 ;
; sel_prod[1] ; disp2[6]      ; 8.741 ; 8.842 ; 8.939 ; 9.040 ;
; sel_prod[1] ; disp3[0]      ; 8.958 ;       ;       ; 9.384 ;
; sel_prod[1] ; disp3[3]      ; 8.763 ;       ;       ; 9.148 ;
; sel_prod[1] ; disp3[4]      ; 8.519 ;       ;       ; 8.901 ;
; sel_prod[1] ; disp3[5]      ; 8.519 ;       ;       ; 8.901 ;
; sel_prod[1] ; stock_leds[0] ; 7.013 ; 7.056 ; 7.405 ; 7.434 ;
; sel_prod[1] ; stock_leds[1] ; 6.983 ; 7.033 ; 7.375 ; 7.411 ;
; sel_prod[2] ; alerta_led    ; 6.826 ; 6.755 ; 7.203 ; 7.162 ;
; sel_prod[2] ; disp2[0]      ; 8.391 ; 8.250 ; 8.774 ; 8.661 ;
; sel_prod[2] ; disp2[1]      ; 8.290 ; 8.233 ; 8.673 ; 8.616 ;
; sel_prod[2] ; disp2[2]      ; 8.122 ; 8.096 ; 8.533 ; 8.479 ;
; sel_prod[2] ; disp2[3]      ; 8.406 ; 8.279 ; 8.789 ; 8.667 ;
; sel_prod[2] ; disp2[4]      ; 8.389 ; 8.249 ; 8.772 ; 8.660 ;
; sel_prod[2] ; disp2[5]      ; 8.244 ; 8.242 ; 8.655 ; 8.625 ;
; sel_prod[2] ; disp2[6]      ; 8.519 ; 8.620 ; 8.902 ; 9.003 ;
; sel_prod[2] ; disp3[0]      ; 8.799 ;       ;       ; 9.395 ;
; sel_prod[2] ; disp3[3]      ; 8.604 ;       ;       ; 9.159 ;
; sel_prod[2] ; disp3[4]      ; 8.360 ;       ;       ; 8.912 ;
; sel_prod[2] ; disp3[5]      ; 8.360 ;       ;       ; 8.912 ;
; sel_prod[2] ; stock_leds[0] ; 6.832 ; 6.885 ; 7.239 ; 7.262 ;
; sel_prod[2] ; stock_leds[1] ; 6.802 ; 6.862 ; 7.209 ; 7.239 ;
; sel_prod[3] ; alerta_led    ; 7.001 ;       ;       ; 7.332 ;
; sel_prod[3] ; disp2[0]      ; 8.566 ; 8.425 ; 8.727 ; 8.614 ;
; sel_prod[3] ; disp2[1]      ; 8.465 ; 8.408 ; 8.626 ; 8.569 ;
; sel_prod[3] ; disp2[2]      ; 8.297 ; 8.271 ; 8.486 ; 8.432 ;
; sel_prod[3] ; disp2[3]      ; 8.581 ; 8.454 ; 8.742 ; 8.620 ;
; sel_prod[3] ; disp2[4]      ; 8.564 ; 8.424 ; 8.725 ; 8.613 ;
; sel_prod[3] ; disp2[5]      ; 8.419 ; 8.417 ; 8.608 ; 8.578 ;
; sel_prod[3] ; disp2[6]      ; 8.694 ; 8.795 ; 8.855 ; 8.956 ;
; sel_prod[3] ; disp3[0]      ; 8.845 ;       ;       ; 9.263 ;
; sel_prod[3] ; disp3[3]      ; 8.650 ;       ;       ; 9.027 ;
; sel_prod[3] ; disp3[4]      ; 8.406 ;       ;       ; 8.780 ;
; sel_prod[3] ; disp3[5]      ; 8.406 ;       ;       ; 8.780 ;
; sel_prod[3] ; stock_leds[0] ;       ; 7.060 ; 7.409 ;       ;
; sel_prod[3] ; stock_leds[1] ;       ; 7.037 ; 7.379 ;       ;
+-------------+---------------+-------+-------+-------+-------+


+-------------------------------------------------------------+
; Minimum Propagation Delay                                   ;
+-------------+---------------+-------+-------+-------+-------+
; Input Port  ; Output Port   ; RR    ; RF    ; FR    ; FF    ;
+-------------+---------------+-------+-------+-------+-------+
; sel_prod[0] ; alerta_led    ; 6.617 ;       ;       ; 6.902 ;
; sel_prod[0] ; disp2[0]      ; 6.735 ; 6.638 ; 7.127 ; 7.059 ;
; sel_prod[0] ; disp2[1]      ; 6.646 ; 6.573 ; 7.035 ; 6.991 ;
; sel_prod[0] ; disp2[2]      ;       ; 6.457 ; 6.940 ;       ;
; sel_prod[0] ; disp2[3]      ; 6.751 ; 6.644 ; 7.143 ; 7.065 ;
; sel_prod[0] ; disp2[4]      ; 6.723 ;       ;       ; 7.051 ;
; sel_prod[0] ; disp2[5]      ; 6.666 ;       ;       ; 7.018 ;
; sel_prod[0] ; disp2[6]      ; 6.868 ;       ;       ; 7.360 ;
; sel_prod[0] ; stock_leds[0] ;       ; 6.675 ; 6.976 ;       ;
; sel_prod[0] ; stock_leds[1] ;       ; 6.652 ; 6.948 ;       ;
; sel_prod[1] ; alerta_led    ; 6.834 ; 6.775 ; 7.203 ; 7.156 ;
; sel_prod[1] ; disp2[0]      ; 7.121 ; 7.078 ; 7.603 ; 7.470 ;
; sel_prod[1] ; disp2[1]      ; 7.036 ; 7.037 ; 7.542 ; 7.410 ;
; sel_prod[1] ; disp2[2]      ; 6.939 ; 7.243 ; 7.687 ; 7.295 ;
; sel_prod[1] ; disp2[3]      ; 7.137 ; 7.084 ; 7.619 ; 7.476 ;
; sel_prod[1] ; disp2[4]      ; 7.118 ; 7.104 ; 7.638 ; 7.480 ;
; sel_prod[1] ; disp2[5]      ; 7.058 ; 7.384 ; 7.806 ; 7.436 ;
; sel_prod[1] ; disp2[6]      ; 7.274 ; 7.387 ; 7.734 ; 7.801 ;
; sel_prod[1] ; disp3[0]      ; 8.494 ;       ;       ; 9.039 ;
; sel_prod[1] ; disp3[3]      ; 8.306 ;       ;       ; 8.812 ;
; sel_prod[1] ; disp3[4]      ; 8.071 ;       ;       ; 8.573 ;
; sel_prod[1] ; disp3[5]      ; 8.071 ;       ;       ; 8.573 ;
; sel_prod[1] ; stock_leds[0] ; 6.849 ; 6.892 ; 7.230 ; 7.261 ;
; sel_prod[1] ; stock_leds[1] ; 6.821 ; 6.869 ; 7.202 ; 7.238 ;
; sel_prod[2] ; alerta_led    ; 6.669 ; 6.600 ; 7.036 ; 6.996 ;
; sel_prod[2] ; disp2[0]      ; 7.107 ; 7.057 ; 7.579 ; 7.446 ;
; sel_prod[2] ; disp2[1]      ; 7.019 ; 7.409 ; 7.812 ; 7.379 ;
; sel_prod[2] ; disp2[2]      ; 6.922 ; 6.906 ; 7.423 ; 7.268 ;
; sel_prod[2] ; disp2[3]      ; 7.122 ; 7.062 ; 7.595 ; 7.452 ;
; sel_prod[2] ; disp2[4]      ; 7.098 ; 7.473 ; 7.893 ; 7.445 ;
; sel_prod[2] ; disp2[5]      ; 7.040 ; 7.020 ; 7.510 ; 7.407 ;
; sel_prod[2] ; disp2[6]      ; 7.254 ; 7.372 ; 7.710 ; 7.778 ;
; sel_prod[2] ; disp3[0]      ; 8.448 ;       ;       ; 8.962 ;
; sel_prod[2] ; disp3[3]      ; 8.260 ;       ;       ; 8.735 ;
; sel_prod[2] ; disp3[4]      ; 8.025 ;       ;       ; 8.496 ;
; sel_prod[2] ; disp3[5]      ; 8.025 ;       ;       ; 8.496 ;
; sel_prod[2] ; stock_leds[0] ; 6.674 ; 6.727 ; 7.070 ; 7.094 ;
; sel_prod[2] ; stock_leds[1] ; 6.646 ; 6.704 ; 7.042 ; 7.071 ;
; sel_prod[3] ; alerta_led    ; 6.813 ;       ;       ; 7.160 ;
; sel_prod[3] ; disp2[0]      ; 7.075 ; 6.982 ; 7.461 ; 7.362 ;
; sel_prod[3] ; disp2[1]      ; 6.986 ; 7.341 ; 7.727 ; 7.296 ;
; sel_prod[3] ; disp2[2]      ; 6.890 ; 7.229 ; 7.631 ; 7.184 ;
; sel_prod[3] ; disp2[3]      ; 7.090 ; 6.987 ; 7.477 ; 7.368 ;
; sel_prod[3] ; disp2[4]      ; 7.067 ; 7.405 ; 7.808 ; 7.360 ;
; sel_prod[3] ; disp2[5]      ; 7.008 ; 6.945 ; 7.393 ; 7.324 ;
; sel_prod[3] ; disp2[6]      ; 7.212 ; 7.307 ; 7.592 ; 7.693 ;
; sel_prod[3] ; disp3[0]      ; 8.388 ;       ;       ; 8.929 ;
; sel_prod[3] ; disp3[3]      ; 8.200 ;       ;       ; 8.702 ;
; sel_prod[3] ; disp3[4]      ; 7.965 ;       ;       ; 8.463 ;
; sel_prod[3] ; disp3[5]      ; 7.965 ;       ;       ; 8.463 ;
; sel_prod[3] ; stock_leds[0] ;       ; 6.871 ; 7.234 ;       ;
; sel_prod[3] ; stock_leds[1] ;       ; 6.848 ; 7.206 ;       ;
+-------------+---------------+-------+-------+-------+-------+


---------------------------------------------
; Slow 1200mV 0C Model Metastability Report ;
---------------------------------------------
No synchronizer chains to report.


+------------------------------------+
; Fast 1200mV 0C Model Setup Summary ;
+-------+--------+-------------------+
; Clock ; Slack  ; End Point TNS     ;
+-------+--------+-------------------+
; clk   ; -0.926 ; -41.774           ;
+-------+--------+-------------------+


+-----------------------------------+
; Fast 1200mV 0C Model Hold Summary ;
+-------+-------+-------------------+
; Clock ; Slack ; End Point TNS     ;
+-------+-------+-------------------+
; clk   ; 0.180 ; 0.000             ;
+-------+-------+-------------------+


-----------------------------------------
; Fast 1200mV 0C Model Recovery Summary ;
-----------------------------------------
No paths to report.


----------------------------------------
; Fast 1200mV 0C Model Removal Summary ;
----------------------------------------
No paths to report.


+--------------------------------------------------+
; Fast 1200mV 0C Model Minimum Pulse Width Summary ;
+-------+--------+---------------------------------+
; Clock ; Slack  ; End Point TNS                   ;
+-------+--------+---------------------------------+
; clk   ; -3.000 ; -70.705                         ;
+-------+--------+---------------------------------+


+---------------------------------------------------------------------------------------------------------------------------------------------------------------+
; Fast 1200mV 0C Model Setup: 'clk'                                                                                                                             ;
+--------+----------------------------------------+---------------------------------------+--------------+-------------+--------------+------------+------------+
; Slack  ; From Node                              ; To Node                               ; Launch Clock ; Latch Clock ; Relationship ; Clock Skew ; Data Delay ;
+--------+----------------------------------------+---------------------------------------+--------------+-------------+--------------+------------+------------+
; -0.926 ; sumador_saldo:U1_sumador|cnt500[7]     ; sumador_saldo:U1_sumador|cnt500[2]    ; clk          ; clk         ; 1.000        ; -0.035     ; 1.878      ;
; -0.926 ; sumador_saldo:U1_sumador|cnt500[7]     ; sumador_saldo:U1_sumador|cnt500[0]    ; clk          ; clk         ; 1.000        ; -0.035     ; 1.878      ;
; -0.926 ; sumador_saldo:U1_sumador|cnt500[7]     ; sumador_saldo:U1_sumador|cnt500[1]    ; clk          ; clk         ; 1.000        ; -0.035     ; 1.878      ;
; -0.926 ; sumador_saldo:U1_sumador|cnt500[7]     ; sumador_saldo:U1_sumador|cnt500[3]    ; clk          ; clk         ; 1.000        ; -0.035     ; 1.878      ;
; -0.926 ; sumador_saldo:U1_sumador|cnt500[7]     ; sumador_saldo:U1_sumador|cnt500[4]    ; clk          ; clk         ; 1.000        ; -0.035     ; 1.878      ;
; -0.926 ; sumador_saldo:U1_sumador|cnt500[7]     ; sumador_saldo:U1_sumador|cnt500[5]    ; clk          ; clk         ; 1.000        ; -0.035     ; 1.878      ;
; -0.926 ; sumador_saldo:U1_sumador|cnt500[7]     ; sumador_saldo:U1_sumador|cnt500[6]    ; clk          ; clk         ; 1.000        ; -0.035     ; 1.878      ;
; -0.926 ; sumador_saldo:U1_sumador|cnt500[7]     ; sumador_saldo:U1_sumador|cnt500[7]    ; clk          ; clk         ; 1.000        ; -0.035     ; 1.878      ;
; -0.926 ; sumador_saldo:U1_sumador|cnt500[7]     ; sumador_saldo:U1_sumador|cnt500[9]    ; clk          ; clk         ; 1.000        ; -0.035     ; 1.878      ;
; -0.919 ; sumador_saldo:U1_sumador|cnt500[7]     ; sumador_saldo:U1_sumador|lock500      ; clk          ; clk         ; 1.000        ; -0.032     ; 1.874      ;
; -0.919 ; sumador_saldo:U1_sumador|cnt500[6]     ; sumador_saldo:U1_sumador|cnt500[2]    ; clk          ; clk         ; 1.000        ; -0.035     ; 1.871      ;
; -0.919 ; sumador_saldo:U1_sumador|cnt500[6]     ; sumador_saldo:U1_sumador|cnt500[0]    ; clk          ; clk         ; 1.000        ; -0.035     ; 1.871      ;
; -0.919 ; sumador_saldo:U1_sumador|cnt500[6]     ; sumador_saldo:U1_sumador|cnt500[1]    ; clk          ; clk         ; 1.000        ; -0.035     ; 1.871      ;
; -0.919 ; sumador_saldo:U1_sumador|cnt500[6]     ; sumador_saldo:U1_sumador|cnt500[3]    ; clk          ; clk         ; 1.000        ; -0.035     ; 1.871      ;
; -0.919 ; sumador_saldo:U1_sumador|cnt500[6]     ; sumador_saldo:U1_sumador|cnt500[4]    ; clk          ; clk         ; 1.000        ; -0.035     ; 1.871      ;
; -0.919 ; sumador_saldo:U1_sumador|cnt500[6]     ; sumador_saldo:U1_sumador|cnt500[5]    ; clk          ; clk         ; 1.000        ; -0.035     ; 1.871      ;
; -0.919 ; sumador_saldo:U1_sumador|cnt500[6]     ; sumador_saldo:U1_sumador|cnt500[6]    ; clk          ; clk         ; 1.000        ; -0.035     ; 1.871      ;
; -0.919 ; sumador_saldo:U1_sumador|cnt500[6]     ; sumador_saldo:U1_sumador|cnt500[7]    ; clk          ; clk         ; 1.000        ; -0.035     ; 1.871      ;
; -0.919 ; sumador_saldo:U1_sumador|cnt500[6]     ; sumador_saldo:U1_sumador|cnt500[9]    ; clk          ; clk         ; 1.000        ; -0.035     ; 1.871      ;
; -0.909 ; sumador_saldo:U1_sumador|cnt500[6]     ; sumador_saldo:U1_sumador|lock500      ; clk          ; clk         ; 1.000        ; -0.032     ; 1.864      ;
; -0.900 ; sumador_saldo:U1_sumador|cnt500[3]     ; sumador_saldo:U1_sumador|cnt500[2]    ; clk          ; clk         ; 1.000        ; -0.035     ; 1.852      ;
; -0.900 ; sumador_saldo:U1_sumador|cnt500[3]     ; sumador_saldo:U1_sumador|cnt500[0]    ; clk          ; clk         ; 1.000        ; -0.035     ; 1.852      ;
; -0.900 ; sumador_saldo:U1_sumador|cnt500[3]     ; sumador_saldo:U1_sumador|cnt500[1]    ; clk          ; clk         ; 1.000        ; -0.035     ; 1.852      ;
; -0.900 ; sumador_saldo:U1_sumador|cnt500[3]     ; sumador_saldo:U1_sumador|cnt500[3]    ; clk          ; clk         ; 1.000        ; -0.035     ; 1.852      ;
; -0.900 ; sumador_saldo:U1_sumador|cnt500[3]     ; sumador_saldo:U1_sumador|cnt500[4]    ; clk          ; clk         ; 1.000        ; -0.035     ; 1.852      ;
; -0.900 ; sumador_saldo:U1_sumador|cnt500[3]     ; sumador_saldo:U1_sumador|cnt500[5]    ; clk          ; clk         ; 1.000        ; -0.035     ; 1.852      ;
; -0.900 ; sumador_saldo:U1_sumador|cnt500[3]     ; sumador_saldo:U1_sumador|cnt500[6]    ; clk          ; clk         ; 1.000        ; -0.035     ; 1.852      ;
; -0.900 ; sumador_saldo:U1_sumador|cnt500[3]     ; sumador_saldo:U1_sumador|cnt500[7]    ; clk          ; clk         ; 1.000        ; -0.035     ; 1.852      ;
; -0.900 ; sumador_saldo:U1_sumador|cnt500[3]     ; sumador_saldo:U1_sumador|cnt500[9]    ; clk          ; clk         ; 1.000        ; -0.035     ; 1.852      ;
; -0.899 ; sumador_saldo:U1_sumador|cnt500[0]     ; sumador_saldo:U1_sumador|cnt500[2]    ; clk          ; clk         ; 1.000        ; -0.035     ; 1.851      ;
; -0.899 ; sumador_saldo:U1_sumador|cnt500[0]     ; sumador_saldo:U1_sumador|cnt500[0]    ; clk          ; clk         ; 1.000        ; -0.035     ; 1.851      ;
; -0.899 ; sumador_saldo:U1_sumador|cnt500[0]     ; sumador_saldo:U1_sumador|cnt500[1]    ; clk          ; clk         ; 1.000        ; -0.035     ; 1.851      ;
; -0.899 ; sumador_saldo:U1_sumador|cnt500[0]     ; sumador_saldo:U1_sumador|cnt500[3]    ; clk          ; clk         ; 1.000        ; -0.035     ; 1.851      ;
; -0.899 ; sumador_saldo:U1_sumador|cnt500[0]     ; sumador_saldo:U1_sumador|cnt500[4]    ; clk          ; clk         ; 1.000        ; -0.035     ; 1.851      ;
; -0.899 ; sumador_saldo:U1_sumador|cnt500[0]     ; sumador_saldo:U1_sumador|cnt500[5]    ; clk          ; clk         ; 1.000        ; -0.035     ; 1.851      ;
; -0.899 ; sumador_saldo:U1_sumador|cnt500[0]     ; sumador_saldo:U1_sumador|cnt500[6]    ; clk          ; clk         ; 1.000        ; -0.035     ; 1.851      ;
; -0.899 ; sumador_saldo:U1_sumador|cnt500[0]     ; sumador_saldo:U1_sumador|cnt500[7]    ; clk          ; clk         ; 1.000        ; -0.035     ; 1.851      ;
; -0.899 ; sumador_saldo:U1_sumador|cnt500[0]     ; sumador_saldo:U1_sumador|cnt500[9]    ; clk          ; clk         ; 1.000        ; -0.035     ; 1.851      ;
; -0.888 ; sumador_saldo:U1_sumador|cnt500[0]     ; sumador_saldo:U1_sumador|lock500      ; clk          ; clk         ; 1.000        ; -0.032     ; 1.843      ;
; -0.884 ; sumador_saldo:U1_sumador|cnt500[3]     ; sumador_saldo:U1_sumador|lock500      ; clk          ; clk         ; 1.000        ; -0.032     ; 1.839      ;
; -0.875 ; sumador_saldo:U1_sumador|cnt500[9]     ; sumador_saldo:U1_sumador|cnt500[2]    ; clk          ; clk         ; 1.000        ; -0.035     ; 1.827      ;
; -0.875 ; sumador_saldo:U1_sumador|cnt500[9]     ; sumador_saldo:U1_sumador|cnt500[0]    ; clk          ; clk         ; 1.000        ; -0.035     ; 1.827      ;
; -0.875 ; sumador_saldo:U1_sumador|cnt500[9]     ; sumador_saldo:U1_sumador|cnt500[1]    ; clk          ; clk         ; 1.000        ; -0.035     ; 1.827      ;
; -0.875 ; sumador_saldo:U1_sumador|cnt500[9]     ; sumador_saldo:U1_sumador|cnt500[3]    ; clk          ; clk         ; 1.000        ; -0.035     ; 1.827      ;
; -0.875 ; sumador_saldo:U1_sumador|cnt500[9]     ; sumador_saldo:U1_sumador|cnt500[4]    ; clk          ; clk         ; 1.000        ; -0.035     ; 1.827      ;
; -0.875 ; sumador_saldo:U1_sumador|cnt500[9]     ; sumador_saldo:U1_sumador|cnt500[5]    ; clk          ; clk         ; 1.000        ; -0.035     ; 1.827      ;
; -0.875 ; sumador_saldo:U1_sumador|cnt500[9]     ; sumador_saldo:U1_sumador|cnt500[6]    ; clk          ; clk         ; 1.000        ; -0.035     ; 1.827      ;
; -0.875 ; sumador_saldo:U1_sumador|cnt500[9]     ; sumador_saldo:U1_sumador|cnt500[7]    ; clk          ; clk         ; 1.000        ; -0.035     ; 1.827      ;
; -0.875 ; sumador_saldo:U1_sumador|cnt500[9]     ; sumador_saldo:U1_sumador|cnt500[9]    ; clk          ; clk         ; 1.000        ; -0.035     ; 1.827      ;
; -0.867 ; sumador_saldo:U1_sumador|cnt500[9]     ; sumador_saldo:U1_sumador|lock500      ; clk          ; clk         ; 1.000        ; -0.032     ; 1.822      ;
; -0.856 ; sumador_saldo:U1_sumador|cnt500[12]    ; sumador_saldo:U1_sumador|cnt500[2]    ; clk          ; clk         ; 1.000        ; -0.038     ; 1.805      ;
; -0.856 ; sumador_saldo:U1_sumador|cnt500[12]    ; sumador_saldo:U1_sumador|cnt500[0]    ; clk          ; clk         ; 1.000        ; -0.038     ; 1.805      ;
; -0.856 ; sumador_saldo:U1_sumador|cnt500[12]    ; sumador_saldo:U1_sumador|cnt500[1]    ; clk          ; clk         ; 1.000        ; -0.038     ; 1.805      ;
; -0.856 ; sumador_saldo:U1_sumador|cnt500[12]    ; sumador_saldo:U1_sumador|cnt500[3]    ; clk          ; clk         ; 1.000        ; -0.038     ; 1.805      ;
; -0.856 ; sumador_saldo:U1_sumador|cnt500[12]    ; sumador_saldo:U1_sumador|cnt500[4]    ; clk          ; clk         ; 1.000        ; -0.038     ; 1.805      ;
; -0.856 ; sumador_saldo:U1_sumador|cnt500[12]    ; sumador_saldo:U1_sumador|cnt500[5]    ; clk          ; clk         ; 1.000        ; -0.038     ; 1.805      ;
; -0.856 ; sumador_saldo:U1_sumador|cnt500[12]    ; sumador_saldo:U1_sumador|cnt500[6]    ; clk          ; clk         ; 1.000        ; -0.038     ; 1.805      ;
; -0.856 ; sumador_saldo:U1_sumador|cnt500[12]    ; sumador_saldo:U1_sumador|cnt500[7]    ; clk          ; clk         ; 1.000        ; -0.038     ; 1.805      ;
; -0.856 ; sumador_saldo:U1_sumador|cnt500[12]    ; sumador_saldo:U1_sumador|cnt500[9]    ; clk          ; clk         ; 1.000        ; -0.038     ; 1.805      ;
; -0.855 ; sumador_saldo:U1_sumador|cnt500[12]    ; sumador_saldo:U1_sumador|lock500      ; clk          ; clk         ; 1.000        ; -0.035     ; 1.807      ;
; -0.834 ; sumador_saldo:U1_sumador|cnt500[5]     ; sumador_saldo:U1_sumador|cnt500[2]    ; clk          ; clk         ; 1.000        ; -0.035     ; 1.786      ;
; -0.834 ; sumador_saldo:U1_sumador|cnt500[5]     ; sumador_saldo:U1_sumador|cnt500[0]    ; clk          ; clk         ; 1.000        ; -0.035     ; 1.786      ;
; -0.834 ; sumador_saldo:U1_sumador|cnt500[5]     ; sumador_saldo:U1_sumador|cnt500[1]    ; clk          ; clk         ; 1.000        ; -0.035     ; 1.786      ;
; -0.834 ; sumador_saldo:U1_sumador|cnt500[5]     ; sumador_saldo:U1_sumador|cnt500[3]    ; clk          ; clk         ; 1.000        ; -0.035     ; 1.786      ;
; -0.834 ; sumador_saldo:U1_sumador|cnt500[5]     ; sumador_saldo:U1_sumador|cnt500[4]    ; clk          ; clk         ; 1.000        ; -0.035     ; 1.786      ;
; -0.834 ; sumador_saldo:U1_sumador|cnt500[5]     ; sumador_saldo:U1_sumador|cnt500[5]    ; clk          ; clk         ; 1.000        ; -0.035     ; 1.786      ;
; -0.834 ; sumador_saldo:U1_sumador|cnt500[5]     ; sumador_saldo:U1_sumador|cnt500[6]    ; clk          ; clk         ; 1.000        ; -0.035     ; 1.786      ;
; -0.834 ; sumador_saldo:U1_sumador|cnt500[5]     ; sumador_saldo:U1_sumador|cnt500[7]    ; clk          ; clk         ; 1.000        ; -0.035     ; 1.786      ;
; -0.834 ; sumador_saldo:U1_sumador|cnt500[5]     ; sumador_saldo:U1_sumador|cnt500[9]    ; clk          ; clk         ; 1.000        ; -0.035     ; 1.786      ;
; -0.831 ; sumador_saldo:U1_sumador|cnt1000[13]   ; sumador_saldo:U1_sumador|cnt1000[15]  ; clk          ; clk         ; 1.000        ; -0.035     ; 1.783      ;
; -0.831 ; sumador_saldo:U1_sumador|cnt1000[13]   ; sumador_saldo:U1_sumador|cnt1000[10]  ; clk          ; clk         ; 1.000        ; -0.035     ; 1.783      ;
; -0.831 ; sumador_saldo:U1_sumador|cnt1000[13]   ; sumador_saldo:U1_sumador|cnt1000[12]  ; clk          ; clk         ; 1.000        ; -0.035     ; 1.783      ;
; -0.831 ; sumador_saldo:U1_sumador|cnt1000[13]   ; sumador_saldo:U1_sumador|cnt1000[13]  ; clk          ; clk         ; 1.000        ; -0.035     ; 1.783      ;
; -0.831 ; sumador_saldo:U1_sumador|cnt1000[13]   ; sumador_saldo:U1_sumador|cnt1000[14]  ; clk          ; clk         ; 1.000        ; -0.035     ; 1.783      ;
; -0.831 ; sumador_saldo:U1_sumador|cnt1000[13]   ; sumador_saldo:U1_sumador|cnt1000[18]  ; clk          ; clk         ; 1.000        ; -0.035     ; 1.783      ;
; -0.831 ; sumador_saldo:U1_sumador|cnt1000[13]   ; sumador_saldo:U1_sumador|cnt1000[16]  ; clk          ; clk         ; 1.000        ; -0.035     ; 1.783      ;
; -0.831 ; sumador_saldo:U1_sumador|cnt1000[13]   ; sumador_saldo:U1_sumador|cnt1000[17]  ; clk          ; clk         ; 1.000        ; -0.035     ; 1.783      ;
; -0.831 ; sumador_saldo:U1_sumador|cnt1000[13]   ; sumador_saldo:U1_sumador|cnt1000[19]  ; clk          ; clk         ; 1.000        ; -0.035     ; 1.783      ;
; -0.830 ; sumador_saldo:U1_sumador|cnt1000[14]   ; sumador_saldo:U1_sumador|cnt1000[15]  ; clk          ; clk         ; 1.000        ; -0.035     ; 1.782      ;
; -0.830 ; sumador_saldo:U1_sumador|cnt1000[14]   ; sumador_saldo:U1_sumador|cnt1000[10]  ; clk          ; clk         ; 1.000        ; -0.035     ; 1.782      ;
; -0.830 ; sumador_saldo:U1_sumador|cnt1000[14]   ; sumador_saldo:U1_sumador|cnt1000[12]  ; clk          ; clk         ; 1.000        ; -0.035     ; 1.782      ;
; -0.830 ; sumador_saldo:U1_sumador|cnt1000[14]   ; sumador_saldo:U1_sumador|cnt1000[13]  ; clk          ; clk         ; 1.000        ; -0.035     ; 1.782      ;
; -0.830 ; sumador_saldo:U1_sumador|cnt1000[14]   ; sumador_saldo:U1_sumador|cnt1000[14]  ; clk          ; clk         ; 1.000        ; -0.035     ; 1.782      ;
; -0.830 ; sumador_saldo:U1_sumador|cnt1000[14]   ; sumador_saldo:U1_sumador|cnt1000[18]  ; clk          ; clk         ; 1.000        ; -0.035     ; 1.782      ;
; -0.830 ; sumador_saldo:U1_sumador|cnt1000[14]   ; sumador_saldo:U1_sumador|cnt1000[16]  ; clk          ; clk         ; 1.000        ; -0.035     ; 1.782      ;
; -0.830 ; sumador_saldo:U1_sumador|cnt1000[14]   ; sumador_saldo:U1_sumador|cnt1000[17]  ; clk          ; clk         ; 1.000        ; -0.035     ; 1.782      ;
; -0.830 ; sumador_saldo:U1_sumador|cnt1000[14]   ; sumador_saldo:U1_sumador|cnt1000[19]  ; clk          ; clk         ; 1.000        ; -0.035     ; 1.782      ;
; -0.827 ; sumador_saldo:U1_sumador|saldo_reg[10] ; sumador_saldo:U1_sumador|saldo_reg[2] ; clk          ; clk         ; 1.000        ; -0.033     ; 1.781      ;
; -0.811 ; sumador_saldo:U1_sumador|cnt500[5]     ; sumador_saldo:U1_sumador|lock500      ; clk          ; clk         ; 1.000        ; -0.032     ; 1.766      ;
; -0.806 ; sumador_saldo:U1_sumador|cnt500[1]     ; sumador_saldo:U1_sumador|cnt500[2]    ; clk          ; clk         ; 1.000        ; -0.035     ; 1.758      ;
; -0.806 ; sumador_saldo:U1_sumador|cnt500[1]     ; sumador_saldo:U1_sumador|cnt500[0]    ; clk          ; clk         ; 1.000        ; -0.035     ; 1.758      ;
; -0.806 ; sumador_saldo:U1_sumador|cnt500[1]     ; sumador_saldo:U1_sumador|cnt500[1]    ; clk          ; clk         ; 1.000        ; -0.035     ; 1.758      ;
; -0.806 ; sumador_saldo:U1_sumador|cnt500[1]     ; sumador_saldo:U1_sumador|cnt500[3]    ; clk          ; clk         ; 1.000        ; -0.035     ; 1.758      ;
; -0.806 ; sumador_saldo:U1_sumador|cnt500[1]     ; sumador_saldo:U1_sumador|cnt500[4]    ; clk          ; clk         ; 1.000        ; -0.035     ; 1.758      ;
; -0.806 ; sumador_saldo:U1_sumador|cnt500[1]     ; sumador_saldo:U1_sumador|cnt500[5]    ; clk          ; clk         ; 1.000        ; -0.035     ; 1.758      ;
; -0.806 ; sumador_saldo:U1_sumador|cnt500[1]     ; sumador_saldo:U1_sumador|cnt500[6]    ; clk          ; clk         ; 1.000        ; -0.035     ; 1.758      ;
; -0.806 ; sumador_saldo:U1_sumador|cnt500[1]     ; sumador_saldo:U1_sumador|cnt500[7]    ; clk          ; clk         ; 1.000        ; -0.035     ; 1.758      ;
; -0.806 ; sumador_saldo:U1_sumador|cnt500[1]     ; sumador_saldo:U1_sumador|cnt500[9]    ; clk          ; clk         ; 1.000        ; -0.035     ; 1.758      ;
; -0.801 ; sumador_saldo:U1_sumador|saldo_reg[5]  ; sumador_saldo:U1_sumador|saldo_reg[2] ; clk          ; clk         ; 1.000        ; -0.034     ; 1.754      ;
; -0.798 ; sumador_saldo:U1_sumador|saldo_reg[4]  ; sumador_saldo:U1_sumador|saldo_reg[2] ; clk          ; clk         ; 1.000        ; -0.034     ; 1.751      ;
+--------+----------------------------------------+---------------------------------------+--------------+-------------+--------------+------------+------------+


+-----------------------------------------------------------------------------------------------------------------------------------------------------------------------------------------------------+
; Fast 1200mV 0C Model Hold: 'clk'                                                                                                                                                                    ;
+-------+-----------------------------------------------------------+-----------------------------------------------------------+--------------+-------------+--------------+------------+------------+
; Slack ; From Node                                                 ; To Node                                                   ; Launch Clock ; Latch Clock ; Relationship ; Clock Skew ; Data Delay ;
+-------+-----------------------------------------------------------+-----------------------------------------------------------+--------------+-------------+--------------+------------+------------+
; 0.180 ; fsm_maquina_expendedora:U4_fsm|current_state.ENTREGA      ; fsm_maquina_expendedora:U4_fsm|current_state.ENTREGA      ; clk          ; clk         ; 0.000        ; 0.043      ; 0.307      ;
; 0.180 ; fsm_maquina_expendedora:U4_fsm|current_state.VALIDACION   ; fsm_maquina_expendedora:U4_fsm|current_state.VALIDACION   ; clk          ; clk         ; 0.000        ; 0.043      ; 0.307      ;
; 0.188 ; fsm_maquina_expendedora:U4_fsm|current_state.ESPERA       ; fsm_maquina_expendedora:U4_fsm|current_state.ESPERA       ; clk          ; clk         ; 0.000        ; 0.035      ; 0.307      ;
; 0.188 ; sumador_saldo:U1_sumador|saldo_reg[2]                     ; sumador_saldo:U1_sumador|saldo_reg[2]                     ; clk          ; clk         ; 0.000        ; 0.035      ; 0.307      ;
; 0.199 ; sumador_saldo:U1_sumador|cnt1000[19]                      ; sumador_saldo:U1_sumador|cnt1000[19]                      ; clk          ; clk         ; 0.000        ; 0.035      ; 0.318      ;
; 0.229 ; fsm_maquina_expendedora:U4_fsm|current_state.MONEDAS      ; fsm_maquina_expendedora:U4_fsm|current_state.CAMBIO       ; clk          ; clk         ; 0.000        ; 0.232      ; 0.545      ;
; 0.232 ; fsm_maquina_expendedora:U4_fsm|current_state.MONEDAS      ; fsm_maquina_expendedora:U4_fsm|current_state.VALIDACION   ; clk          ; clk         ; 0.000        ; 0.232      ; 0.548      ;
; 0.289 ; fsm_maquina_expendedora:U4_fsm|current_state.ESPERA       ; fsm_maquina_expendedora:U4_fsm|current_state.CAMBIO       ; clk          ; clk         ; 0.000        ; 0.232      ; 0.605      ;
; 0.293 ; fsm_maquina_expendedora:U4_fsm|current_state.ESPERA       ; fsm_maquina_expendedora:U4_fsm|current_state.VALIDACION   ; clk          ; clk         ; 0.000        ; 0.232      ; 0.609      ;
; 0.298 ; sumador_saldo:U1_sumador|cnt1000[8]                       ; sumador_saldo:U1_sumador|cnt1000[8]                       ; clk          ; clk         ; 0.000        ; 0.035      ; 0.417      ;
; 0.299 ; sumador_saldo:U1_sumador|cnt1000[2]                       ; sumador_saldo:U1_sumador|cnt1000[2]                       ; clk          ; clk         ; 0.000        ; 0.035      ; 0.418      ;
; 0.299 ; sumador_saldo:U1_sumador|cnt1000[4]                       ; sumador_saldo:U1_sumador|cnt1000[4]                       ; clk          ; clk         ; 0.000        ; 0.035      ; 0.418      ;
; 0.299 ; sumador_saldo:U1_sumador|cnt1000[7]                       ; sumador_saldo:U1_sumador|cnt1000[7]                       ; clk          ; clk         ; 0.000        ; 0.035      ; 0.418      ;
; 0.299 ; sumador_saldo:U1_sumador|cnt1000[9]                       ; sumador_saldo:U1_sumador|cnt1000[9]                       ; clk          ; clk         ; 0.000        ; 0.035      ; 0.418      ;
; 0.299 ; sumador_saldo:U1_sumador|cnt500[10]                       ; sumador_saldo:U1_sumador|cnt500[10]                       ; clk          ; clk         ; 0.000        ; 0.035      ; 0.418      ;
; 0.300 ; sumador_saldo:U1_sumador|cnt1000[15]                      ; sumador_saldo:U1_sumador|cnt1000[15]                      ; clk          ; clk         ; 0.000        ; 0.035      ; 0.419      ;
; 0.300 ; sumador_saldo:U1_sumador|cnt1000[3]                       ; sumador_saldo:U1_sumador|cnt1000[3]                       ; clk          ; clk         ; 0.000        ; 0.035      ; 0.419      ;
; 0.300 ; sumador_saldo:U1_sumador|cnt1000[5]                       ; sumador_saldo:U1_sumador|cnt1000[5]                       ; clk          ; clk         ; 0.000        ; 0.035      ; 0.419      ;
; 0.300 ; sumador_saldo:U1_sumador|cnt1000[6]                       ; sumador_saldo:U1_sumador|cnt1000[6]                       ; clk          ; clk         ; 0.000        ; 0.035      ; 0.419      ;
; 0.300 ; sumador_saldo:U1_sumador|cnt1000[12]                      ; sumador_saldo:U1_sumador|cnt1000[12]                      ; clk          ; clk         ; 0.000        ; 0.035      ; 0.419      ;
; 0.300 ; sumador_saldo:U1_sumador|cnt1000[13]                      ; sumador_saldo:U1_sumador|cnt1000[13]                      ; clk          ; clk         ; 0.000        ; 0.035      ; 0.419      ;
; 0.300 ; sumador_saldo:U1_sumador|cnt1000[14]                      ; sumador_saldo:U1_sumador|cnt1000[14]                      ; clk          ; clk         ; 0.000        ; 0.035      ; 0.419      ;
; 0.300 ; sumador_saldo:U1_sumador|cnt1000[18]                      ; sumador_saldo:U1_sumador|cnt1000[18]                      ; clk          ; clk         ; 0.000        ; 0.035      ; 0.419      ;
; 0.300 ; sumador_saldo:U1_sumador|cnt1000[16]                      ; sumador_saldo:U1_sumador|cnt1000[16]                      ; clk          ; clk         ; 0.000        ; 0.035      ; 0.419      ;
; 0.300 ; sumador_saldo:U1_sumador|cnt500[5]                        ; sumador_saldo:U1_sumador|cnt500[5]                        ; clk          ; clk         ; 0.000        ; 0.035      ; 0.419      ;
; 0.300 ; sumador_saldo:U1_sumador|cnt500[6]                        ; sumador_saldo:U1_sumador|cnt500[6]                        ; clk          ; clk         ; 0.000        ; 0.035      ; 0.419      ;
; 0.300 ; sumador_saldo:U1_sumador|cnt500[15]                       ; sumador_saldo:U1_sumador|cnt500[15]                       ; clk          ; clk         ; 0.000        ; 0.035      ; 0.419      ;
; 0.300 ; sumador_saldo:U1_sumador|cnt500[14]                       ; sumador_saldo:U1_sumador|cnt500[14]                       ; clk          ; clk         ; 0.000        ; 0.035      ; 0.419      ;
; 0.300 ; sumador_saldo:U1_sumador|cnt500[16]                       ; sumador_saldo:U1_sumador|cnt500[16]                       ; clk          ; clk         ; 0.000        ; 0.035      ; 0.419      ;
; 0.301 ; sumador_saldo:U1_sumador|cnt1000[1]                       ; sumador_saldo:U1_sumador|cnt1000[1]                       ; clk          ; clk         ; 0.000        ; 0.035      ; 0.420      ;
; 0.301 ; sumador_saldo:U1_sumador|cnt500[1]                        ; sumador_saldo:U1_sumador|cnt500[1]                        ; clk          ; clk         ; 0.000        ; 0.035      ; 0.420      ;
; 0.301 ; sumador_saldo:U1_sumador|cnt500[18]                       ; sumador_saldo:U1_sumador|cnt500[18]                       ; clk          ; clk         ; 0.000        ; 0.035      ; 0.420      ;
; 0.302 ; sumador_saldo:U1_sumador|cnt1000[17]                      ; sumador_saldo:U1_sumador|cnt1000[17]                      ; clk          ; clk         ; 0.000        ; 0.035      ; 0.421      ;
; 0.302 ; sumador_saldo:U1_sumador|cnt500[17]                       ; sumador_saldo:U1_sumador|cnt500[17]                       ; clk          ; clk         ; 0.000        ; 0.035      ; 0.421      ;
; 0.306 ; sumador_saldo:U1_sumador|cnt1000[10]                      ; sumador_saldo:U1_sumador|cnt1000[10]                      ; clk          ; clk         ; 0.000        ; 0.035      ; 0.425      ;
; 0.306 ; sumador_saldo:U1_sumador|cnt500[9]                        ; sumador_saldo:U1_sumador|cnt500[9]                        ; clk          ; clk         ; 0.000        ; 0.035      ; 0.425      ;
; 0.307 ; sumador_saldo:U1_sumador|cnt500[12]                       ; sumador_saldo:U1_sumador|cnt500[12]                       ; clk          ; clk         ; 0.000        ; 0.035      ; 0.426      ;
; 0.309 ; sumador_saldo:U1_sumador|cnt1000[0]                       ; sumador_saldo:U1_sumador|cnt1000[0]                       ; clk          ; clk         ; 0.000        ; 0.035      ; 0.428      ;
; 0.317 ; fsm_maquina_expendedora:U4_fsm|current_state.ESPERA       ; fsm_maquina_expendedora:U4_fsm|current_state.MONEDAS      ; clk          ; clk         ; 0.000        ; 0.035      ; 0.436      ;
; 0.327 ; fsm_maquina_expendedora:U4_fsm|current_state.HAY_ANOMALIA ; fsm_maquina_expendedora:U4_fsm|current_state.ESPERA       ; clk          ; clk         ; 0.000        ; 0.035      ; 0.446      ;
; 0.369 ; sumador_saldo:U1_sumador|cnt500[11]                       ; sumador_saldo:U1_sumador|cnt500[11]                       ; clk          ; clk         ; 0.000        ; 0.035      ; 0.488      ;
; 0.369 ; sumador_saldo:U1_sumador|cnt500[13]                       ; sumador_saldo:U1_sumador|cnt500[13]                       ; clk          ; clk         ; 0.000        ; 0.035      ; 0.488      ;
; 0.369 ; sumador_saldo:U1_sumador|cnt500[19]                       ; sumador_saldo:U1_sumador|cnt500[19]                       ; clk          ; clk         ; 0.000        ; 0.035      ; 0.488      ;
; 0.372 ; sumador_saldo:U1_sumador|cnt500[2]                        ; sumador_saldo:U1_sumador|cnt500[2]                        ; clk          ; clk         ; 0.000        ; 0.035      ; 0.491      ;
; 0.372 ; sumador_saldo:U1_sumador|cnt500[3]                        ; sumador_saldo:U1_sumador|cnt500[3]                        ; clk          ; clk         ; 0.000        ; 0.035      ; 0.491      ;
; 0.373 ; sumador_saldo:U1_sumador|cnt500[4]                        ; sumador_saldo:U1_sumador|cnt500[4]                        ; clk          ; clk         ; 0.000        ; 0.035      ; 0.492      ;
; 0.373 ; sumador_saldo:U1_sumador|cnt500[7]                        ; sumador_saldo:U1_sumador|cnt500[7]                        ; clk          ; clk         ; 0.000        ; 0.035      ; 0.492      ;
; 0.374 ; sumador_saldo:U1_sumador|saldo_reg[13]                    ; sumador_saldo:U1_sumador|saldo_reg[13]                    ; clk          ; clk         ; 0.000        ; 0.035      ; 0.493      ;
; 0.386 ; sumador_saldo:U1_sumador|cnt500[0]                        ; sumador_saldo:U1_sumador|cnt500[0]                        ; clk          ; clk         ; 0.000        ; 0.035      ; 0.505      ;
; 0.413 ; fsm_maquina_expendedora:U4_fsm|current_state.ENTREGA      ; fsm_maquina_expendedora:U4_fsm|current_state.HAY_ANOMALIA ; clk          ; clk         ; 0.000        ; -0.154     ; 0.343      ;
; 0.435 ; fsm_maquina_expendedora:U4_fsm|current_state.ENTREGA      ; fsm_maquina_expendedora:U4_fsm|current_state.CAMBIO       ; clk          ; clk         ; 0.000        ; 0.043      ; 0.562      ;
; 0.444 ; sumador_saldo:U1_sumador|cnt1000[9]                       ; sumador_saldo:U1_sumador|cnt1000[10]                      ; clk          ; clk         ; 0.000        ; 0.038      ; 0.566      ;
; 0.447 ; sumador_saldo:U1_sumador|cnt1000[7]                       ; sumador_saldo:U1_sumador|cnt1000[8]                       ; clk          ; clk         ; 0.000        ; 0.035      ; 0.566      ;
; 0.448 ; sumador_saldo:U1_sumador|cnt1000[3]                       ; sumador_saldo:U1_sumador|cnt1000[4]                       ; clk          ; clk         ; 0.000        ; 0.035      ; 0.567      ;
; 0.448 ; sumador_saldo:U1_sumador|cnt1000[5]                       ; sumador_saldo:U1_sumador|cnt1000[6]                       ; clk          ; clk         ; 0.000        ; 0.035      ; 0.567      ;
; 0.448 ; sumador_saldo:U1_sumador|cnt1000[13]                      ; sumador_saldo:U1_sumador|cnt1000[14]                      ; clk          ; clk         ; 0.000        ; 0.035      ; 0.567      ;
; 0.448 ; sumador_saldo:U1_sumador|cnt1000[15]                      ; sumador_saldo:U1_sumador|cnt1000[16]                      ; clk          ; clk         ; 0.000        ; 0.035      ; 0.567      ;
; 0.448 ; sumador_saldo:U1_sumador|cnt500[5]                        ; sumador_saldo:U1_sumador|cnt500[6]                        ; clk          ; clk         ; 0.000        ; 0.035      ; 0.567      ;
; 0.448 ; sumador_saldo:U1_sumador|cnt500[15]                       ; sumador_saldo:U1_sumador|cnt500[16]                       ; clk          ; clk         ; 0.000        ; 0.035      ; 0.567      ;
; 0.449 ; sumador_saldo:U1_sumador|cnt1000[1]                       ; sumador_saldo:U1_sumador|cnt1000[2]                       ; clk          ; clk         ; 0.000        ; 0.035      ; 0.568      ;
; 0.449 ; sumador_saldo:U1_sumador|cnt500[1]                        ; sumador_saldo:U1_sumador|cnt500[2]                        ; clk          ; clk         ; 0.000        ; 0.035      ; 0.568      ;
; 0.450 ; sumador_saldo:U1_sumador|cnt1000[17]                      ; sumador_saldo:U1_sumador|cnt1000[18]                      ; clk          ; clk         ; 0.000        ; 0.035      ; 0.569      ;
; 0.450 ; sumador_saldo:U1_sumador|cnt500[17]                       ; sumador_saldo:U1_sumador|cnt500[18]                       ; clk          ; clk         ; 0.000        ; 0.035      ; 0.569      ;
; 0.451 ; sumador_saldo:U1_sumador|cnt500[9]                        ; sumador_saldo:U1_sumador|cnt500[10]                       ; clk          ; clk         ; 0.000        ; 0.038      ; 0.573      ;
; 0.457 ; sumador_saldo:U1_sumador|cnt1000[8]                       ; sumador_saldo:U1_sumador|cnt1000[9]                       ; clk          ; clk         ; 0.000        ; 0.035      ; 0.576      ;
; 0.457 ; sumador_saldo:U1_sumador|cnt1000[8]                       ; sumador_saldo:U1_sumador|cnt1000[10]                      ; clk          ; clk         ; 0.000        ; 0.038      ; 0.579      ;
; 0.458 ; sumador_saldo:U1_sumador|cnt1000[2]                       ; sumador_saldo:U1_sumador|cnt1000[3]                       ; clk          ; clk         ; 0.000        ; 0.035      ; 0.577      ;
; 0.458 ; sumador_saldo:U1_sumador|cnt1000[4]                       ; sumador_saldo:U1_sumador|cnt1000[5]                       ; clk          ; clk         ; 0.000        ; 0.035      ; 0.577      ;
; 0.458 ; sumador_saldo:U1_sumador|cnt1000[0]                       ; sumador_saldo:U1_sumador|cnt1000[1]                       ; clk          ; clk         ; 0.000        ; 0.035      ; 0.577      ;
; 0.458 ; sumador_saldo:U1_sumador|cnt500[10]                       ; sumador_saldo:U1_sumador|cnt500[11]                       ; clk          ; clk         ; 0.000        ; 0.035      ; 0.577      ;
; 0.459 ; sumador_saldo:U1_sumador|saldo_reg[13]                    ; RESTADOR:U3_restador|cambio_reg[14]                       ; clk          ; clk         ; 0.000        ; 0.236      ; 0.779      ;
; 0.459 ; sumador_saldo:U1_sumador|saldo_reg[10]                    ; sumador_saldo:U1_sumador|saldo_reg[10]                    ; clk          ; clk         ; 0.000        ; 0.035      ; 0.578      ;
; 0.459 ; sumador_saldo:U1_sumador|saldo_reg[11]                    ; sumador_saldo:U1_sumador|saldo_reg[11]                    ; clk          ; clk         ; 0.000        ; 0.035      ; 0.578      ;
; 0.459 ; sumador_saldo:U1_sumador|cnt1000[18]                      ; sumador_saldo:U1_sumador|cnt1000[19]                      ; clk          ; clk         ; 0.000        ; 0.035      ; 0.578      ;
; 0.459 ; sumador_saldo:U1_sumador|cnt1000[6]                       ; sumador_saldo:U1_sumador|cnt1000[7]                       ; clk          ; clk         ; 0.000        ; 0.035      ; 0.578      ;
; 0.459 ; sumador_saldo:U1_sumador|cnt1000[14]                      ; sumador_saldo:U1_sumador|cnt1000[15]                      ; clk          ; clk         ; 0.000        ; 0.035      ; 0.578      ;
; 0.459 ; sumador_saldo:U1_sumador|cnt1000[12]                      ; sumador_saldo:U1_sumador|cnt1000[13]                      ; clk          ; clk         ; 0.000        ; 0.035      ; 0.578      ;
; 0.459 ; sumador_saldo:U1_sumador|cnt500[14]                       ; sumador_saldo:U1_sumador|cnt500[15]                       ; clk          ; clk         ; 0.000        ; 0.035      ; 0.578      ;
; 0.459 ; sumador_saldo:U1_sumador|cnt1000[16]                      ; sumador_saldo:U1_sumador|cnt1000[17]                      ; clk          ; clk         ; 0.000        ; 0.035      ; 0.578      ;
; 0.459 ; sumador_saldo:U1_sumador|cnt500[16]                       ; sumador_saldo:U1_sumador|cnt500[17]                       ; clk          ; clk         ; 0.000        ; 0.035      ; 0.578      ;
; 0.459 ; sumador_saldo:U1_sumador|cnt500[6]                        ; sumador_saldo:U1_sumador|cnt500[7]                        ; clk          ; clk         ; 0.000        ; 0.035      ; 0.578      ;
; 0.460 ; sumador_saldo:U1_sumador|cnt500[18]                       ; sumador_saldo:U1_sumador|cnt500[19]                       ; clk          ; clk         ; 0.000        ; 0.035      ; 0.579      ;
; 0.461 ; sumador_saldo:U1_sumador|cnt500[10]                       ; sumador_saldo:U1_sumador|cnt500[12]                       ; clk          ; clk         ; 0.000        ; 0.035      ; 0.580      ;
; 0.461 ; sumador_saldo:U1_sumador|cnt1000[2]                       ; sumador_saldo:U1_sumador|cnt1000[4]                       ; clk          ; clk         ; 0.000        ; 0.035      ; 0.580      ;
; 0.461 ; sumador_saldo:U1_sumador|cnt1000[4]                       ; sumador_saldo:U1_sumador|cnt1000[6]                       ; clk          ; clk         ; 0.000        ; 0.035      ; 0.580      ;
; 0.461 ; sumador_saldo:U1_sumador|cnt1000[0]                       ; sumador_saldo:U1_sumador|cnt1000[2]                       ; clk          ; clk         ; 0.000        ; 0.035      ; 0.580      ;
; 0.462 ; sumador_saldo:U1_sumador|cnt1000[6]                       ; sumador_saldo:U1_sumador|cnt1000[8]                       ; clk          ; clk         ; 0.000        ; 0.035      ; 0.581      ;
; 0.462 ; sumador_saldo:U1_sumador|cnt1000[12]                      ; sumador_saldo:U1_sumador|cnt1000[14]                      ; clk          ; clk         ; 0.000        ; 0.035      ; 0.581      ;
; 0.462 ; sumador_saldo:U1_sumador|cnt1000[14]                      ; sumador_saldo:U1_sumador|cnt1000[16]                      ; clk          ; clk         ; 0.000        ; 0.035      ; 0.581      ;
; 0.462 ; sumador_saldo:U1_sumador|cnt500[14]                       ; sumador_saldo:U1_sumador|cnt500[16]                       ; clk          ; clk         ; 0.000        ; 0.035      ; 0.581      ;
; 0.462 ; sumador_saldo:U1_sumador|cnt1000[16]                      ; sumador_saldo:U1_sumador|cnt1000[18]                      ; clk          ; clk         ; 0.000        ; 0.035      ; 0.581      ;
; 0.462 ; sumador_saldo:U1_sumador|cnt500[16]                       ; sumador_saldo:U1_sumador|cnt500[18]                       ; clk          ; clk         ; 0.000        ; 0.035      ; 0.581      ;
; 0.466 ; sumador_saldo:U1_sumador|cnt500[12]                       ; sumador_saldo:U1_sumador|cnt500[13]                       ; clk          ; clk         ; 0.000        ; 0.035      ; 0.585      ;
; 0.468 ; sumador_saldo:U1_sumador|cnt1000[10]                      ; sumador_saldo:U1_sumador|cnt1000[12]                      ; clk          ; clk         ; 0.000        ; 0.035      ; 0.587      ;
; 0.469 ; sumador_saldo:U1_sumador|cnt500[12]                       ; sumador_saldo:U1_sumador|cnt500[14]                       ; clk          ; clk         ; 0.000        ; 0.035      ; 0.588      ;
; 0.482 ; sumador_saldo:U1_sumador|prev1000                         ; sumador_saldo:U1_sumador|saldo_reg[3]                     ; clk          ; clk         ; 0.000        ; 0.035      ; 0.601      ;
; 0.497 ; fsm_maquina_expendedora:U4_fsm|current_state.ENTREGA      ; fsm_maquina_expendedora:U4_fsm|current_state.VALIDACION   ; clk          ; clk         ; 0.000        ; 0.043      ; 0.624      ;
; 0.510 ; fsm_maquina_expendedora:U4_fsm|current_state.VALIDACION   ; fsm_maquina_expendedora:U4_fsm|current_state.HAY_ANOMALIA ; clk          ; clk         ; 0.000        ; -0.154     ; 0.440      ;
; 0.510 ; sumador_saldo:U1_sumador|cnt1000[7]                       ; sumador_saldo:U1_sumador|cnt1000[9]                       ; clk          ; clk         ; 0.000        ; 0.035      ; 0.629      ;
; 0.510 ; sumador_saldo:U1_sumador|cnt1000[7]                       ; sumador_saldo:U1_sumador|cnt1000[10]                      ; clk          ; clk         ; 0.000        ; 0.038      ; 0.632      ;
+-------+-----------------------------------------------------------+-----------------------------------------------------------+--------------+-------------+--------------+------------+------------+


+-------------------------------------------------------------------------------------------------------------------------------------------+
; Fast 1200mV 0C Model Minimum Pulse Width: 'clk'                                                                                           ;
+--------+--------------+----------------+-----------------+-------+------------+-----------------------------------------------------------+
; Slack  ; Actual Width ; Required Width ; Type            ; Clock ; Clock Edge ; Target                                                    ;
+--------+--------------+----------------+-----------------+-------+------------+-----------------------------------------------------------+
; -3.000 ; 1.000        ; 4.000          ; Port Rate       ; clk   ; Rise       ; clk                                                       ;
; -1.000 ; 1.000        ; 2.000          ; Min Period      ; clk   ; Rise       ; RESTADOR:U3_restador|cambio_reg[14]                       ;
; -1.000 ; 1.000        ; 2.000          ; Min Period      ; clk   ; Rise       ; fsm_maquina_expendedora:U4_fsm|current_state.CAMBIO       ;
; -1.000 ; 1.000        ; 2.000          ; Min Period      ; clk   ; Rise       ; fsm_maquina_expendedora:U4_fsm|current_state.ENTREGA      ;
; -1.000 ; 1.000        ; 2.000          ; Min Period      ; clk   ; Rise       ; fsm_maquina_expendedora:U4_fsm|current_state.ESPERA       ;
; -1.000 ; 1.000        ; 2.000          ; Min Period      ; clk   ; Rise       ; fsm_maquina_expendedora:U4_fsm|current_state.HAY_ANOMALIA ;
; -1.000 ; 1.000        ; 2.000          ; Min Period      ; clk   ; Rise       ; fsm_maquina_expendedora:U4_fsm|current_state.MONEDAS      ;
; -1.000 ; 1.000        ; 2.000          ; Min Period      ; clk   ; Rise       ; fsm_maquina_expendedora:U4_fsm|current_state.SIN_STOCK    ;
; -1.000 ; 1.000        ; 2.000          ; Min Period      ; clk   ; Rise       ; fsm_maquina_expendedora:U4_fsm|current_state.VALIDACION   ;
; -1.000 ; 1.000        ; 2.000          ; Min Period      ; clk   ; Rise       ; sumador_saldo:U1_sumador|cnt1000[0]                       ;
; -1.000 ; 1.000        ; 2.000          ; Min Period      ; clk   ; Rise       ; sumador_saldo:U1_sumador|cnt1000[10]                      ;
; -1.000 ; 1.000        ; 2.000          ; Min Period      ; clk   ; Rise       ; sumador_saldo:U1_sumador|cnt1000[11]                      ;
; -1.000 ; 1.000        ; 2.000          ; Min Period      ; clk   ; Rise       ; sumador_saldo:U1_sumador|cnt1000[12]                      ;
; -1.000 ; 1.000        ; 2.000          ; Min Period      ; clk   ; Rise       ; sumador_saldo:U1_sumador|cnt1000[13]                      ;
; -1.000 ; 1.000        ; 2.000          ; Min Period      ; clk   ; Rise       ; sumador_saldo:U1_sumador|cnt1000[14]                      ;
; -1.000 ; 1.000        ; 2.000          ; Min Period      ; clk   ; Rise       ; sumador_saldo:U1_sumador|cnt1000[15]                      ;
; -1.000 ; 1.000        ; 2.000          ; Min Period      ; clk   ; Rise       ; sumador_saldo:U1_sumador|cnt1000[16]                      ;
; -1.000 ; 1.000        ; 2.000          ; Min Period      ; clk   ; Rise       ; sumador_saldo:U1_sumador|cnt1000[17]                      ;
; -1.000 ; 1.000        ; 2.000          ; Min Period      ; clk   ; Rise       ; sumador_saldo:U1_sumador|cnt1000[18]                      ;
; -1.000 ; 1.000        ; 2.000          ; Min Period      ; clk   ; Rise       ; sumador_saldo:U1_sumador|cnt1000[19]                      ;
; -1.000 ; 1.000        ; 2.000          ; Min Period      ; clk   ; Rise       ; sumador_saldo:U1_sumador|cnt1000[1]                       ;
; -1.000 ; 1.000        ; 2.000          ; Min Period      ; clk   ; Rise       ; sumador_saldo:U1_sumador|cnt1000[2]                       ;
; -1.000 ; 1.000        ; 2.000          ; Min Period      ; clk   ; Rise       ; sumador_saldo:U1_sumador|cnt1000[3]                       ;
; -1.000 ; 1.000        ; 2.000          ; Min Period      ; clk   ; Rise       ; sumador_saldo:U1_sumador|cnt1000[4]                       ;
; -1.000 ; 1.000        ; 2.000          ; Min Period      ; clk   ; Rise       ; sumador_saldo:U1_sumador|cnt1000[5]                       ;
; -1.000 ; 1.000        ; 2.000          ; Min Period      ; clk   ; Rise       ; sumador_saldo:U1_sumador|cnt1000[6]                       ;
; -1.000 ; 1.000        ; 2.000          ; Min Period      ; clk   ; Rise       ; sumador_saldo:U1_sumador|cnt1000[7]                       ;
; -1.000 ; 1.000        ; 2.000          ; Min Period      ; clk   ; Rise       ; sumador_saldo:U1_sumador|cnt1000[8]                       ;
; -1.000 ; 1.000        ; 2.000          ; Min Period      ; clk   ; Rise       ; sumador_saldo:U1_sumador|cnt1000[9]                       ;
; -1.000 ; 1.000        ; 2.000          ; Min Period      ; clk   ; Rise       ; sumador_saldo:U1_sumador|cnt500[0]                        ;
; -1.000 ; 1.000        ; 2.000          ; Min Period      ; clk   ; Rise       ; sumador_saldo:U1_sumador|cnt500[10]                       ;
; -1.000 ; 1.000        ; 2.000          ; Min Period      ; clk   ; Rise       ; sumador_saldo:U1_sumador|cnt500[11]                       ;
; -1.000 ; 1.000        ; 2.000          ; Min Period      ; clk   ; Rise       ; sumador_saldo:U1_sumador|cnt500[12]                       ;
; -1.000 ; 1.000        ; 2.000          ; Min Period      ; clk   ; Rise       ; sumador_saldo:U1_sumador|cnt500[13]                       ;
; -1.000 ; 1.000        ; 2.000          ; Min Period      ; clk   ; Rise       ; sumador_saldo:U1_sumador|cnt500[14]                       ;
; -1.000 ; 1.000        ; 2.000          ; Min Period      ; clk   ; Rise       ; sumador_saldo:U1_sumador|cnt500[15]                       ;
; -1.000 ; 1.000        ; 2.000          ; Min Period      ; clk   ; Rise       ; sumador_saldo:U1_sumador|cnt500[16]                       ;
; -1.000 ; 1.000        ; 2.000          ; Min Period      ; clk   ; Rise       ; sumador_saldo:U1_sumador|cnt500[17]                       ;
; -1.000 ; 1.000        ; 2.000          ; Min Period      ; clk   ; Rise       ; sumador_saldo:U1_sumador|cnt500[18]                       ;
; -1.000 ; 1.000        ; 2.000          ; Min Period      ; clk   ; Rise       ; sumador_saldo:U1_sumador|cnt500[19]                       ;
; -1.000 ; 1.000        ; 2.000          ; Min Period      ; clk   ; Rise       ; sumador_saldo:U1_sumador|cnt500[1]                        ;
; -1.000 ; 1.000        ; 2.000          ; Min Period      ; clk   ; Rise       ; sumador_saldo:U1_sumador|cnt500[2]                        ;
; -1.000 ; 1.000        ; 2.000          ; Min Period      ; clk   ; Rise       ; sumador_saldo:U1_sumador|cnt500[3]                        ;
; -1.000 ; 1.000        ; 2.000          ; Min Period      ; clk   ; Rise       ; sumador_saldo:U1_sumador|cnt500[4]                        ;
; -1.000 ; 1.000        ; 2.000          ; Min Period      ; clk   ; Rise       ; sumador_saldo:U1_sumador|cnt500[5]                        ;
; -1.000 ; 1.000        ; 2.000          ; Min Period      ; clk   ; Rise       ; sumador_saldo:U1_sumador|cnt500[6]                        ;
; -1.000 ; 1.000        ; 2.000          ; Min Period      ; clk   ; Rise       ; sumador_saldo:U1_sumador|cnt500[7]                        ;
; -1.000 ; 1.000        ; 2.000          ; Min Period      ; clk   ; Rise       ; sumador_saldo:U1_sumador|cnt500[8]                        ;
; -1.000 ; 1.000        ; 2.000          ; Min Period      ; clk   ; Rise       ; sumador_saldo:U1_sumador|cnt500[9]                        ;
; -1.000 ; 1.000        ; 2.000          ; Min Period      ; clk   ; Rise       ; sumador_saldo:U1_sumador|lock1000                         ;
; -1.000 ; 1.000        ; 2.000          ; Min Period      ; clk   ; Rise       ; sumador_saldo:U1_sumador|lock500                          ;
; -1.000 ; 1.000        ; 2.000          ; Min Period      ; clk   ; Rise       ; sumador_saldo:U1_sumador|prev1000                         ;
; -1.000 ; 1.000        ; 2.000          ; Min Period      ; clk   ; Rise       ; sumador_saldo:U1_sumador|prev500                          ;
; -1.000 ; 1.000        ; 2.000          ; Min Period      ; clk   ; Rise       ; sumador_saldo:U1_sumador|saldo_reg[10]                    ;
; -1.000 ; 1.000        ; 2.000          ; Min Period      ; clk   ; Rise       ; sumador_saldo:U1_sumador|saldo_reg[11]                    ;
; -1.000 ; 1.000        ; 2.000          ; Min Period      ; clk   ; Rise       ; sumador_saldo:U1_sumador|saldo_reg[12]                    ;
; -1.000 ; 1.000        ; 2.000          ; Min Period      ; clk   ; Rise       ; sumador_saldo:U1_sumador|saldo_reg[13]                    ;
; -1.000 ; 1.000        ; 2.000          ; Min Period      ; clk   ; Rise       ; sumador_saldo:U1_sumador|saldo_reg[2]                     ;
; -1.000 ; 1.000        ; 2.000          ; Min Period      ; clk   ; Rise       ; sumador_saldo:U1_sumador|saldo_reg[3]                     ;
; -1.000 ; 1.000        ; 2.000          ; Min Period      ; clk   ; Rise       ; sumador_saldo:U1_sumador|saldo_reg[4]                     ;
; -1.000 ; 1.000        ; 2.000          ; Min Period      ; clk   ; Rise       ; sumador_saldo:U1_sumador|saldo_reg[5]                     ;
; -1.000 ; 1.000        ; 2.000          ; Min Period      ; clk   ; Rise       ; sumador_saldo:U1_sumador|saldo_reg[6]                     ;
; -1.000 ; 1.000        ; 2.000          ; Min Period      ; clk   ; Rise       ; sumador_saldo:U1_sumador|saldo_reg[7]                     ;
; -1.000 ; 1.000        ; 2.000          ; Min Period      ; clk   ; Rise       ; sumador_saldo:U1_sumador|saldo_reg[8]                     ;
; -1.000 ; 1.000        ; 2.000          ; Min Period      ; clk   ; Rise       ; sumador_saldo:U1_sumador|saldo_reg[9]                     ;
; -0.085 ; 0.099        ; 0.184          ; Low Pulse Width ; clk   ; Rise       ; fsm_maquina_expendedora:U4_fsm|current_state.CAMBIO       ;
; -0.085 ; 0.099        ; 0.184          ; Low Pulse Width ; clk   ; Rise       ; fsm_maquina_expendedora:U4_fsm|current_state.ENTREGA      ;
; -0.085 ; 0.099        ; 0.184          ; Low Pulse Width ; clk   ; Rise       ; fsm_maquina_expendedora:U4_fsm|current_state.SIN_STOCK    ;
; -0.085 ; 0.099        ; 0.184          ; Low Pulse Width ; clk   ; Rise       ; fsm_maquina_expendedora:U4_fsm|current_state.VALIDACION   ;
; -0.084 ; 0.100        ; 0.184          ; Low Pulse Width ; clk   ; Rise       ; RESTADOR:U3_restador|cambio_reg[14]                       ;
; -0.056 ; 0.128        ; 0.184          ; Low Pulse Width ; clk   ; Rise       ; fsm_maquina_expendedora:U4_fsm|current_state.ESPERA       ;
; -0.056 ; 0.128        ; 0.184          ; Low Pulse Width ; clk   ; Rise       ; fsm_maquina_expendedora:U4_fsm|current_state.HAY_ANOMALIA ;
; -0.056 ; 0.128        ; 0.184          ; Low Pulse Width ; clk   ; Rise       ; fsm_maquina_expendedora:U4_fsm|current_state.MONEDAS      ;
; -0.056 ; 0.128        ; 0.184          ; Low Pulse Width ; clk   ; Rise       ; sumador_saldo:U1_sumador|cnt500[0]                        ;
; -0.056 ; 0.128        ; 0.184          ; Low Pulse Width ; clk   ; Rise       ; sumador_saldo:U1_sumador|cnt500[10]                       ;
; -0.056 ; 0.128        ; 0.184          ; Low Pulse Width ; clk   ; Rise       ; sumador_saldo:U1_sumador|cnt500[11]                       ;
; -0.056 ; 0.128        ; 0.184          ; Low Pulse Width ; clk   ; Rise       ; sumador_saldo:U1_sumador|cnt500[12]                       ;
; -0.056 ; 0.128        ; 0.184          ; Low Pulse Width ; clk   ; Rise       ; sumador_saldo:U1_sumador|cnt500[13]                       ;
; -0.056 ; 0.128        ; 0.184          ; Low Pulse Width ; clk   ; Rise       ; sumador_saldo:U1_sumador|cnt500[14]                       ;
; -0.056 ; 0.128        ; 0.184          ; Low Pulse Width ; clk   ; Rise       ; sumador_saldo:U1_sumador|cnt500[15]                       ;
; -0.056 ; 0.128        ; 0.184          ; Low Pulse Width ; clk   ; Rise       ; sumador_saldo:U1_sumador|cnt500[16]                       ;
; -0.056 ; 0.128        ; 0.184          ; Low Pulse Width ; clk   ; Rise       ; sumador_saldo:U1_sumador|cnt500[17]                       ;
; -0.056 ; 0.128        ; 0.184          ; Low Pulse Width ; clk   ; Rise       ; sumador_saldo:U1_sumador|cnt500[18]                       ;
; -0.056 ; 0.128        ; 0.184          ; Low Pulse Width ; clk   ; Rise       ; sumador_saldo:U1_sumador|cnt500[19]                       ;
; -0.056 ; 0.128        ; 0.184          ; Low Pulse Width ; clk   ; Rise       ; sumador_saldo:U1_sumador|cnt500[1]                        ;
; -0.056 ; 0.128        ; 0.184          ; Low Pulse Width ; clk   ; Rise       ; sumador_saldo:U1_sumador|cnt500[2]                        ;
; -0.056 ; 0.128        ; 0.184          ; Low Pulse Width ; clk   ; Rise       ; sumador_saldo:U1_sumador|cnt500[3]                        ;
; -0.056 ; 0.128        ; 0.184          ; Low Pulse Width ; clk   ; Rise       ; sumador_saldo:U1_sumador|cnt500[4]                        ;
; -0.056 ; 0.128        ; 0.184          ; Low Pulse Width ; clk   ; Rise       ; sumador_saldo:U1_sumador|cnt500[5]                        ;
; -0.056 ; 0.128        ; 0.184          ; Low Pulse Width ; clk   ; Rise       ; sumador_saldo:U1_sumador|cnt500[6]                        ;
; -0.056 ; 0.128        ; 0.184          ; Low Pulse Width ; clk   ; Rise       ; sumador_saldo:U1_sumador|cnt500[7]                        ;
; -0.056 ; 0.128        ; 0.184          ; Low Pulse Width ; clk   ; Rise       ; sumador_saldo:U1_sumador|cnt500[9]                        ;
; -0.056 ; 0.128        ; 0.184          ; Low Pulse Width ; clk   ; Rise       ; sumador_saldo:U1_sumador|lock1000                         ;
; -0.056 ; 0.128        ; 0.184          ; Low Pulse Width ; clk   ; Rise       ; sumador_saldo:U1_sumador|lock500                          ;
; -0.056 ; 0.128        ; 0.184          ; Low Pulse Width ; clk   ; Rise       ; sumador_saldo:U1_sumador|prev1000                         ;
; -0.056 ; 0.128        ; 0.184          ; Low Pulse Width ; clk   ; Rise       ; sumador_saldo:U1_sumador|prev500                          ;
; -0.056 ; 0.128        ; 0.184          ; Low Pulse Width ; clk   ; Rise       ; sumador_saldo:U1_sumador|saldo_reg[10]                    ;
; -0.056 ; 0.128        ; 0.184          ; Low Pulse Width ; clk   ; Rise       ; sumador_saldo:U1_sumador|saldo_reg[11]                    ;
; -0.056 ; 0.128        ; 0.184          ; Low Pulse Width ; clk   ; Rise       ; sumador_saldo:U1_sumador|saldo_reg[12]                    ;
; -0.056 ; 0.128        ; 0.184          ; Low Pulse Width ; clk   ; Rise       ; sumador_saldo:U1_sumador|saldo_reg[13]                    ;
+--------+--------------+----------------+-----------------+-------+------------+-----------------------------------------------------------+


+--------------------------------------------------------------------------+
; Setup Times                                                              ;
+--------------+------------+-------+-------+------------+-----------------+
; Data Port    ; Clock Port ; Rise  ; Fall  ; Clock Edge ; Clock Reference ;
+--------------+------------+-------+-------+------------+-----------------+
; anomalia     ; clk        ; 1.365 ; 1.868 ; Rise       ; clk             ;
; confirmar    ; clk        ; 1.435 ; 1.988 ; Rise       ; clk             ;
; puerta_fin   ; clk        ; 1.285 ; 1.956 ; Rise       ; clk             ;
; sel_prod[*]  ; clk        ; 1.999 ; 2.621 ; Rise       ; clk             ;
;  sel_prod[0] ; clk        ; 1.826 ; 2.429 ; Rise       ; clk             ;
;  sel_prod[1] ; clk        ; 1.999 ; 2.618 ; Rise       ; clk             ;
;  sel_prod[2] ; clk        ; 1.882 ; 2.496 ; Rise       ; clk             ;
;  sel_prod[3] ; clk        ; 1.967 ; 2.621 ; Rise       ; clk             ;
; sw500        ; clk        ; 2.362 ; 3.067 ; Rise       ; clk             ;
; sw1000       ; clk        ; 2.419 ; 3.045 ; Rise       ; clk             ;
+--------------+------------+-------+-------+------------+-----------------+


+----------------------------------------------------------------------------+
; Hold Times                                                                 ;
+--------------+------------+--------+--------+------------+-----------------+
; Data Port    ; Clock Port ; Rise   ; Fall   ; Clock Edge ; Clock Reference ;
+--------------+------------+--------+--------+------------+-----------------+
; anomalia     ; clk        ; -0.488 ; -1.053 ; Rise       ; clk             ;
; confirmar    ; clk        ; -0.936 ; -1.565 ; Rise       ; clk             ;
; puerta_fin   ; clk        ; -0.566 ; -1.152 ; Rise       ; clk             ;
; sel_prod[*]  ; clk        ; -1.055 ; -1.623 ; Rise       ; clk             ;
;  sel_prod[0] ; clk        ; -1.055 ; -1.623 ; Rise       ; clk             ;
;  sel_prod[1] ; clk        ; -1.197 ; -1.781 ; Rise       ; clk             ;
;  sel_prod[2] ; clk        ; -1.078 ; -1.713 ; Rise       ; clk             ;
;  sel_prod[3] ; clk        ; -1.144 ; -1.790 ; Rise       ; clk             ;
; sw500        ; clk        ; -0.802 ; -1.411 ; Rise       ; clk             ;
; sw1000       ; clk        ; -0.894 ; -1.497 ; Rise       ; clk             ;
+--------------+------------+--------+--------+------------+-----------------+


+------------------------------------------------------------------------------+
; Clock to Output Times                                                        ;
+----------------+------------+--------+--------+------------+-----------------+
; Data Port      ; Clock Port ; Rise   ; Fall   ; Clock Edge ; Clock Reference ;
+----------------+------------+--------+--------+------------+-----------------+
; disp0[*]       ; clk        ; 25.484 ; 25.512 ; Rise       ; clk             ;
;  disp0[0]      ; clk        ; 25.212 ; 25.218 ; Rise       ; clk             ;
;  disp0[1]      ; clk        ; 25.215 ; 25.224 ; Rise       ; clk             ;
;  disp0[2]      ; clk        ; 25.469 ; 25.377 ; Rise       ; clk             ;
;  disp0[3]      ; clk        ; 25.484 ; 25.512 ; Rise       ; clk             ;
;  disp0[4]      ; clk        ; 25.342 ; 25.508 ; Rise       ; clk             ;
;  disp0[5]      ; clk        ; 25.330 ; 25.495 ; Rise       ; clk             ;
;  disp0[6]      ; clk        ; 25.382 ; 25.470 ; Rise       ; clk             ;
; disp1[*]       ; clk        ; 11.599 ; 11.673 ; Rise       ; clk             ;
;  disp1[0]      ; clk        ; 11.375 ; 11.405 ; Rise       ; clk             ;
;  disp1[1]      ; clk        ; 11.371 ; 11.399 ; Rise       ; clk             ;
;  disp1[2]      ; clk        ; 11.458 ; 11.458 ; Rise       ; clk             ;
;  disp1[3]      ; clk        ; 11.351 ; 11.373 ; Rise       ; clk             ;
;  disp1[4]      ; clk        ; 11.340 ; 11.390 ; Rise       ; clk             ;
;  disp1[5]      ; clk        ; 11.599 ; 11.673 ; Rise       ; clk             ;
;  disp1[6]      ; clk        ; 11.519 ; 11.509 ; Rise       ; clk             ;
; led_anom       ; clk        ; 3.393  ; 3.427  ; Rise       ; clk             ;
; led_entrega    ; clk        ; 3.787  ; 3.836  ; Rise       ; clk             ;
; led_estado[*]  ; clk        ; 3.871  ; 3.951  ; Rise       ; clk             ;
;  led_estado[0] ; clk        ; 3.866  ; 3.943  ; Rise       ; clk             ;
;  led_estado[1] ; clk        ; 3.871  ; 3.951  ; Rise       ; clk             ;
;  led_estado[2] ; clk        ; 3.807  ; 3.918  ; Rise       ; clk             ;
+----------------+------------+--------+--------+------------+-----------------+


+----------------------------------------------------------------------------+
; Minimum Clock to Output Times                                              ;
+----------------+------------+-------+-------+------------+-----------------+
; Data Port      ; Clock Port ; Rise  ; Fall  ; Clock Edge ; Clock Reference ;
+----------------+------------+-------+-------+------------+-----------------+
; disp0[*]       ; clk        ; 5.499 ; 5.523 ; Rise       ; clk             ;
;  disp0[0]      ; clk        ; 5.499 ; 5.523 ; Rise       ; clk             ;
;  disp0[1]      ; clk        ; 5.500 ; 5.527 ; Rise       ; clk             ;
;  disp0[2]      ; clk        ; 5.885 ; 5.789 ; Rise       ; clk             ;
;  disp0[3]      ; clk        ; 5.758 ; 5.803 ; Rise       ; clk             ;
;  disp0[4]      ; clk        ; 5.755 ; 5.921 ; Rise       ; clk             ;
;  disp0[5]      ; clk        ; 5.743 ; 5.909 ; Rise       ; clk             ;
;  disp0[6]      ; clk        ; 5.794 ; 5.886 ; Rise       ; clk             ;
; disp1[*]       ; clk        ; 4.921 ; 4.959 ; Rise       ; clk             ;
;  disp1[0]      ; clk        ; 5.054 ; 5.098 ; Rise       ; clk             ;
;  disp1[1]      ; clk        ; 5.048 ; 5.130 ; Rise       ; clk             ;
;  disp1[2]      ; clk        ; 4.921 ; 4.959 ; Rise       ; clk             ;
;  disp1[3]      ; clk        ; 5.030 ; 5.067 ; Rise       ; clk             ;
;  disp1[4]      ; clk        ; 5.045 ; 5.125 ; Rise       ; clk             ;
;  disp1[5]      ; clk        ; 5.291 ; 5.323 ; Rise       ; clk             ;
;  disp1[6]      ; clk        ; 5.234 ; 5.177 ; Rise       ; clk             ;
; led_anom       ; clk        ; 3.328 ; 3.359 ; Rise       ; clk             ;
; led_entrega    ; clk        ; 3.706 ; 3.753 ; Rise       ; clk             ;
; led_estado[*]  ; clk        ; 3.461 ; 3.552 ; Rise       ; clk             ;
;  led_estado[0] ; clk        ; 3.524 ; 3.589 ; Rise       ; clk             ;
;  led_estado[1] ; clk        ; 3.536 ; 3.599 ; Rise       ; clk             ;
;  led_estado[2] ; clk        ; 3.461 ; 3.552 ; Rise       ; clk             ;
+----------------+------------+-------+-------+------------+-----------------+


+-------------------------------------------------------------+
; Propagation Delay                                           ;
+-------------+---------------+-------+-------+-------+-------+
; Input Port  ; Output Port   ; RR    ; RF    ; FR    ; FF    ;
+-------------+---------------+-------+-------+-------+-------+
; sel_prod[0] ; alerta_led    ; 4.316 ;       ;       ; 4.961 ;
; sel_prod[0] ; disp2[0]      ; 4.359 ; 4.384 ; 5.033 ; 5.077 ;
; sel_prod[0] ; disp2[1]      ; 4.317 ; 4.344 ; 4.990 ; 5.036 ;
; sel_prod[0] ; disp2[2]      ;       ; 4.257 ; 4.919 ;       ;
; sel_prod[0] ; disp2[3]      ; 4.362 ; 4.386 ; 5.036 ; 5.079 ;
; sel_prod[0] ; disp2[4]      ; 4.359 ;       ;       ; 5.076 ;
; sel_prod[0] ; disp2[5]      ; 4.345 ;       ;       ; 5.061 ;
; sel_prod[0] ; disp2[6]      ; 4.549 ;       ;       ; 5.178 ;
; sel_prod[0] ; stock_leds[0] ;       ; 4.374 ; 5.023 ;       ;
; sel_prod[0] ; stock_leds[1] ;       ; 4.362 ; 5.004 ;       ;
; sel_prod[1] ; alerta_led    ; 4.468 ; 4.504 ; 5.078 ; 5.123 ;
; sel_prod[1] ; disp2[0]      ; 5.432 ; 5.413 ; 5.953 ; 5.952 ;
; sel_prod[1] ; disp2[1]      ; 5.391 ; 5.420 ; 5.912 ; 5.941 ;
; sel_prod[1] ; disp2[2]      ; 5.257 ; 5.312 ; 5.827 ; 5.833 ;
; sel_prod[1] ; disp2[3]      ; 5.436 ; 5.440 ; 5.957 ; 5.961 ;
; sel_prod[1] ; disp2[4]      ; 5.445 ; 5.423 ; 5.966 ; 5.956 ;
; sel_prod[1] ; disp2[5]      ; 5.361 ; 5.430 ; 5.927 ; 5.951 ;
; sel_prod[1] ; disp2[6]      ; 5.601 ; 5.569 ; 6.122 ; 6.090 ;
; sel_prod[1] ; disp3[0]      ; 5.904 ;       ;       ; 6.268 ;
; sel_prod[1] ; disp3[3]      ; 5.770 ;       ;       ; 6.139 ;
; sel_prod[1] ; disp3[4]      ; 5.585 ;       ;       ; 5.982 ;
; sel_prod[1] ; disp3[5]      ; 5.585 ;       ;       ; 5.982 ;
; sel_prod[1] ; stock_leds[0] ; 4.566 ; 4.526 ; 5.185 ; 5.136 ;
; sel_prod[1] ; stock_leds[1] ; 4.547 ; 4.514 ; 5.166 ; 5.124 ;
; sel_prod[2] ; alerta_led    ; 4.372 ; 4.410 ; 4.967 ; 5.024 ;
; sel_prod[2] ; disp2[0]      ; 5.295 ; 5.276 ; 5.928 ; 5.921 ;
; sel_prod[2] ; disp2[1]      ; 5.254 ; 5.283 ; 5.887 ; 5.916 ;
; sel_prod[2] ; disp2[2]      ; 5.120 ; 5.175 ; 5.765 ; 5.808 ;
; sel_prod[2] ; disp2[3]      ; 5.299 ; 5.303 ; 5.932 ; 5.936 ;
; sel_prod[2] ; disp2[4]      ; 5.308 ; 5.286 ; 5.941 ; 5.931 ;
; sel_prod[2] ; disp2[5]      ; 5.224 ; 5.293 ; 5.869 ; 5.926 ;
; sel_prod[2] ; disp2[6]      ; 5.464 ; 5.432 ; 6.097 ; 6.065 ;
; sel_prod[2] ; disp3[0]      ; 5.806 ;       ;       ; 6.293 ;
; sel_prod[2] ; disp3[3]      ; 5.672 ;       ;       ; 6.164 ;
; sel_prod[2] ; disp3[4]      ; 5.487 ;       ;       ; 6.007 ;
; sel_prod[2] ; disp3[5]      ; 5.487 ;       ;       ; 6.007 ;
; sel_prod[2] ; stock_leds[0] ; 4.472 ; 4.430 ; 5.086 ; 5.025 ;
; sel_prod[2] ; stock_leds[1] ; 4.453 ; 4.418 ; 5.067 ; 5.013 ;
; sel_prod[3] ; alerta_led    ; 4.472 ;       ;       ; 5.145 ;
; sel_prod[3] ; disp2[0]      ; 5.414 ; 5.395 ; 5.924 ; 5.917 ;
; sel_prod[3] ; disp2[1]      ; 5.373 ; 5.402 ; 5.883 ; 5.912 ;
; sel_prod[3] ; disp2[2]      ; 5.239 ; 5.294 ; 5.761 ; 5.804 ;
; sel_prod[3] ; disp2[3]      ; 5.418 ; 5.422 ; 5.928 ; 5.932 ;
; sel_prod[3] ; disp2[4]      ; 5.427 ; 5.405 ; 5.937 ; 5.927 ;
; sel_prod[3] ; disp2[5]      ; 5.343 ; 5.412 ; 5.865 ; 5.922 ;
; sel_prod[3] ; disp2[6]      ; 5.583 ; 5.551 ; 6.093 ; 6.061 ;
; sel_prod[3] ; disp3[0]      ; 5.823 ;       ;       ; 6.195 ;
; sel_prod[3] ; disp3[3]      ; 5.689 ;       ;       ; 6.066 ;
; sel_prod[3] ; disp3[4]      ; 5.504 ;       ;       ; 5.909 ;
; sel_prod[3] ; disp3[5]      ; 5.504 ;       ;       ; 5.909 ;
; sel_prod[3] ; stock_leds[0] ;       ; 4.530 ; 5.207 ;       ;
; sel_prod[3] ; stock_leds[1] ;       ; 4.518 ; 5.188 ;       ;
+-------------+---------------+-------+-------+-------+-------+


+-------------------------------------------------------------+
; Minimum Propagation Delay                                   ;
+-------------+---------------+-------+-------+-------+-------+
; Input Port  ; Output Port   ; RR    ; RF    ; FR    ; FF    ;
+-------------+---------------+-------+-------+-------+-------+
; sel_prod[0] ; alerta_led    ; 4.212 ;       ;       ; 4.849 ;
; sel_prod[0] ; disp2[0]      ; 4.247 ; 4.270 ; 4.911 ; 4.953 ;
; sel_prod[0] ; disp2[1]      ; 4.208 ; 4.233 ; 4.871 ; 4.915 ;
; sel_prod[0] ; disp2[2]      ;       ; 4.150 ; 4.801 ;       ;
; sel_prod[0] ; disp2[3]      ; 4.250 ; 4.273 ; 4.914 ; 4.956 ;
; sel_prod[0] ; disp2[4]      ; 4.248 ;       ;       ; 4.952 ;
; sel_prod[0] ; disp2[5]      ; 4.235 ;       ;       ; 4.940 ;
; sel_prod[0] ; disp2[6]      ; 4.429 ;       ;       ; 5.050 ;
; sel_prod[0] ; stock_leds[0] ;       ; 4.269 ; 4.909 ;       ;
; sel_prod[0] ; stock_leds[1] ;       ; 4.257 ; 4.890 ;       ;
; sel_prod[1] ; alerta_led    ; 4.360 ; 4.394 ; 4.962 ; 5.005 ;
; sel_prod[1] ; disp2[0]      ; 4.466 ; 4.516 ; 5.184 ; 5.179 ;
; sel_prod[1] ; disp2[1]      ; 4.434 ; 4.501 ; 5.171 ; 5.150 ;
; sel_prod[1] ; disp2[2]      ; 4.359 ; 4.622 ; 5.222 ; 5.061 ;
; sel_prod[1] ; disp2[3]      ; 4.469 ; 4.519 ; 5.187 ; 5.182 ;
; sel_prod[1] ; disp2[4]      ; 4.477 ; 4.546 ; 5.223 ; 5.194 ;
; sel_prod[1] ; disp2[5]      ; 4.459 ; 4.735 ; 5.322 ; 5.174 ;
; sel_prod[1] ; disp2[6]      ; 4.654 ; 4.626 ; 5.357 ; 5.300 ;
; sel_prod[1] ; disp3[0]      ; 5.600 ;       ;       ; 6.045 ;
; sel_prod[1] ; disp3[3]      ; 5.472 ;       ;       ; 5.922 ;
; sel_prod[1] ; disp3[4]      ; 5.293 ;       ;       ; 5.771 ;
; sel_prod[1] ; disp3[5]      ; 5.293 ;       ;       ; 5.771 ;
; sel_prod[1] ; stock_leds[0] ; 4.454 ; 4.417 ; 5.065 ; 5.019 ;
; sel_prod[1] ; stock_leds[1] ; 4.435 ; 4.405 ; 5.046 ; 5.007 ;
; sel_prod[2] ; alerta_led    ; 4.267 ; 4.303 ; 4.854 ; 4.909 ;
; sel_prod[2] ; disp2[0]      ; 4.470 ; 4.517 ; 5.173 ; 5.168 ;
; sel_prod[2] ; disp2[1]      ; 4.433 ; 4.757 ; 5.309 ; 5.132 ;
; sel_prod[2] ; disp2[2]      ; 4.361 ; 4.418 ; 5.082 ; 5.047 ;
; sel_prod[2] ; disp2[3]      ; 4.472 ; 4.519 ; 5.175 ; 5.170 ;
; sel_prod[2] ; disp2[4]      ; 4.475 ; 4.796 ; 5.351 ; 5.173 ;
; sel_prod[2] ; disp2[5]      ; 4.461 ; 4.508 ; 5.160 ; 5.155 ;
; sel_prod[2] ; disp2[6]      ; 4.655 ; 4.631 ; 5.347 ; 5.290 ;
; sel_prod[2] ; disp3[0]      ; 5.575 ;       ;       ; 6.009 ;
; sel_prod[2] ; disp3[3]      ; 5.447 ;       ;       ; 5.886 ;
; sel_prod[2] ; disp3[4]      ; 5.268 ;       ;       ; 5.735 ;
; sel_prod[2] ; disp3[5]      ; 5.268 ;       ;       ; 5.735 ;
; sel_prod[2] ; stock_leds[0] ; 4.363 ; 4.324 ; 4.969 ; 4.911 ;
; sel_prod[2] ; stock_leds[1] ; 4.344 ; 4.312 ; 4.950 ; 4.899 ;
; sel_prod[3] ; alerta_led    ; 4.352 ;       ;       ; 5.028 ;
; sel_prod[3] ; disp2[0]      ; 4.452 ; 4.480 ; 5.123 ; 5.144 ;
; sel_prod[3] ; disp2[1]      ; 4.415 ; 4.711 ; 5.282 ; 5.110 ;
; sel_prod[3] ; disp2[2]      ; 4.342 ; 4.625 ; 5.209 ; 5.024 ;
; sel_prod[3] ; disp2[3]      ; 4.454 ; 4.482 ; 5.125 ; 5.146 ;
; sel_prod[3] ; disp2[4]      ; 4.457 ; 4.750 ; 5.324 ; 5.149 ;
; sel_prod[3] ; disp2[5]      ; 4.443 ; 4.471 ; 5.112 ; 5.133 ;
; sel_prod[3] ; disp2[6]      ; 4.637 ; 4.590 ; 5.302 ; 5.262 ;
; sel_prod[3] ; disp3[0]      ; 5.523 ;       ;       ; 5.979 ;
; sel_prod[3] ; disp3[3]      ; 5.395 ;       ;       ; 5.856 ;
; sel_prod[3] ; disp3[4]      ; 5.216 ;       ;       ; 5.705 ;
; sel_prod[3] ; disp3[5]      ; 5.216 ;       ;       ; 5.705 ;
; sel_prod[3] ; stock_leds[0] ;       ; 4.409 ; 5.088 ;       ;
; sel_prod[3] ; stock_leds[1] ;       ; 4.397 ; 5.069 ;       ;
+-------------+---------------+-------+-------+-------+-------+


---------------------------------------------
; Fast 1200mV 0C Model Metastability Report ;
---------------------------------------------
No synchronizer chains to report.


+--------------------------------------------------------------------------------+
; Multicorner Timing Analysis Summary                                            ;
+------------------+----------+-------+----------+---------+---------------------+
; Clock            ; Setup    ; Hold  ; Recovery ; Removal ; Minimum Pulse Width ;
+------------------+----------+-------+----------+---------+---------------------+
; Worst-case Slack ; -2.475   ; 0.180 ; N/A      ; N/A     ; -3.000              ;
;  clk             ; -2.475   ; 0.180 ; N/A      ; N/A     ; -3.000              ;
; Design-wide TNS  ; -123.92  ; 0.0   ; 0.0      ; 0.0     ; -70.705             ;
;  clk             ; -123.920 ; 0.000 ; N/A      ; N/A     ; -70.705             ;
+------------------+----------+-------+----------+---------+---------------------+


+--------------------------------------------------------------------------+
; Setup Times                                                              ;
+--------------+------------+-------+-------+------------+-----------------+
; Data Port    ; Clock Port ; Rise  ; Fall  ; Clock Edge ; Clock Reference ;
+--------------+------------+-------+-------+------------+-----------------+
; anomalia     ; clk        ; 2.483 ; 2.794 ; Rise       ; clk             ;
; confirmar    ; clk        ; 2.600 ; 2.951 ; Rise       ; clk             ;
; puerta_fin   ; clk        ; 2.327 ; 2.884 ; Rise       ; clk             ;
; sel_prod[*]  ; clk        ; 3.609 ; 4.047 ; Rise       ; clk             ;
;  sel_prod[0] ; clk        ; 3.235 ; 3.732 ; Rise       ; clk             ;
;  sel_prod[1] ; clk        ; 3.578 ; 4.047 ; Rise       ; clk             ;
;  sel_prod[2] ; clk        ; 3.381 ; 3.828 ; Rise       ; clk             ;
;  sel_prod[3] ; clk        ; 3.609 ; 4.041 ; Rise       ; clk             ;
; sw500        ; clk        ; 4.301 ; 4.756 ; Rise       ; clk             ;
; sw1000       ; clk        ; 4.337 ; 4.802 ; Rise       ; clk             ;
+--------------+------------+-------+-------+------------+-----------------+


+----------------------------------------------------------------------------+
; Hold Times                                                                 ;
+--------------+------------+--------+--------+------------+-----------------+
; Data Port    ; Clock Port ; Rise   ; Fall   ; Clock Edge ; Clock Reference ;
+--------------+------------+--------+--------+------------+-----------------+
; anomalia     ; clk        ; -0.488 ; -1.053 ; Rise       ; clk             ;
; confirmar    ; clk        ; -0.936 ; -1.565 ; Rise       ; clk             ;
; puerta_fin   ; clk        ; -0.566 ; -1.152 ; Rise       ; clk             ;
; sel_prod[*]  ; clk        ; -1.055 ; -1.623 ; Rise       ; clk             ;
;  sel_prod[0] ; clk        ; -1.055 ; -1.623 ; Rise       ; clk             ;
;  sel_prod[1] ; clk        ; -1.197 ; -1.781 ; Rise       ; clk             ;
;  sel_prod[2] ; clk        ; -1.078 ; -1.713 ; Rise       ; clk             ;
;  sel_prod[3] ; clk        ; -1.144 ; -1.790 ; Rise       ; clk             ;
; sw500        ; clk        ; -0.802 ; -1.411 ; Rise       ; clk             ;
; sw1000       ; clk        ; -0.894 ; -1.497 ; Rise       ; clk             ;
+--------------+------------+--------+--------+------------+-----------------+


+------------------------------------------------------------------------------+
; Clock to Output Times                                                        ;
+----------------+------------+--------+--------+------------+-----------------+
; Data Port      ; Clock Port ; Rise   ; Fall   ; Clock Edge ; Clock Reference ;
+----------------+------------+--------+--------+------------+-----------------+
; disp0[*]       ; clk        ; 44.737 ; 44.721 ; Rise       ; clk             ;
;  disp0[0]      ; clk        ; 44.248 ; 44.171 ; Rise       ; clk             ;
;  disp0[1]      ; clk        ; 44.259 ; 44.183 ; Rise       ; clk             ;
;  disp0[2]      ; clk        ; 44.709 ; 44.468 ; Rise       ; clk             ;
;  disp0[3]      ; clk        ; 44.737 ; 44.651 ; Rise       ; clk             ;
;  disp0[4]      ; clk        ; 44.547 ; 44.649 ; Rise       ; clk             ;
;  disp0[5]      ; clk        ; 44.518 ; 44.623 ; Rise       ; clk             ;
;  disp0[6]      ; clk        ; 44.479 ; 44.721 ; Rise       ; clk             ;
; disp1[*]       ; clk        ; 20.339 ; 20.248 ; Rise       ; clk             ;
;  disp1[0]      ; clk        ; 19.871 ; 19.800 ; Rise       ; clk             ;
;  disp1[1]      ; clk        ; 19.862 ; 19.789 ; Rise       ; clk             ;
;  disp1[2]      ; clk        ; 20.033 ; 19.955 ; Rise       ; clk             ;
;  disp1[3]      ; clk        ; 19.821 ; 19.746 ; Rise       ; clk             ;
;  disp1[4]      ; clk        ; 19.847 ; 19.768 ; Rise       ; clk             ;
;  disp1[5]      ; clk        ; 20.339 ; 20.248 ; Rise       ; clk             ;
;  disp1[6]      ; clk        ; 20.031 ; 20.089 ; Rise       ; clk             ;
; led_anom       ; clk        ; 5.618  ; 5.643  ; Rise       ; clk             ;
; led_entrega    ; clk        ; 6.282  ; 6.320  ; Rise       ; clk             ;
; led_estado[*]  ; clk        ; 6.524  ; 6.602  ; Rise       ; clk             ;
;  led_estado[0] ; clk        ; 6.497  ; 6.584  ; Rise       ; clk             ;
;  led_estado[1] ; clk        ; 6.524  ; 6.602  ; Rise       ; clk             ;
;  led_estado[2] ; clk        ; 6.480  ; 6.549  ; Rise       ; clk             ;
+----------------+------------+--------+--------+------------+-----------------+


+----------------------------------------------------------------------------+
; Minimum Clock to Output Times                                              ;
+----------------+------------+-------+-------+------------+-----------------+
; Data Port      ; Clock Port ; Rise  ; Fall  ; Clock Edge ; Clock Reference ;
+----------------+------------+-------+-------+------------+-----------------+
; disp0[*]       ; clk        ; 5.499 ; 5.523 ; Rise       ; clk             ;
;  disp0[0]      ; clk        ; 5.499 ; 5.523 ; Rise       ; clk             ;
;  disp0[1]      ; clk        ; 5.500 ; 5.527 ; Rise       ; clk             ;
;  disp0[2]      ; clk        ; 5.885 ; 5.789 ; Rise       ; clk             ;
;  disp0[3]      ; clk        ; 5.758 ; 5.803 ; Rise       ; clk             ;
;  disp0[4]      ; clk        ; 5.755 ; 5.921 ; Rise       ; clk             ;
;  disp0[5]      ; clk        ; 5.743 ; 5.909 ; Rise       ; clk             ;
;  disp0[6]      ; clk        ; 5.794 ; 5.886 ; Rise       ; clk             ;
; disp1[*]       ; clk        ; 4.921 ; 4.959 ; Rise       ; clk             ;
;  disp1[0]      ; clk        ; 5.054 ; 5.098 ; Rise       ; clk             ;
;  disp1[1]      ; clk        ; 5.048 ; 5.130 ; Rise       ; clk             ;
;  disp1[2]      ; clk        ; 4.921 ; 4.959 ; Rise       ; clk             ;
;  disp1[3]      ; clk        ; 5.030 ; 5.067 ; Rise       ; clk             ;
;  disp1[4]      ; clk        ; 5.045 ; 5.125 ; Rise       ; clk             ;
;  disp1[5]      ; clk        ; 5.291 ; 5.323 ; Rise       ; clk             ;
;  disp1[6]      ; clk        ; 5.234 ; 5.177 ; Rise       ; clk             ;
; led_anom       ; clk        ; 3.328 ; 3.359 ; Rise       ; clk             ;
; led_entrega    ; clk        ; 3.706 ; 3.753 ; Rise       ; clk             ;
; led_estado[*]  ; clk        ; 3.461 ; 3.552 ; Rise       ; clk             ;
;  led_estado[0] ; clk        ; 3.524 ; 3.589 ; Rise       ; clk             ;
;  led_estado[1] ; clk        ; 3.536 ; 3.599 ; Rise       ; clk             ;
;  led_estado[2] ; clk        ; 3.461 ; 3.552 ; Rise       ; clk             ;
+----------------+------------+-------+-------+------------+-----------------+


+--------------------------------------------------------------+
; Propagation Delay                                            ;
+-------------+---------------+-------+-------+-------+--------+
; Input Port  ; Output Port   ; RR    ; RF    ; FR    ; FF     ;
+-------------+---------------+-------+-------+-------+--------+
; sel_prod[0] ; alerta_led    ; 7.263 ;       ;       ; 7.653  ;
; sel_prod[0] ; disp2[0]      ; 7.447 ; 7.374 ; 7.935 ; 7.896  ;
; sel_prod[0] ; disp2[1]      ; 7.347 ; 7.302 ; 7.832 ; 7.821  ;
; sel_prod[0] ; disp2[2]      ;       ; 7.165 ; 7.727 ;        ;
; sel_prod[0] ; disp2[3]      ; 7.470 ; 7.389 ; 7.958 ; 7.911  ;
; sel_prod[0] ; disp2[4]      ; 7.437 ;       ;       ; 7.879  ;
; sel_prod[0] ; disp2[5]      ; 7.369 ;       ;       ; 7.840  ;
; sel_prod[0] ; disp2[6]      ; 7.647 ;       ;       ; 8.198  ;
; sel_prod[0] ; stock_leds[0] ;       ; 7.324 ; 7.740 ;        ;
; sel_prod[0] ; stock_leds[1] ;       ; 7.298 ; 7.706 ;        ;
; sel_prod[1] ; alerta_led    ; 7.548 ; 7.514 ; 7.983 ; 7.968  ;
; sel_prod[1] ; disp2[0]      ; 9.385 ; 9.266 ; 9.638 ; 9.542  ;
; sel_prod[1] ; disp2[1]      ; 9.275 ; 9.249 ; 9.528 ; 9.502  ;
; sel_prod[1] ; disp2[2]      ; 9.095 ; 9.092 ; 9.388 ; 9.345  ;
; sel_prod[1] ; disp2[3]      ; 9.407 ; 9.302 ; 9.660 ; 9.556  ;
; sel_prod[1] ; disp2[4]      ; 9.386 ; 9.258 ; 9.639 ; 9.534  ;
; sel_prod[1] ; disp2[5]      ; 9.226 ; 9.247 ; 9.516 ; 9.500  ;
; sel_prod[1] ; disp2[6]      ; 9.567 ; 9.631 ; 9.820 ; 9.884  ;
; sel_prod[1] ; disp3[0]      ; 9.869 ;       ;       ; 10.192 ;
; sel_prod[1] ; disp3[3]      ; 9.638 ;       ;       ; 9.937  ;
; sel_prod[1] ; disp3[4]      ; 9.367 ;       ;       ; 9.674  ;
; sel_prod[1] ; disp3[5]      ; 9.367 ;       ;       ; 9.674  ;
; sel_prod[1] ; stock_leds[0] ; 7.601 ; 7.609 ; 8.055 ; 8.044  ;
; sel_prod[1] ; stock_leds[1] ; 7.567 ; 7.583 ; 8.021 ; 8.018  ;
; sel_prod[2] ; alerta_led    ; 7.342 ; 7.300 ; 7.796 ; 7.788  ;
; sel_prod[2] ; disp2[0]      ; 9.122 ; 9.003 ; 9.601 ; 9.505  ;
; sel_prod[2] ; disp2[1]      ; 9.012 ; 8.986 ; 9.491 ; 9.465  ;
; sel_prod[2] ; disp2[2]      ; 8.832 ; 8.829 ; 9.334 ; 9.308  ;
; sel_prod[2] ; disp2[3]      ; 9.144 ; 9.039 ; 9.623 ; 9.519  ;
; sel_prod[2] ; disp2[4]      ; 9.123 ; 8.995 ; 9.602 ; 9.497  ;
; sel_prod[2] ; disp2[5]      ; 8.963 ; 8.984 ; 9.465 ; 9.463  ;
; sel_prod[2] ; disp2[6]      ; 9.304 ; 9.368 ; 9.783 ; 9.847  ;
; sel_prod[2] ; disp3[0]      ; 9.669 ;       ;       ; 10.229 ;
; sel_prod[2] ; disp3[3]      ; 9.438 ;       ;       ; 9.974  ;
; sel_prod[2] ; disp3[4]      ; 9.167 ;       ;       ; 9.711  ;
; sel_prod[2] ; disp3[5]      ; 9.167 ;       ;       ; 9.711  ;
; sel_prod[2] ; stock_leds[0] ; 7.387 ; 7.403 ; 7.875 ; 7.857  ;
; sel_prod[2] ; stock_leds[1] ; 7.353 ; 7.377 ; 7.841 ; 7.831  ;
; sel_prod[3] ; alerta_led    ; 7.571 ;       ;       ; 7.967  ;
; sel_prod[3] ; disp2[0]      ; 9.312 ; 9.193 ; 9.533 ; 9.437  ;
; sel_prod[3] ; disp2[1]      ; 9.202 ; 9.176 ; 9.423 ; 9.397  ;
; sel_prod[3] ; disp2[2]      ; 9.022 ; 9.019 ; 9.266 ; 9.240  ;
; sel_prod[3] ; disp2[3]      ; 9.334 ; 9.229 ; 9.555 ; 9.451  ;
; sel_prod[3] ; disp2[4]      ; 9.313 ; 9.185 ; 9.534 ; 9.429  ;
; sel_prod[3] ; disp2[5]      ; 9.153 ; 9.174 ; 9.397 ; 9.395  ;
; sel_prod[3] ; disp2[6]      ; 9.494 ; 9.558 ; 9.715 ; 9.779  ;
; sel_prod[3] ; disp3[0]      ; 9.753 ;       ;       ; 10.046 ;
; sel_prod[3] ; disp3[3]      ; 9.522 ;       ;       ; 9.791  ;
; sel_prod[3] ; disp3[4]      ; 9.251 ;       ;       ; 9.528  ;
; sel_prod[3] ; disp3[5]      ; 9.251 ;       ;       ; 9.528  ;
; sel_prod[3] ; stock_leds[0] ;       ; 7.632 ; 8.054 ;        ;
; sel_prod[3] ; stock_leds[1] ;       ; 7.606 ; 8.020 ;        ;
+-------------+---------------+-------+-------+-------+--------+


+-------------------------------------------------------------+
; Minimum Propagation Delay                                   ;
+-------------+---------------+-------+-------+-------+-------+
; Input Port  ; Output Port   ; RR    ; RF    ; FR    ; FF    ;
+-------------+---------------+-------+-------+-------+-------+
; sel_prod[0] ; alerta_led    ; 4.212 ;       ;       ; 4.849 ;
; sel_prod[0] ; disp2[0]      ; 4.247 ; 4.270 ; 4.911 ; 4.953 ;
; sel_prod[0] ; disp2[1]      ; 4.208 ; 4.233 ; 4.871 ; 4.915 ;
; sel_prod[0] ; disp2[2]      ;       ; 4.150 ; 4.801 ;       ;
; sel_prod[0] ; disp2[3]      ; 4.250 ; 4.273 ; 4.914 ; 4.956 ;
; sel_prod[0] ; disp2[4]      ; 4.248 ;       ;       ; 4.952 ;
; sel_prod[0] ; disp2[5]      ; 4.235 ;       ;       ; 4.940 ;
; sel_prod[0] ; disp2[6]      ; 4.429 ;       ;       ; 5.050 ;
; sel_prod[0] ; stock_leds[0] ;       ; 4.269 ; 4.909 ;       ;
; sel_prod[0] ; stock_leds[1] ;       ; 4.257 ; 4.890 ;       ;
; sel_prod[1] ; alerta_led    ; 4.360 ; 4.394 ; 4.962 ; 5.005 ;
; sel_prod[1] ; disp2[0]      ; 4.466 ; 4.516 ; 5.184 ; 5.179 ;
; sel_prod[1] ; disp2[1]      ; 4.434 ; 4.501 ; 5.171 ; 5.150 ;
; sel_prod[1] ; disp2[2]      ; 4.359 ; 4.622 ; 5.222 ; 5.061 ;
; sel_prod[1] ; disp2[3]      ; 4.469 ; 4.519 ; 5.187 ; 5.182 ;
; sel_prod[1] ; disp2[4]      ; 4.477 ; 4.546 ; 5.223 ; 5.194 ;
; sel_prod[1] ; disp2[5]      ; 4.459 ; 4.735 ; 5.322 ; 5.174 ;
; sel_prod[1] ; disp2[6]      ; 4.654 ; 4.626 ; 5.357 ; 5.300 ;
; sel_prod[1] ; disp3[0]      ; 5.600 ;       ;       ; 6.045 ;
; sel_prod[1] ; disp3[3]      ; 5.472 ;       ;       ; 5.922 ;
; sel_prod[1] ; disp3[4]      ; 5.293 ;       ;       ; 5.771 ;
; sel_prod[1] ; disp3[5]      ; 5.293 ;       ;       ; 5.771 ;
; sel_prod[1] ; stock_leds[0] ; 4.454 ; 4.417 ; 5.065 ; 5.019 ;
; sel_prod[1] ; stock_leds[1] ; 4.435 ; 4.405 ; 5.046 ; 5.007 ;
; sel_prod[2] ; alerta_led    ; 4.267 ; 4.303 ; 4.854 ; 4.909 ;
; sel_prod[2] ; disp2[0]      ; 4.470 ; 4.517 ; 5.173 ; 5.168 ;
; sel_prod[2] ; disp2[1]      ; 4.433 ; 4.757 ; 5.309 ; 5.132 ;
; sel_prod[2] ; disp2[2]      ; 4.361 ; 4.418 ; 5.082 ; 5.047 ;
; sel_prod[2] ; disp2[3]      ; 4.472 ; 4.519 ; 5.175 ; 5.170 ;
; sel_prod[2] ; disp2[4]      ; 4.475 ; 4.796 ; 5.351 ; 5.173 ;
; sel_prod[2] ; disp2[5]      ; 4.461 ; 4.508 ; 5.160 ; 5.155 ;
; sel_prod[2] ; disp2[6]      ; 4.655 ; 4.631 ; 5.347 ; 5.290 ;
; sel_prod[2] ; disp3[0]      ; 5.575 ;       ;       ; 6.009 ;
; sel_prod[2] ; disp3[3]      ; 5.447 ;       ;       ; 5.886 ;
; sel_prod[2] ; disp3[4]      ; 5.268 ;       ;       ; 5.735 ;
; sel_prod[2] ; disp3[5]      ; 5.268 ;       ;       ; 5.735 ;
; sel_prod[2] ; stock_leds[0] ; 4.363 ; 4.324 ; 4.969 ; 4.911 ;
; sel_prod[2] ; stock_leds[1] ; 4.344 ; 4.312 ; 4.950 ; 4.899 ;
; sel_prod[3] ; alerta_led    ; 4.352 ;       ;       ; 5.028 ;
; sel_prod[3] ; disp2[0]      ; 4.452 ; 4.480 ; 5.123 ; 5.144 ;
; sel_prod[3] ; disp2[1]      ; 4.415 ; 4.711 ; 5.282 ; 5.110 ;
; sel_prod[3] ; disp2[2]      ; 4.342 ; 4.625 ; 5.209 ; 5.024 ;
; sel_prod[3] ; disp2[3]      ; 4.454 ; 4.482 ; 5.125 ; 5.146 ;
; sel_prod[3] ; disp2[4]      ; 4.457 ; 4.750 ; 5.324 ; 5.149 ;
; sel_prod[3] ; disp2[5]      ; 4.443 ; 4.471 ; 5.112 ; 5.133 ;
; sel_prod[3] ; disp2[6]      ; 4.637 ; 4.590 ; 5.302 ; 5.262 ;
; sel_prod[3] ; disp3[0]      ; 5.523 ;       ;       ; 5.979 ;
; sel_prod[3] ; disp3[3]      ; 5.395 ;       ;       ; 5.856 ;
; sel_prod[3] ; disp3[4]      ; 5.216 ;       ;       ; 5.705 ;
; sel_prod[3] ; disp3[5]      ; 5.216 ;       ;       ; 5.705 ;
; sel_prod[3] ; stock_leds[0] ;       ; 4.409 ; 5.088 ;       ;
; sel_prod[3] ; stock_leds[1] ;       ; 4.397 ; 5.069 ;       ;
+-------------+---------------+-------+-------+-------+-------+


+------------------------------------------------------------------------------------------------------------------------------------------------------------------------------------------------------------------------------------------------------------------------------------------------------------------------------------------------------------------------------------------------------------------+
; Board Trace Model Assignments                                                                                                                                                                                                                                                                                                                                                                                    ;
+---------------+--------------+-------------------+-------------------------+-------------------------+---------------+---------------------+----------------+------------------+--------+------------------+------------------------+------------------------+--------------+---------------+-----------------+-------+---------------------+--------------------+---------------+-----------------+-------------+
; Pin           ; I/O Standard ; Near Tline Length ; Near Tline L per Length ; Near Tline C per Length ; Near Series R ; Near Differential R ; Near Pull-up R ; Near Pull-down R ; Near C ; Far Tline Length ; Far Tline L per Length ; Far Tline C per Length ; Far Series R ; Far Pull-up R ; Far Pull-down R ; Far C ; Termination Voltage ; Far Differential R ; EBD File Name ; EBD Signal Name ; EBD Far-end ;
+---------------+--------------+-------------------+-------------------------+-------------------------+---------------+---------------------+----------------+------------------+--------+------------------+------------------------+------------------------+--------------+---------------+-----------------+-------+---------------------+--------------------+---------------+-----------------+-------------+
; disp0[0]      ; 2.5 V        ; 0 in              ; 0 H/in                  ; 0 F/in                  ; short         ; -                   ; open           ; open             ; open   ; 0 in             ; 0 H/in                 ; 0 F/in                 ; short        ; open          ; open            ; open  ; 0 V                 ; -                  ; n/a           ; n/a             ; n/a         ;
; disp0[1]      ; 2.5 V        ; 0 in              ; 0 H/in                  ; 0 F/in                  ; short         ; -                   ; open           ; open             ; open   ; 0 in             ; 0 H/in                 ; 0 F/in                 ; short        ; open          ; open            ; open  ; 0 V                 ; -                  ; n/a           ; n/a             ; n/a         ;
; disp0[2]      ; 2.5 V        ; 0 in              ; 0 H/in                  ; 0 F/in                  ; short         ; -                   ; open           ; open             ; open   ; 0 in             ; 0 H/in                 ; 0 F/in                 ; short        ; open          ; open            ; open  ; 0 V                 ; -                  ; n/a           ; n/a             ; n/a         ;
; disp0[3]      ; 2.5 V        ; 0 in              ; 0 H/in                  ; 0 F/in                  ; short         ; -                   ; open           ; open             ; open   ; 0 in             ; 0 H/in                 ; 0 F/in                 ; short        ; open          ; open            ; open  ; 0 V                 ; -                  ; n/a           ; n/a             ; n/a         ;
; disp0[4]      ; 2.5 V        ; 0 in              ; 0 H/in                  ; 0 F/in                  ; short         ; -                   ; open           ; open             ; open   ; 0 in             ; 0 H/in                 ; 0 F/in                 ; short        ; open          ; open            ; open  ; 0 V                 ; -                  ; n/a           ; n/a             ; n/a         ;
; disp0[5]      ; 2.5 V        ; 0 in              ; 0 H/in                  ; 0 F/in                  ; short         ; -                   ; open           ; open             ; open   ; 0 in             ; 0 H/in                 ; 0 F/in                 ; short        ; open          ; open            ; open  ; 0 V                 ; -                  ; n/a           ; n/a             ; n/a         ;
; disp0[6]      ; 2.5 V        ; 0 in              ; 0 H/in                  ; 0 F/in                  ; short         ; -                   ; open           ; open             ; open   ; 0 in             ; 0 H/in                 ; 0 F/in                 ; short        ; open          ; open            ; open  ; 0 V                 ; -                  ; n/a           ; n/a             ; n/a         ;
; disp1[0]      ; 2.5 V        ; 0 in              ; 0 H/in                  ; 0 F/in                  ; short         ; -                   ; open           ; open             ; open   ; 0 in             ; 0 H/in                 ; 0 F/in                 ; short        ; open          ; open            ; open  ; 0 V                 ; -                  ; n/a           ; n/a             ; n/a         ;
; disp1[1]      ; 2.5 V        ; 0 in              ; 0 H/in                  ; 0 F/in                  ; short         ; -                   ; open           ; open             ; open   ; 0 in             ; 0 H/in                 ; 0 F/in                 ; short        ; open          ; open            ; open  ; 0 V                 ; -                  ; n/a           ; n/a             ; n/a         ;
; disp1[2]      ; 2.5 V        ; 0 in              ; 0 H/in                  ; 0 F/in                  ; short         ; -                   ; open           ; open             ; open   ; 0 in             ; 0 H/in                 ; 0 F/in                 ; short        ; open          ; open            ; open  ; 0 V                 ; -                  ; n/a           ; n/a             ; n/a         ;
; disp1[3]      ; 2.5 V        ; 0 in              ; 0 H/in                  ; 0 F/in                  ; short         ; -                   ; open           ; open             ; open   ; 0 in             ; 0 H/in                 ; 0 F/in                 ; short        ; open          ; open            ; open  ; 0 V                 ; -                  ; n/a           ; n/a             ; n/a         ;
; disp1[4]      ; 2.5 V        ; 0 in              ; 0 H/in                  ; 0 F/in                  ; short         ; -                   ; open           ; open             ; open   ; 0 in             ; 0 H/in                 ; 0 F/in                 ; short        ; open          ; open            ; open  ; 0 V                 ; -                  ; n/a           ; n/a             ; n/a         ;
; disp1[5]      ; 2.5 V        ; 0 in              ; 0 H/in                  ; 0 F/in                  ; short         ; -                   ; open           ; open             ; open   ; 0 in             ; 0 H/in                 ; 0 F/in                 ; short        ; open          ; open            ; open  ; 0 V                 ; -                  ; n/a           ; n/a             ; n/a         ;
; disp1[6]      ; 2.5 V        ; 0 in              ; 0 H/in                  ; 0 F/in                  ; short         ; -                   ; open           ; open             ; open   ; 0 in             ; 0 H/in                 ; 0 F/in                 ; short        ; open          ; open            ; open  ; 0 V                 ; -                  ; n/a           ; n/a             ; n/a         ;
; disp2[0]      ; 2.5 V        ; 0 in              ; 0 H/in                  ; 0 F/in                  ; short         ; -                   ; open           ; open             ; open   ; 0 in             ; 0 H/in                 ; 0 F/in                 ; short        ; open          ; open            ; open  ; 0 V                 ; -                  ; n/a           ; n/a             ; n/a         ;
; disp2[1]      ; 2.5 V        ; 0 in              ; 0 H/in                  ; 0 F/in                  ; short         ; -                   ; open           ; open             ; open   ; 0 in             ; 0 H/in                 ; 0 F/in                 ; short        ; open          ; open            ; open  ; 0 V                 ; -                  ; n/a           ; n/a             ; n/a         ;
; disp2[2]      ; 2.5 V        ; 0 in              ; 0 H/in                  ; 0 F/in                  ; short         ; -                   ; open           ; open             ; open   ; 0 in             ; 0 H/in                 ; 0 F/in                 ; short        ; open          ; open            ; open  ; 0 V                 ; -                  ; n/a           ; n/a             ; n/a         ;
; disp2[3]      ; 2.5 V        ; 0 in              ; 0 H/in                  ; 0 F/in                  ; short         ; -                   ; open           ; open             ; open   ; 0 in             ; 0 H/in                 ; 0 F/in                 ; short        ; open          ; open            ; open  ; 0 V                 ; -                  ; n/a           ; n/a             ; n/a         ;
; disp2[4]      ; 2.5 V        ; 0 in              ; 0 H/in                  ; 0 F/in                  ; short         ; -                   ; open           ; open             ; open   ; 0 in             ; 0 H/in                 ; 0 F/in                 ; short        ; open          ; open            ; open  ; 0 V                 ; -                  ; n/a           ; n/a             ; n/a         ;
; disp2[5]      ; 2.5 V        ; 0 in              ; 0 H/in                  ; 0 F/in                  ; short         ; -                   ; open           ; open             ; open   ; 0 in             ; 0 H/in                 ; 0 F/in                 ; short        ; open          ; open            ; open  ; 0 V                 ; -                  ; n/a           ; n/a             ; n/a         ;
; disp2[6]      ; 2.5 V        ; 0 in              ; 0 H/in                  ; 0 F/in                  ; short         ; -                   ; open           ; open             ; open   ; 0 in             ; 0 H/in                 ; 0 F/in                 ; short        ; open          ; open            ; open  ; 0 V                 ; -                  ; n/a           ; n/a             ; n/a         ;
; disp3[0]      ; 2.5 V        ; 0 in              ; 0 H/in                  ; 0 F/in                  ; short         ; -                   ; open           ; open             ; open   ; 0 in             ; 0 H/in                 ; 0 F/in                 ; short        ; open          ; open            ; open  ; 0 V                 ; -                  ; n/a           ; n/a             ; n/a         ;
; disp3[1]      ; 2.5 V        ; 0 in              ; 0 H/in                  ; 0 F/in                  ; short         ; -                   ; open           ; open             ; open   ; 0 in             ; 0 H/in                 ; 0 F/in                 ; short        ; open          ; open            ; open  ; 0 V                 ; -                  ; n/a           ; n/a             ; n/a         ;
; disp3[2]      ; 2.5 V        ; 0 in              ; 0 H/in                  ; 0 F/in                  ; short         ; -                   ; open           ; open             ; open   ; 0 in             ; 0 H/in                 ; 0 F/in                 ; short        ; open          ; open            ; open  ; 0 V                 ; -                  ; n/a           ; n/a             ; n/a         ;
; disp3[3]      ; 2.5 V        ; 0 in              ; 0 H/in                  ; 0 F/in                  ; short         ; -                   ; open           ; open             ; open   ; 0 in             ; 0 H/in                 ; 0 F/in                 ; short        ; open          ; open            ; open  ; 0 V                 ; -                  ; n/a           ; n/a             ; n/a         ;
; disp3[4]      ; 2.5 V        ; 0 in              ; 0 H/in                  ; 0 F/in                  ; short         ; -                   ; open           ; open             ; open   ; 0 in             ; 0 H/in                 ; 0 F/in                 ; short        ; open          ; open            ; open  ; 0 V                 ; -                  ; n/a           ; n/a             ; n/a         ;
; disp3[5]      ; 2.5 V        ; 0 in              ; 0 H/in                  ; 0 F/in                  ; short         ; -                   ; open           ; open             ; open   ; 0 in             ; 0 H/in                 ; 0 F/in                 ; short        ; open          ; open            ; open  ; 0 V                 ; -                  ; n/a           ; n/a             ; n/a         ;
; disp3[6]      ; 2.5 V        ; 0 in              ; 0 H/in                  ; 0 F/in                  ; short         ; -                   ; open           ; open             ; open   ; 0 in             ; 0 H/in                 ; 0 F/in                 ; short        ; open          ; open            ; open  ; 0 V                 ; -                  ; n/a           ; n/a             ; n/a         ;
; led_entrega   ; 2.5 V        ; 0 in              ; 0 H/in                  ; 0 F/in                  ; short         ; -                   ; open           ; open             ; open   ; 0 in             ; 0 H/in                 ; 0 F/in                 ; short        ; open          ; open            ; open  ; 0 V                 ; -                  ; n/a           ; n/a             ; n/a         ;
; led_anom      ; 2.5 V        ; 0 in              ; 0 H/in                  ; 0 F/in                  ; short         ; -                   ; open           ; open             ; open   ; 0 in             ; 0 H/in                 ; 0 F/in                 ; short        ; open          ; open            ; open  ; 0 V                 ; -                  ; n/a           ; n/a             ; n/a         ;
; stock_leds[0] ; 2.5 V        ; 0 in              ; 0 H/in                  ; 0 F/in                  ; short         ; -                   ; open           ; open             ; open   ; 0 in             ; 0 H/in                 ; 0 F/in                 ; short        ; open          ; open            ; open  ; 0 V                 ; -                  ; n/a           ; n/a             ; n/a         ;
; stock_leds[1] ; 2.5 V        ; 0 in              ; 0 H/in                  ; 0 F/in                  ; short         ; -                   ; open           ; open             ; open   ; 0 in             ; 0 H/in                 ; 0 F/in                 ; short        ; open          ; open            ; open  ; 0 V                 ; -                  ; n/a           ; n/a             ; n/a         ;
; stock_leds[2] ; 2.5 V        ; 0 in              ; 0 H/in                  ; 0 F/in                  ; short         ; -                   ; open           ; open             ; open   ; 0 in             ; 0 H/in                 ; 0 F/in                 ; short        ; open          ; open            ; open  ; 0 V                 ; -                  ; n/a           ; n/a             ; n/a         ;
; alerta_led    ; 2.5 V        ; 0 in              ; 0 H/in                  ; 0 F/in                  ; short         ; -                   ; open           ; open             ; open   ; 0 in             ; 0 H/in                 ; 0 F/in                 ; short        ; open          ; open            ; open  ; 0 V                 ; -                  ; n/a           ; n/a             ; n/a         ;
; led_estado[0] ; 2.5 V        ; 0 in              ; 0 H/in                  ; 0 F/in                  ; short         ; -                   ; open           ; open             ; open   ; 0 in             ; 0 H/in                 ; 0 F/in                 ; short        ; open          ; open            ; open  ; 0 V                 ; -                  ; n/a           ; n/a             ; n/a         ;
; led_estado[1] ; 2.5 V        ; 0 in              ; 0 H/in                  ; 0 F/in                  ; short         ; -                   ; open           ; open             ; open   ; 0 in             ; 0 H/in                 ; 0 F/in                 ; short        ; open          ; open            ; open  ; 0 V                 ; -                  ; n/a           ; n/a             ; n/a         ;
; led_estado[2] ; 2.5 V        ; 0 in              ; 0 H/in                  ; 0 F/in                  ; short         ; -                   ; open           ; open             ; open   ; 0 in             ; 0 H/in                 ; 0 F/in                 ; short        ; open          ; open            ; open  ; 0 V                 ; -                  ; n/a           ; n/a             ; n/a         ;
; ~ALTERA_DCLK~ ; 2.5 V        ; 0 in              ; 0 H/in                  ; 0 F/in                  ; short         ; -                   ; open           ; open             ; open   ; 0 in             ; 0 H/in                 ; 0 F/in                 ; short        ; open          ; open            ; open  ; 0 V                 ; -                  ; n/a           ; n/a             ; n/a         ;
; ~ALTERA_nCEO~ ; 2.5 V        ; 0 in              ; 0 H/in                  ; 0 F/in                  ; short         ; -                   ; open           ; open             ; open   ; 0 in             ; 0 H/in                 ; 0 F/in                 ; short        ; open          ; open            ; open  ; 0 V                 ; -                  ; n/a           ; n/a             ; n/a         ;
+---------------+--------------+-------------------+-------------------------+-------------------------+---------------+---------------------+----------------+------------------+--------+------------------+------------------------+------------------------+--------------+---------------+-----------------+-------+---------------------+--------------------+---------------+-----------------+-------------+


+----------------------------------------------------------------------------+
; Input Transition Times                                                     ;
+-------------------------+--------------+-----------------+-----------------+
; Pin                     ; I/O Standard ; 10-90 Rise Time ; 90-10 Fall Time ;
+-------------------------+--------------+-----------------+-----------------+
; sel_prod[0]             ; 2.5 V        ; 2000 ps         ; 2000 ps         ;
; sel_prod[1]             ; 2.5 V        ; 2000 ps         ; 2000 ps         ;
; sel_prod[3]             ; 2.5 V        ; 2000 ps         ; 2000 ps         ;
; sel_prod[2]             ; 2.5 V        ; 2000 ps         ; 2000 ps         ;
; sw1000                  ; 2.5 V        ; 2000 ps         ; 2000 ps         ;
; clk                     ; 2.5 V        ; 2000 ps         ; 2000 ps         ;
; reset                   ; 2.5 V        ; 2000 ps         ; 2000 ps         ;
; sw500                   ; 2.5 V        ; 2000 ps         ; 2000 ps         ;
; puerta_fin              ; 2.5 V        ; 2000 ps         ; 2000 ps         ;
; anomalia                ; 2.5 V        ; 2000 ps         ; 2000 ps         ;
; confirmar               ; 2.5 V        ; 2000 ps         ; 2000 ps         ;
; ~ALTERA_ASDO_DATA1~     ; 2.5 V        ; 2000 ps         ; 2000 ps         ;
; ~ALTERA_FLASH_nCE_nCSO~ ; 2.5 V        ; 2000 ps         ; 2000 ps         ;
; ~ALTERA_DATA0~          ; 2.5 V        ; 2000 ps         ; 2000 ps         ;
+-------------------------+--------------+-----------------+-----------------+


+--------------------------------------------------------------------------------------------------------------------------------------------------------------------------------------------------------------------------------------------------------------------------------------------------------------------------------------------------------------------------------------------------------------------------------------------------------------------------------------------------------------------------------------------------------------------------------------------------------------------------------------------------------------------------------------------+
; Slow Corner Signal Integrity Metrics                                                                                                                                                                                                                                                                                                                                                                                                                                                                                                                                                                                                                                                       ;
+---------------+--------------+---------------------+---------------------+------------------------------+------------------------------+---------------------+---------------------+--------------------------------------+--------------------------------------+-----------------------------+-----------------------------+----------------------------+----------------------------+-----------------------------+-----------------------------+--------------------+--------------------+-------------------------------------+-------------------------------------+----------------------------+----------------------------+---------------------------+---------------------------+
; Pin           ; I/O Standard ; Board Delay on Rise ; Board Delay on Fall ; Steady State Voh at FPGA Pin ; Steady State Vol at FPGA Pin ; Voh Max at FPGA Pin ; Vol Min at FPGA Pin ; Ringback Voltage on Rise at FPGA Pin ; Ringback Voltage on Fall at FPGA Pin ; 10-90 Rise Time at FPGA Pin ; 90-10 Fall Time at FPGA Pin ; Monotonic Rise at FPGA Pin ; Monotonic Fall at FPGA Pin ; Steady State Voh at Far-end ; Steady State Vol at Far-end ; Voh Max at Far-end ; Vol Min at Far-end ; Ringback Voltage on Rise at Far-end ; Ringback Voltage on Fall at Far-end ; 10-90 Rise Time at Far-end ; 90-10 Fall Time at Far-end ; Monotonic Rise at Far-end ; Monotonic Fall at Far-end ;
+---------------+--------------+---------------------+---------------------+------------------------------+------------------------------+---------------------+---------------------+--------------------------------------+--------------------------------------+-----------------------------+-----------------------------+----------------------------+----------------------------+-----------------------------+-----------------------------+--------------------+--------------------+-------------------------------------+-------------------------------------+----------------------------+----------------------------+---------------------------+---------------------------+
; disp0[0]      ; 2.5 V        ; 0 s                 ; 0 s                 ; 2.32 V                       ; 1.08e-06 V                   ; 2.36 V              ; -0.0113 V           ; 0.122 V                              ; 0.022 V                              ; 4.5e-10 s                   ; 4.45e-10 s                  ; Yes                        ; Yes                        ; 2.32 V                      ; 1.08e-06 V                  ; 2.36 V             ; -0.0113 V          ; 0.122 V                             ; 0.022 V                             ; 4.5e-10 s                  ; 4.45e-10 s                 ; Yes                       ; Yes                       ;
; disp0[1]      ; 2.5 V        ; 0 s                 ; 0 s                 ; 2.32 V                       ; 1.08e-06 V                   ; 2.36 V              ; -0.0113 V           ; 0.122 V                              ; 0.022 V                              ; 4.5e-10 s                   ; 4.45e-10 s                  ; Yes                        ; Yes                        ; 2.32 V                      ; 1.08e-06 V                  ; 2.36 V             ; -0.0113 V          ; 0.122 V                             ; 0.022 V                             ; 4.5e-10 s                  ; 4.45e-10 s                 ; Yes                       ; Yes                       ;
; disp0[2]      ; 2.5 V        ; 0 s                 ; 0 s                 ; 2.32 V                       ; 1.08e-06 V                   ; 2.36 V              ; -0.0113 V           ; 0.122 V                              ; 0.022 V                              ; 4.5e-10 s                   ; 4.45e-10 s                  ; Yes                        ; Yes                        ; 2.32 V                      ; 1.08e-06 V                  ; 2.36 V             ; -0.0113 V          ; 0.122 V                             ; 0.022 V                             ; 4.5e-10 s                  ; 4.45e-10 s                 ; Yes                       ; Yes                       ;
; disp0[3]      ; 2.5 V        ; 0 s                 ; 0 s                 ; 2.32 V                       ; 1.08e-06 V                   ; 2.36 V              ; -0.0113 V           ; 0.122 V                              ; 0.022 V                              ; 4.5e-10 s                   ; 4.45e-10 s                  ; Yes                        ; Yes                        ; 2.32 V                      ; 1.08e-06 V                  ; 2.36 V             ; -0.0113 V          ; 0.122 V                             ; 0.022 V                             ; 4.5e-10 s                  ; 4.45e-10 s                 ; Yes                       ; Yes                       ;
; disp0[4]      ; 2.5 V        ; 0 s                 ; 0 s                 ; 2.32 V                       ; 1.08e-06 V                   ; 2.36 V              ; -0.0113 V           ; 0.122 V                              ; 0.022 V                              ; 4.5e-10 s                   ; 4.45e-10 s                  ; Yes                        ; Yes                        ; 2.32 V                      ; 1.08e-06 V                  ; 2.36 V             ; -0.0113 V          ; 0.122 V                             ; 0.022 V                             ; 4.5e-10 s                  ; 4.45e-10 s                 ; Yes                       ; Yes                       ;
; disp0[5]      ; 2.5 V        ; 0 s                 ; 0 s                 ; 2.32 V                       ; 1.08e-06 V                   ; 2.36 V              ; -0.0113 V           ; 0.122 V                              ; 0.022 V                              ; 4.5e-10 s                   ; 4.45e-10 s                  ; Yes                        ; Yes                        ; 2.32 V                      ; 1.08e-06 V                  ; 2.36 V             ; -0.0113 V          ; 0.122 V                             ; 0.022 V                             ; 4.5e-10 s                  ; 4.45e-10 s                 ; Yes                       ; Yes                       ;
; disp0[6]      ; 2.5 V        ; 0 s                 ; 0 s                 ; 2.32 V                       ; 1.08e-06 V                   ; 2.36 V              ; -0.0113 V           ; 0.122 V                              ; 0.022 V                              ; 4.5e-10 s                   ; 4.45e-10 s                  ; Yes                        ; Yes                        ; 2.32 V                      ; 1.08e-06 V                  ; 2.36 V             ; -0.0113 V          ; 0.122 V                             ; 0.022 V                             ; 4.5e-10 s                  ; 4.45e-10 s                 ; Yes                       ; Yes                       ;
; disp1[0]      ; 2.5 V        ; 0 s                 ; 0 s                 ; 2.32 V                       ; 1.08e-06 V                   ; 2.36 V              ; -0.0113 V           ; 0.122 V                              ; 0.022 V                              ; 4.5e-10 s                   ; 4.45e-10 s                  ; Yes                        ; Yes                        ; 2.32 V                      ; 1.08e-06 V                  ; 2.36 V             ; -0.0113 V          ; 0.122 V                             ; 0.022 V                             ; 4.5e-10 s                  ; 4.45e-10 s                 ; Yes                       ; Yes                       ;
; disp1[1]      ; 2.5 V        ; 0 s                 ; 0 s                 ; 2.32 V                       ; 1.08e-06 V                   ; 2.36 V              ; -0.0113 V           ; 0.122 V                              ; 0.022 V                              ; 4.5e-10 s                   ; 4.45e-10 s                  ; Yes                        ; Yes                        ; 2.32 V                      ; 1.08e-06 V                  ; 2.36 V             ; -0.0113 V          ; 0.122 V                             ; 0.022 V                             ; 4.5e-10 s                  ; 4.45e-10 s                 ; Yes                       ; Yes                       ;
; disp1[2]      ; 2.5 V        ; 0 s                 ; 0 s                 ; 2.32 V                       ; 1.08e-06 V                   ; 2.36 V              ; -0.0113 V           ; 0.122 V                              ; 0.022 V                              ; 4.5e-10 s                   ; 4.45e-10 s                  ; Yes                        ; Yes                        ; 2.32 V                      ; 1.08e-06 V                  ; 2.36 V             ; -0.0113 V          ; 0.122 V                             ; 0.022 V                             ; 4.5e-10 s                  ; 4.45e-10 s                 ; Yes                       ; Yes                       ;
; disp1[3]      ; 2.5 V        ; 0 s                 ; 0 s                 ; 2.32 V                       ; 1.08e-06 V                   ; 2.36 V              ; -0.0113 V           ; 0.122 V                              ; 0.022 V                              ; 4.5e-10 s                   ; 4.45e-10 s                  ; Yes                        ; Yes                        ; 2.32 V                      ; 1.08e-06 V                  ; 2.36 V             ; -0.0113 V          ; 0.122 V                             ; 0.022 V                             ; 4.5e-10 s                  ; 4.45e-10 s                 ; Yes                       ; Yes                       ;
; disp1[4]      ; 2.5 V        ; 0 s                 ; 0 s                 ; 2.32 V                       ; 1.08e-06 V                   ; 2.36 V              ; -0.0113 V           ; 0.122 V                              ; 0.022 V                              ; 4.5e-10 s                   ; 4.45e-10 s                  ; Yes                        ; Yes                        ; 2.32 V                      ; 1.08e-06 V                  ; 2.36 V             ; -0.0113 V          ; 0.122 V                             ; 0.022 V                             ; 4.5e-10 s                  ; 4.45e-10 s                 ; Yes                       ; Yes                       ;
; disp1[5]      ; 2.5 V        ; 0 s                 ; 0 s                 ; 2.32 V                       ; 1.08e-06 V                   ; 2.36 V              ; -0.0113 V           ; 0.122 V                              ; 0.022 V                              ; 4.5e-10 s                   ; 4.45e-10 s                  ; Yes                        ; Yes                        ; 2.32 V                      ; 1.08e-06 V                  ; 2.36 V             ; -0.0113 V          ; 0.122 V                             ; 0.022 V                             ; 4.5e-10 s                  ; 4.45e-10 s                 ; Yes                       ; Yes                       ;
; disp1[6]      ; 2.5 V        ; 0 s                 ; 0 s                 ; 2.32 V                       ; 1.08e-06 V                   ; 2.36 V              ; -0.0113 V           ; 0.122 V                              ; 0.022 V                              ; 4.5e-10 s                   ; 4.45e-10 s                  ; Yes                        ; Yes                        ; 2.32 V                      ; 1.08e-06 V                  ; 2.36 V             ; -0.0113 V          ; 0.122 V                             ; 0.022 V                             ; 4.5e-10 s                  ; 4.45e-10 s                 ; Yes                       ; Yes                       ;
; disp2[0]      ; 2.5 V        ; 0 s                 ; 0 s                 ; 2.32 V                       ; 1.08e-06 V                   ; 2.36 V              ; -0.0113 V           ; 0.122 V                              ; 0.022 V                              ; 4.5e-10 s                   ; 4.45e-10 s                  ; Yes                        ; Yes                        ; 2.32 V                      ; 1.08e-06 V                  ; 2.36 V             ; -0.0113 V          ; 0.122 V                             ; 0.022 V                             ; 4.5e-10 s                  ; 4.45e-10 s                 ; Yes                       ; Yes                       ;
; disp2[1]      ; 2.5 V        ; 0 s                 ; 0 s                 ; 2.32 V                       ; 1.08e-06 V                   ; 2.36 V              ; -0.0113 V           ; 0.122 V                              ; 0.022 V                              ; 4.5e-10 s                   ; 4.45e-10 s                  ; Yes                        ; Yes                        ; 2.32 V                      ; 1.08e-06 V                  ; 2.36 V             ; -0.0113 V          ; 0.122 V                             ; 0.022 V                             ; 4.5e-10 s                  ; 4.45e-10 s                 ; Yes                       ; Yes                       ;
; disp2[2]      ; 2.5 V        ; 0 s                 ; 0 s                 ; 2.32 V                       ; 1.08e-06 V                   ; 2.36 V              ; -0.0113 V           ; 0.122 V                              ; 0.022 V                              ; 4.5e-10 s                   ; 4.45e-10 s                  ; Yes                        ; Yes                        ; 2.32 V                      ; 1.08e-06 V                  ; 2.36 V             ; -0.0113 V          ; 0.122 V                             ; 0.022 V                             ; 4.5e-10 s                  ; 4.45e-10 s                 ; Yes                       ; Yes                       ;
; disp2[3]      ; 2.5 V        ; 0 s                 ; 0 s                 ; 2.32 V                       ; 1.08e-06 V                   ; 2.36 V              ; -0.0113 V           ; 0.122 V                              ; 0.022 V                              ; 4.5e-10 s                   ; 4.45e-10 s                  ; Yes                        ; Yes                        ; 2.32 V                      ; 1.08e-06 V                  ; 2.36 V             ; -0.0113 V          ; 0.122 V                             ; 0.022 V                             ; 4.5e-10 s                  ; 4.45e-10 s                 ; Yes                       ; Yes                       ;
; disp2[4]      ; 2.5 V        ; 0 s                 ; 0 s                 ; 2.32 V                       ; 1.08e-06 V                   ; 2.36 V              ; -0.0113 V           ; 0.122 V                              ; 0.022 V                              ; 4.5e-10 s                   ; 4.45e-10 s                  ; Yes                        ; Yes                        ; 2.32 V                      ; 1.08e-06 V                  ; 2.36 V             ; -0.0113 V          ; 0.122 V                             ; 0.022 V                             ; 4.5e-10 s                  ; 4.45e-10 s                 ; Yes                       ; Yes                       ;
; disp2[5]      ; 2.5 V        ; 0 s                 ; 0 s                 ; 2.32 V                       ; 1.08e-06 V                   ; 2.36 V              ; -0.0113 V           ; 0.122 V                              ; 0.022 V                              ; 4.5e-10 s                   ; 4.45e-10 s                  ; Yes                        ; Yes                        ; 2.32 V                      ; 1.08e-06 V                  ; 2.36 V             ; -0.0113 V          ; 0.122 V                             ; 0.022 V                             ; 4.5e-10 s                  ; 4.45e-10 s                 ; Yes                       ; Yes                       ;
; disp2[6]      ; 2.5 V        ; 0 s                 ; 0 s                 ; 2.32 V                       ; 1.08e-06 V                   ; 2.36 V              ; -0.0113 V           ; 0.122 V                              ; 0.022 V                              ; 4.5e-10 s                   ; 4.45e-10 s                  ; Yes                        ; Yes                        ; 2.32 V                      ; 1.08e-06 V                  ; 2.36 V             ; -0.0113 V          ; 0.122 V                             ; 0.022 V                             ; 4.5e-10 s                  ; 4.45e-10 s                 ; Yes                       ; Yes                       ;
; disp3[0]      ; 2.5 V        ; 0 s                 ; 0 s                 ; 2.32 V                       ; 1.08e-06 V                   ; 2.36 V              ; -0.0113 V           ; 0.122 V                              ; 0.022 V                              ; 4.5e-10 s                   ; 4.45e-10 s                  ; Yes                        ; Yes                        ; 2.32 V                      ; 1.08e-06 V                  ; 2.36 V             ; -0.0113 V          ; 0.122 V                             ; 0.022 V                             ; 4.5e-10 s                  ; 4.45e-10 s                 ; Yes                       ; Yes                       ;
; disp3[1]      ; 2.5 V        ; 0 s                 ; 0 s                 ; 2.32 V                       ; 1.08e-06 V                   ; 2.36 V              ; -0.0113 V           ; 0.122 V                              ; 0.022 V                              ; 4.5e-10 s                   ; 4.45e-10 s                  ; Yes                        ; Yes                        ; 2.32 V                      ; 1.08e-06 V                  ; 2.36 V             ; -0.0113 V          ; 0.122 V                             ; 0.022 V                             ; 4.5e-10 s                  ; 4.45e-10 s                 ; Yes                       ; Yes                       ;
; disp3[2]      ; 2.5 V        ; 0 s                 ; 0 s                 ; 2.32 V                       ; 1.08e-06 V                   ; 2.36 V              ; -0.0113 V           ; 0.122 V                              ; 0.022 V                              ; 4.5e-10 s                   ; 4.45e-10 s                  ; Yes                        ; Yes                        ; 2.32 V                      ; 1.08e-06 V                  ; 2.36 V             ; -0.0113 V          ; 0.122 V                             ; 0.022 V                             ; 4.5e-10 s                  ; 4.45e-10 s                 ; Yes                       ; Yes                       ;
; disp3[3]      ; 2.5 V        ; 0 s                 ; 0 s                 ; 2.32 V                       ; 1.08e-06 V                   ; 2.36 V              ; -0.0113 V           ; 0.122 V                              ; 0.022 V                              ; 4.5e-10 s                   ; 4.45e-10 s                  ; Yes                        ; Yes                        ; 2.32 V                      ; 1.08e-06 V                  ; 2.36 V             ; -0.0113 V          ; 0.122 V                             ; 0.022 V                             ; 4.5e-10 s                  ; 4.45e-10 s                 ; Yes                       ; Yes                       ;
; disp3[4]      ; 2.5 V        ; 0 s                 ; 0 s                 ; 2.32 V                       ; 1.08e-06 V                   ; 2.36 V              ; -0.0113 V           ; 0.122 V                              ; 0.022 V                              ; 4.5e-10 s                   ; 4.45e-10 s                  ; Yes                        ; Yes                        ; 2.32 V                      ; 1.08e-06 V                  ; 2.36 V             ; -0.0113 V          ; 0.122 V                             ; 0.022 V                             ; 4.5e-10 s                  ; 4.45e-10 s                 ; Yes                       ; Yes                       ;
; disp3[5]      ; 2.5 V        ; 0 s                 ; 0 s                 ; 2.32 V                       ; 1.08e-06 V                   ; 2.36 V              ; -0.0113 V           ; 0.122 V                              ; 0.022 V                              ; 4.5e-10 s                   ; 4.45e-10 s                  ; Yes                        ; Yes                        ; 2.32 V                      ; 1.08e-06 V                  ; 2.36 V             ; -0.0113 V          ; 0.122 V                             ; 0.022 V                             ; 4.5e-10 s                  ; 4.45e-10 s                 ; Yes                       ; Yes                       ;
; disp3[6]      ; 2.5 V        ; 0 s                 ; 0 s                 ; 2.32 V                       ; 1.08e-06 V                   ; 2.36 V              ; -0.0113 V           ; 0.122 V                              ; 0.022 V                              ; 4.5e-10 s                   ; 4.45e-10 s                  ; Yes                        ; Yes                        ; 2.32 V                      ; 1.08e-06 V                  ; 2.36 V             ; -0.0113 V          ; 0.122 V                             ; 0.022 V                             ; 4.5e-10 s                  ; 4.45e-10 s                 ; Yes                       ; Yes                       ;
; led_entrega   ; 2.5 V        ; 0 s                 ; 0 s                 ; 2.32 V                       ; 7.25e-07 V                   ; 2.35 V              ; -0.0111 V           ; 0.113 V                              ; 0.035 V                              ; 7.76e-10 s                  ; 8.04e-10 s                  ; Yes                        ; Yes                        ; 2.32 V                      ; 7.25e-07 V                  ; 2.35 V             ; -0.0111 V          ; 0.113 V                             ; 0.035 V                             ; 7.76e-10 s                 ; 8.04e-10 s                 ; Yes                       ; Yes                       ;
; led_anom      ; 2.5 V        ; 0 s                 ; 0 s                 ; 2.32 V                       ; 7.25e-07 V                   ; 2.35 V              ; -0.0111 V           ; 0.113 V                              ; 0.035 V                              ; 7.76e-10 s                  ; 8.04e-10 s                  ; Yes                        ; Yes                        ; 2.32 V                      ; 7.25e-07 V                  ; 2.35 V             ; -0.0111 V          ; 0.113 V                             ; 0.035 V                             ; 7.76e-10 s                 ; 8.04e-10 s                 ; Yes                       ; Yes                       ;
; stock_leds[0] ; 2.5 V        ; 0 s                 ; 0 s                 ; 2.32 V                       ; 7.25e-07 V                   ; 2.35 V              ; -0.0111 V           ; 0.113 V                              ; 0.035 V                              ; 7.76e-10 s                  ; 8.04e-10 s                  ; Yes                        ; Yes                        ; 2.32 V                      ; 7.25e-07 V                  ; 2.35 V             ; -0.0111 V          ; 0.113 V                             ; 0.035 V                             ; 7.76e-10 s                 ; 8.04e-10 s                 ; Yes                       ; Yes                       ;
; stock_leds[1] ; 2.5 V        ; 0 s                 ; 0 s                 ; 2.32 V                       ; 7.25e-07 V                   ; 2.35 V              ; -0.0111 V           ; 0.113 V                              ; 0.035 V                              ; 7.76e-10 s                  ; 8.04e-10 s                  ; Yes                        ; Yes                        ; 2.32 V                      ; 7.25e-07 V                  ; 2.35 V             ; -0.0111 V          ; 0.113 V                             ; 0.035 V                             ; 7.76e-10 s                 ; 8.04e-10 s                 ; Yes                       ; Yes                       ;
; stock_leds[2] ; 2.5 V        ; 0 s                 ; 0 s                 ; 2.32 V                       ; 7.25e-07 V                   ; 2.35 V              ; -0.0111 V           ; 0.113 V                              ; 0.035 V                              ; 7.76e-10 s                  ; 8.04e-10 s                  ; Yes                        ; Yes                        ; 2.32 V                      ; 7.25e-07 V                  ; 2.35 V             ; -0.0111 V          ; 0.113 V                             ; 0.035 V                             ; 7.76e-10 s                 ; 8.04e-10 s                 ; Yes                       ; Yes                       ;
; alerta_led    ; 2.5 V        ; 0 s                 ; 0 s                 ; 2.32 V                       ; 7.25e-07 V                   ; 2.35 V              ; -0.0111 V           ; 0.113 V                              ; 0.035 V                              ; 7.76e-10 s                  ; 8.04e-10 s                  ; Yes                        ; Yes                        ; 2.32 V                      ; 7.25e-07 V                  ; 2.35 V             ; -0.0111 V          ; 0.113 V                             ; 0.035 V                             ; 7.76e-10 s                 ; 8.04e-10 s                 ; Yes                       ; Yes                       ;
; led_estado[0] ; 2.5 V        ; 0 s                 ; 0 s                 ; 2.32 V                       ; 7.25e-07 V                   ; 2.35 V              ; -0.0111 V           ; 0.113 V                              ; 0.035 V                              ; 7.76e-10 s                  ; 8.04e-10 s                  ; Yes                        ; Yes                        ; 2.32 V                      ; 7.25e-07 V                  ; 2.35 V             ; -0.0111 V          ; 0.113 V                             ; 0.035 V                             ; 7.76e-10 s                 ; 8.04e-10 s                 ; Yes                       ; Yes                       ;
; led_estado[1] ; 2.5 V        ; 0 s                 ; 0 s                 ; 2.32 V                       ; 7.25e-07 V                   ; 2.35 V              ; -0.0111 V           ; 0.113 V                              ; 0.035 V                              ; 7.76e-10 s                  ; 8.04e-10 s                  ; Yes                        ; Yes                        ; 2.32 V                      ; 7.25e-07 V                  ; 2.35 V             ; -0.0111 V          ; 0.113 V                             ; 0.035 V                             ; 7.76e-10 s                 ; 8.04e-10 s                 ; Yes                       ; Yes                       ;
; led_estado[2] ; 2.5 V        ; 0 s                 ; 0 s                 ; 2.32 V                       ; 1.08e-06 V                   ; 2.36 V              ; -0.0113 V           ; 0.122 V                              ; 0.022 V                              ; 4.5e-10 s                   ; 4.45e-10 s                  ; Yes                        ; Yes                        ; 2.32 V                      ; 1.08e-06 V                  ; 2.36 V             ; -0.0113 V          ; 0.122 V                             ; 0.022 V                             ; 4.5e-10 s                  ; 4.45e-10 s                 ; Yes                       ; Yes                       ;
; ~ALTERA_DCLK~ ; 2.5 V        ; 0 s                 ; 0 s                 ; 2.32 V                       ; 5.68e-07 V                   ; 2.35 V              ; -0.0132 V           ; 0.2 V                                ; 0.027 V                              ; 5.26e-10 s                  ; 4.81e-10 s                  ; Yes                        ; Yes                        ; 2.32 V                      ; 5.68e-07 V                  ; 2.35 V             ; -0.0132 V          ; 0.2 V                               ; 0.027 V                             ; 5.26e-10 s                 ; 4.81e-10 s                 ; Yes                       ; Yes                       ;
; ~ALTERA_nCEO~ ; 2.5 V        ; 0 s                 ; 0 s                 ; 2.32 V                       ; 9.36e-07 V                   ; 2.35 V              ; -0.00444 V          ; 0.18 V                               ; 0.019 V                              ; 7.23e-10 s                  ; 9.82e-10 s                  ; Yes                        ; Yes                        ; 2.32 V                      ; 9.36e-07 V                  ; 2.35 V             ; -0.00444 V         ; 0.18 V                              ; 0.019 V                             ; 7.23e-10 s                 ; 9.82e-10 s                 ; Yes                       ; Yes                       ;
+---------------+--------------+---------------------+---------------------+------------------------------+------------------------------+---------------------+---------------------+--------------------------------------+--------------------------------------+-----------------------------+-----------------------------+----------------------------+----------------------------+-----------------------------+-----------------------------+--------------------+--------------------+-------------------------------------+-------------------------------------+----------------------------+----------------------------+---------------------------+---------------------------+


+--------------------------------------------------------------------------------------------------------------------------------------------------------------------------------------------------------------------------------------------------------------------------------------------------------------------------------------------------------------------------------------------------------------------------------------------------------------------------------------------------------------------------------------------------------------------------------------------------------------------------------------------------------------------------------------------+
; Fast Corner Signal Integrity Metrics                                                                                                                                                                                                                                                                                                                                                                                                                                                                                                                                                                                                                                                       ;
+---------------+--------------+---------------------+---------------------+------------------------------+------------------------------+---------------------+---------------------+--------------------------------------+--------------------------------------+-----------------------------+-----------------------------+----------------------------+----------------------------+-----------------------------+-----------------------------+--------------------+--------------------+-------------------------------------+-------------------------------------+----------------------------+----------------------------+---------------------------+---------------------------+
; Pin           ; I/O Standard ; Board Delay on Rise ; Board Delay on Fall ; Steady State Voh at FPGA Pin ; Steady State Vol at FPGA Pin ; Voh Max at FPGA Pin ; Vol Min at FPGA Pin ; Ringback Voltage on Rise at FPGA Pin ; Ringback Voltage on Fall at FPGA Pin ; 10-90 Rise Time at FPGA Pin ; 90-10 Fall Time at FPGA Pin ; Monotonic Rise at FPGA Pin ; Monotonic Fall at FPGA Pin ; Steady State Voh at Far-end ; Steady State Vol at Far-end ; Voh Max at Far-end ; Vol Min at Far-end ; Ringback Voltage on Rise at Far-end ; Ringback Voltage on Fall at Far-end ; 10-90 Rise Time at Far-end ; 90-10 Fall Time at Far-end ; Monotonic Rise at Far-end ; Monotonic Fall at Far-end ;
+---------------+--------------+---------------------+---------------------+------------------------------+------------------------------+---------------------+---------------------+--------------------------------------+--------------------------------------+-----------------------------+-----------------------------+----------------------------+----------------------------+-----------------------------+-----------------------------+--------------------+--------------------+-------------------------------------+-------------------------------------+----------------------------+----------------------------+---------------------------+---------------------------+
; disp0[0]      ; 2.5 V        ; 0 s                 ; 0 s                 ; 2.62 V                       ; 4.11e-08 V                   ; 2.73 V              ; -0.0566 V           ; 0.191 V                              ; 0.12 V                               ; 2.69e-10 s                  ; 2.76e-10 s                  ; Yes                        ; Yes                        ; 2.62 V                      ; 4.11e-08 V                  ; 2.73 V             ; -0.0566 V          ; 0.191 V                             ; 0.12 V                              ; 2.69e-10 s                 ; 2.76e-10 s                 ; Yes                       ; Yes                       ;
; disp0[1]      ; 2.5 V        ; 0 s                 ; 0 s                 ; 2.62 V                       ; 4.11e-08 V                   ; 2.73 V              ; -0.0566 V           ; 0.191 V                              ; 0.12 V                               ; 2.69e-10 s                  ; 2.76e-10 s                  ; Yes                        ; Yes                        ; 2.62 V                      ; 4.11e-08 V                  ; 2.73 V             ; -0.0566 V          ; 0.191 V                             ; 0.12 V                              ; 2.69e-10 s                 ; 2.76e-10 s                 ; Yes                       ; Yes                       ;
; disp0[2]      ; 2.5 V        ; 0 s                 ; 0 s                 ; 2.62 V                       ; 4.11e-08 V                   ; 2.73 V              ; -0.0566 V           ; 0.191 V                              ; 0.12 V                               ; 2.69e-10 s                  ; 2.76e-10 s                  ; Yes                        ; Yes                        ; 2.62 V                      ; 4.11e-08 V                  ; 2.73 V             ; -0.0566 V          ; 0.191 V                             ; 0.12 V                              ; 2.69e-10 s                 ; 2.76e-10 s                 ; Yes                       ; Yes                       ;
; disp0[3]      ; 2.5 V        ; 0 s                 ; 0 s                 ; 2.62 V                       ; 4.11e-08 V                   ; 2.73 V              ; -0.0566 V           ; 0.191 V                              ; 0.12 V                               ; 2.69e-10 s                  ; 2.76e-10 s                  ; Yes                        ; Yes                        ; 2.62 V                      ; 4.11e-08 V                  ; 2.73 V             ; -0.0566 V          ; 0.191 V                             ; 0.12 V                              ; 2.69e-10 s                 ; 2.76e-10 s                 ; Yes                       ; Yes                       ;
; disp0[4]      ; 2.5 V        ; 0 s                 ; 0 s                 ; 2.62 V                       ; 4.11e-08 V                   ; 2.73 V              ; -0.0566 V           ; 0.191 V                              ; 0.12 V                               ; 2.69e-10 s                  ; 2.76e-10 s                  ; Yes                        ; Yes                        ; 2.62 V                      ; 4.11e-08 V                  ; 2.73 V             ; -0.0566 V          ; 0.191 V                             ; 0.12 V                              ; 2.69e-10 s                 ; 2.76e-10 s                 ; Yes                       ; Yes                       ;
; disp0[5]      ; 2.5 V        ; 0 s                 ; 0 s                 ; 2.62 V                       ; 4.11e-08 V                   ; 2.73 V              ; -0.0566 V           ; 0.191 V                              ; 0.12 V                               ; 2.69e-10 s                  ; 2.76e-10 s                  ; Yes                        ; Yes                        ; 2.62 V                      ; 4.11e-08 V                  ; 2.73 V             ; -0.0566 V          ; 0.191 V                             ; 0.12 V                              ; 2.69e-10 s                 ; 2.76e-10 s                 ; Yes                       ; Yes                       ;
; disp0[6]      ; 2.5 V        ; 0 s                 ; 0 s                 ; 2.62 V                       ; 4.11e-08 V                   ; 2.73 V              ; -0.0566 V           ; 0.191 V                              ; 0.12 V                               ; 2.69e-10 s                  ; 2.76e-10 s                  ; Yes                        ; Yes                        ; 2.62 V                      ; 4.11e-08 V                  ; 2.73 V             ; -0.0566 V          ; 0.191 V                             ; 0.12 V                              ; 2.69e-10 s                 ; 2.76e-10 s                 ; Yes                       ; Yes                       ;
; disp1[0]      ; 2.5 V        ; 0 s                 ; 0 s                 ; 2.62 V                       ; 4.11e-08 V                   ; 2.73 V              ; -0.0566 V           ; 0.191 V                              ; 0.12 V                               ; 2.69e-10 s                  ; 2.76e-10 s                  ; Yes                        ; Yes                        ; 2.62 V                      ; 4.11e-08 V                  ; 2.73 V             ; -0.0566 V          ; 0.191 V                             ; 0.12 V                              ; 2.69e-10 s                 ; 2.76e-10 s                 ; Yes                       ; Yes                       ;
; disp1[1]      ; 2.5 V        ; 0 s                 ; 0 s                 ; 2.62 V                       ; 4.11e-08 V                   ; 2.73 V              ; -0.0566 V           ; 0.191 V                              ; 0.12 V                               ; 2.69e-10 s                  ; 2.76e-10 s                  ; Yes                        ; Yes                        ; 2.62 V                      ; 4.11e-08 V                  ; 2.73 V             ; -0.0566 V          ; 0.191 V                             ; 0.12 V                              ; 2.69e-10 s                 ; 2.76e-10 s                 ; Yes                       ; Yes                       ;
; disp1[2]      ; 2.5 V        ; 0 s                 ; 0 s                 ; 2.62 V                       ; 4.11e-08 V                   ; 2.73 V              ; -0.0566 V           ; 0.191 V                              ; 0.12 V                               ; 2.69e-10 s                  ; 2.76e-10 s                  ; Yes                        ; Yes                        ; 2.62 V                      ; 4.11e-08 V                  ; 2.73 V             ; -0.0566 V          ; 0.191 V                             ; 0.12 V                              ; 2.69e-10 s                 ; 2.76e-10 s                 ; Yes                       ; Yes                       ;
; disp1[3]      ; 2.5 V        ; 0 s                 ; 0 s                 ; 2.62 V                       ; 4.11e-08 V                   ; 2.73 V              ; -0.0566 V           ; 0.191 V                              ; 0.12 V                               ; 2.69e-10 s                  ; 2.76e-10 s                  ; Yes                        ; Yes                        ; 2.62 V                      ; 4.11e-08 V                  ; 2.73 V             ; -0.0566 V          ; 0.191 V                             ; 0.12 V                              ; 2.69e-10 s                 ; 2.76e-10 s                 ; Yes                       ; Yes                       ;
; disp1[4]      ; 2.5 V        ; 0 s                 ; 0 s                 ; 2.62 V                       ; 4.11e-08 V                   ; 2.73 V              ; -0.0566 V           ; 0.191 V                              ; 0.12 V                               ; 2.69e-10 s                  ; 2.76e-10 s                  ; Yes                        ; Yes                        ; 2.62 V                      ; 4.11e-08 V                  ; 2.73 V             ; -0.0566 V          ; 0.191 V                             ; 0.12 V                              ; 2.69e-10 s                 ; 2.76e-10 s                 ; Yes                       ; Yes                       ;
; disp1[5]      ; 2.5 V        ; 0 s                 ; 0 s                 ; 2.62 V                       ; 4.11e-08 V                   ; 2.73 V              ; -0.0566 V           ; 0.191 V                              ; 0.12 V                               ; 2.69e-10 s                  ; 2.76e-10 s                  ; Yes                        ; Yes                        ; 2.62 V                      ; 4.11e-08 V                  ; 2.73 V             ; -0.0566 V          ; 0.191 V                             ; 0.12 V                              ; 2.69e-10 s                 ; 2.76e-10 s                 ; Yes                       ; Yes                       ;
; disp1[6]      ; 2.5 V        ; 0 s                 ; 0 s                 ; 2.62 V                       ; 4.11e-08 V                   ; 2.73 V              ; -0.0566 V           ; 0.191 V                              ; 0.12 V                               ; 2.69e-10 s                  ; 2.76e-10 s                  ; Yes                        ; Yes                        ; 2.62 V                      ; 4.11e-08 V                  ; 2.73 V             ; -0.0566 V          ; 0.191 V                             ; 0.12 V                              ; 2.69e-10 s                 ; 2.76e-10 s                 ; Yes                       ; Yes                       ;
; disp2[0]      ; 2.5 V        ; 0 s                 ; 0 s                 ; 2.62 V                       ; 4.11e-08 V                   ; 2.73 V              ; -0.0566 V           ; 0.191 V                              ; 0.12 V                               ; 2.69e-10 s                  ; 2.76e-10 s                  ; Yes                        ; Yes                        ; 2.62 V                      ; 4.11e-08 V                  ; 2.73 V             ; -0.0566 V          ; 0.191 V                             ; 0.12 V                              ; 2.69e-10 s                 ; 2.76e-10 s                 ; Yes                       ; Yes                       ;
; disp2[1]      ; 2.5 V        ; 0 s                 ; 0 s                 ; 2.62 V                       ; 4.11e-08 V                   ; 2.73 V              ; -0.0566 V           ; 0.191 V                              ; 0.12 V                               ; 2.69e-10 s                  ; 2.76e-10 s                  ; Yes                        ; Yes                        ; 2.62 V                      ; 4.11e-08 V                  ; 2.73 V             ; -0.0566 V          ; 0.191 V                             ; 0.12 V                              ; 2.69e-10 s                 ; 2.76e-10 s                 ; Yes                       ; Yes                       ;
; disp2[2]      ; 2.5 V        ; 0 s                 ; 0 s                 ; 2.62 V                       ; 4.11e-08 V                   ; 2.73 V              ; -0.0566 V           ; 0.191 V                              ; 0.12 V                               ; 2.69e-10 s                  ; 2.76e-10 s                  ; Yes                        ; Yes                        ; 2.62 V                      ; 4.11e-08 V                  ; 2.73 V             ; -0.0566 V          ; 0.191 V                             ; 0.12 V                              ; 2.69e-10 s                 ; 2.76e-10 s                 ; Yes                       ; Yes                       ;
; disp2[3]      ; 2.5 V        ; 0 s                 ; 0 s                 ; 2.62 V                       ; 4.11e-08 V                   ; 2.73 V              ; -0.0566 V           ; 0.191 V                              ; 0.12 V                               ; 2.69e-10 s                  ; 2.76e-10 s                  ; Yes                        ; Yes                        ; 2.62 V                      ; 4.11e-08 V                  ; 2.73 V             ; -0.0566 V          ; 0.191 V                             ; 0.12 V                              ; 2.69e-10 s                 ; 2.76e-10 s                 ; Yes                       ; Yes                       ;
; disp2[4]      ; 2.5 V        ; 0 s                 ; 0 s                 ; 2.62 V                       ; 4.11e-08 V                   ; 2.73 V              ; -0.0566 V           ; 0.191 V                              ; 0.12 V                               ; 2.69e-10 s                  ; 2.76e-10 s                  ; Yes                        ; Yes                        ; 2.62 V                      ; 4.11e-08 V                  ; 2.73 V             ; -0.0566 V          ; 0.191 V                             ; 0.12 V                              ; 2.69e-10 s                 ; 2.76e-10 s                 ; Yes                       ; Yes                       ;
; disp2[5]      ; 2.5 V        ; 0 s                 ; 0 s                 ; 2.62 V                       ; 4.11e-08 V                   ; 2.73 V              ; -0.0566 V           ; 0.191 V                              ; 0.12 V                               ; 2.69e-10 s                  ; 2.76e-10 s                  ; Yes                        ; Yes                        ; 2.62 V                      ; 4.11e-08 V                  ; 2.73 V             ; -0.0566 V          ; 0.191 V                             ; 0.12 V                              ; 2.69e-10 s                 ; 2.76e-10 s                 ; Yes                       ; Yes                       ;
; disp2[6]      ; 2.5 V        ; 0 s                 ; 0 s                 ; 2.62 V                       ; 4.11e-08 V                   ; 2.73 V              ; -0.0566 V           ; 0.191 V                              ; 0.12 V                               ; 2.69e-10 s                  ; 2.76e-10 s                  ; Yes                        ; Yes                        ; 2.62 V                      ; 4.11e-08 V                  ; 2.73 V             ; -0.0566 V          ; 0.191 V                             ; 0.12 V                              ; 2.69e-10 s                 ; 2.76e-10 s                 ; Yes                       ; Yes                       ;
; disp3[0]      ; 2.5 V        ; 0 s                 ; 0 s                 ; 2.62 V                       ; 4.11e-08 V                   ; 2.73 V              ; -0.0566 V           ; 0.191 V                              ; 0.12 V                               ; 2.69e-10 s                  ; 2.76e-10 s                  ; Yes                        ; Yes                        ; 2.62 V                      ; 4.11e-08 V                  ; 2.73 V             ; -0.0566 V          ; 0.191 V                             ; 0.12 V                              ; 2.69e-10 s                 ; 2.76e-10 s                 ; Yes                       ; Yes                       ;
; disp3[1]      ; 2.5 V        ; 0 s                 ; 0 s                 ; 2.62 V                       ; 4.11e-08 V                   ; 2.73 V              ; -0.0566 V           ; 0.191 V                              ; 0.12 V                               ; 2.69e-10 s                  ; 2.76e-10 s                  ; Yes                        ; Yes                        ; 2.62 V                      ; 4.11e-08 V                  ; 2.73 V             ; -0.0566 V          ; 0.191 V                             ; 0.12 V                              ; 2.69e-10 s                 ; 2.76e-10 s                 ; Yes                       ; Yes                       ;
; disp3[2]      ; 2.5 V        ; 0 s                 ; 0 s                 ; 2.62 V                       ; 4.11e-08 V                   ; 2.73 V              ; -0.0566 V           ; 0.191 V                              ; 0.12 V                               ; 2.69e-10 s                  ; 2.76e-10 s                  ; Yes                        ; Yes                        ; 2.62 V                      ; 4.11e-08 V                  ; 2.73 V             ; -0.0566 V          ; 0.191 V                             ; 0.12 V                              ; 2.69e-10 s                 ; 2.76e-10 s                 ; Yes                       ; Yes                       ;
; disp3[3]      ; 2.5 V        ; 0 s                 ; 0 s                 ; 2.62 V                       ; 4.11e-08 V                   ; 2.73 V              ; -0.0566 V           ; 0.191 V                              ; 0.12 V                               ; 2.69e-10 s                  ; 2.76e-10 s                  ; Yes                        ; Yes                        ; 2.62 V                      ; 4.11e-08 V                  ; 2.73 V             ; -0.0566 V          ; 0.191 V                             ; 0.12 V                              ; 2.69e-10 s                 ; 2.76e-10 s                 ; Yes                       ; Yes                       ;
; disp3[4]      ; 2.5 V        ; 0 s                 ; 0 s                 ; 2.62 V                       ; 4.11e-08 V                   ; 2.73 V              ; -0.0566 V           ; 0.191 V                              ; 0.12 V                               ; 2.69e-10 s                  ; 2.76e-10 s                  ; Yes                        ; Yes                        ; 2.62 V                      ; 4.11e-08 V                  ; 2.73 V             ; -0.0566 V          ; 0.191 V                             ; 0.12 V                              ; 2.69e-10 s                 ; 2.76e-10 s                 ; Yes                       ; Yes                       ;
; disp3[5]      ; 2.5 V        ; 0 s                 ; 0 s                 ; 2.62 V                       ; 4.11e-08 V                   ; 2.73 V              ; -0.0566 V           ; 0.191 V                              ; 0.12 V                               ; 2.69e-10 s                  ; 2.76e-10 s                  ; Yes                        ; Yes                        ; 2.62 V                      ; 4.11e-08 V                  ; 2.73 V             ; -0.0566 V          ; 0.191 V                             ; 0.12 V                              ; 2.69e-10 s                 ; 2.76e-10 s                 ; Yes                       ; Yes                       ;
; disp3[6]      ; 2.5 V        ; 0 s                 ; 0 s                 ; 2.62 V                       ; 4.11e-08 V                   ; 2.73 V              ; -0.0566 V           ; 0.191 V                              ; 0.12 V                               ; 2.69e-10 s                  ; 2.76e-10 s                  ; Yes                        ; Yes                        ; 2.62 V                      ; 4.11e-08 V                  ; 2.73 V             ; -0.0566 V          ; 0.191 V                             ; 0.12 V                              ; 2.69e-10 s                 ; 2.76e-10 s                 ; Yes                       ; Yes                       ;
; led_entrega   ; 2.5 V        ; 0 s                 ; 0 s                 ; 2.62 V                       ; 2.78e-08 V                   ; 2.71 V              ; -0.0349 V           ; 0.253 V                              ; 0.069 V                              ; 4.96e-10 s                  ; 5.19e-10 s                  ; No                         ; Yes                        ; 2.62 V                      ; 2.78e-08 V                  ; 2.71 V             ; -0.0349 V          ; 0.253 V                             ; 0.069 V                             ; 4.96e-10 s                 ; 5.19e-10 s                 ; No                        ; Yes                       ;
; led_anom      ; 2.5 V        ; 0 s                 ; 0 s                 ; 2.62 V                       ; 2.78e-08 V                   ; 2.71 V              ; -0.0349 V           ; 0.253 V                              ; 0.069 V                              ; 4.96e-10 s                  ; 5.19e-10 s                  ; No                         ; Yes                        ; 2.62 V                      ; 2.78e-08 V                  ; 2.71 V             ; -0.0349 V          ; 0.253 V                             ; 0.069 V                             ; 4.96e-10 s                 ; 5.19e-10 s                 ; No                        ; Yes                       ;
; stock_leds[0] ; 2.5 V        ; 0 s                 ; 0 s                 ; 2.62 V                       ; 2.78e-08 V                   ; 2.71 V              ; -0.0349 V           ; 0.253 V                              ; 0.069 V                              ; 4.96e-10 s                  ; 5.19e-10 s                  ; No                         ; Yes                        ; 2.62 V                      ; 2.78e-08 V                  ; 2.71 V             ; -0.0349 V          ; 0.253 V                             ; 0.069 V                             ; 4.96e-10 s                 ; 5.19e-10 s                 ; No                        ; Yes                       ;
; stock_leds[1] ; 2.5 V        ; 0 s                 ; 0 s                 ; 2.62 V                       ; 2.78e-08 V                   ; 2.71 V              ; -0.0349 V           ; 0.253 V                              ; 0.069 V                              ; 4.96e-10 s                  ; 5.19e-10 s                  ; No                         ; Yes                        ; 2.62 V                      ; 2.78e-08 V                  ; 2.71 V             ; -0.0349 V          ; 0.253 V                             ; 0.069 V                             ; 4.96e-10 s                 ; 5.19e-10 s                 ; No                        ; Yes                       ;
; stock_leds[2] ; 2.5 V        ; 0 s                 ; 0 s                 ; 2.62 V                       ; 2.78e-08 V                   ; 2.71 V              ; -0.0349 V           ; 0.253 V                              ; 0.069 V                              ; 4.96e-10 s                  ; 5.19e-10 s                  ; No                         ; Yes                        ; 2.62 V                      ; 2.78e-08 V                  ; 2.71 V             ; -0.0349 V          ; 0.253 V                             ; 0.069 V                             ; 4.96e-10 s                 ; 5.19e-10 s                 ; No                        ; Yes                       ;
; alerta_led    ; 2.5 V        ; 0 s                 ; 0 s                 ; 2.62 V                       ; 2.78e-08 V                   ; 2.71 V              ; -0.0349 V           ; 0.253 V                              ; 0.069 V                              ; 4.96e-10 s                  ; 5.19e-10 s                  ; No                         ; Yes                        ; 2.62 V                      ; 2.78e-08 V                  ; 2.71 V             ; -0.0349 V          ; 0.253 V                             ; 0.069 V                             ; 4.96e-10 s                 ; 5.19e-10 s                 ; No                        ; Yes                       ;
; led_estado[0] ; 2.5 V        ; 0 s                 ; 0 s                 ; 2.62 V                       ; 2.78e-08 V                   ; 2.71 V              ; -0.0349 V           ; 0.253 V                              ; 0.069 V                              ; 4.96e-10 s                  ; 5.19e-10 s                  ; No                         ; Yes                        ; 2.62 V                      ; 2.78e-08 V                  ; 2.71 V             ; -0.0349 V          ; 0.253 V                             ; 0.069 V                             ; 4.96e-10 s                 ; 5.19e-10 s                 ; No                        ; Yes                       ;
; led_estado[1] ; 2.5 V        ; 0 s                 ; 0 s                 ; 2.62 V                       ; 2.78e-08 V                   ; 2.71 V              ; -0.0349 V           ; 0.253 V                              ; 0.069 V                              ; 4.96e-10 s                  ; 5.19e-10 s                  ; No                         ; Yes                        ; 2.62 V                      ; 2.78e-08 V                  ; 2.71 V             ; -0.0349 V          ; 0.253 V                             ; 0.069 V                             ; 4.96e-10 s                 ; 5.19e-10 s                 ; No                        ; Yes                       ;
; led_estado[2] ; 2.5 V        ; 0 s                 ; 0 s                 ; 2.62 V                       ; 4.11e-08 V                   ; 2.73 V              ; -0.0566 V           ; 0.191 V                              ; 0.12 V                               ; 2.69e-10 s                  ; 2.76e-10 s                  ; Yes                        ; Yes                        ; 2.62 V                      ; 4.11e-08 V                  ; 2.73 V             ; -0.0566 V          ; 0.191 V                             ; 0.12 V                              ; 2.69e-10 s                 ; 2.76e-10 s                 ; Yes                       ; Yes                       ;
; ~ALTERA_DCLK~ ; 2.5 V        ; 0 s                 ; 0 s                 ; 2.62 V                       ; 2.22e-08 V                   ; 2.72 V              ; -0.0747 V           ; 0.28 V                               ; 0.169 V                              ; 3.1e-10 s                   ; 3.01e-10 s                  ; No                         ; Yes                        ; 2.62 V                      ; 2.22e-08 V                  ; 2.72 V             ; -0.0747 V          ; 0.28 V                              ; 0.169 V                             ; 3.1e-10 s                  ; 3.01e-10 s                 ; No                        ; Yes                       ;
; ~ALTERA_nCEO~ ; 2.5 V        ; 0 s                 ; 0 s                 ; 2.62 V                       ; 3.53e-08 V                   ; 2.7 V               ; -0.0212 V           ; 0.204 V                              ; 0.049 V                              ; 4.85e-10 s                  ; 6.73e-10 s                  ; No                         ; Yes                        ; 2.62 V                      ; 3.53e-08 V                  ; 2.7 V              ; -0.0212 V          ; 0.204 V                             ; 0.049 V                             ; 4.85e-10 s                 ; 6.73e-10 s                 ; No                        ; Yes                       ;
+---------------+--------------+---------------------+---------------------+------------------------------+------------------------------+---------------------+---------------------+--------------------------------------+--------------------------------------+-----------------------------+-----------------------------+----------------------------+----------------------------+-----------------------------+-----------------------------+--------------------+--------------------+-------------------------------------+-------------------------------------+----------------------------+----------------------------+---------------------------+---------------------------+


+-------------------------------------------------------------------+
; Setup Transfers                                                   ;
+------------+----------+----------+----------+----------+----------+
; From Clock ; To Clock ; RR Paths ; FR Paths ; RF Paths ; FF Paths ;
+------------+----------+----------+----------+----------+----------+
; clk        ; clk      ; 2086     ; 0        ; 0        ; 0        ;
+------------+----------+----------+----------+----------+----------+
Entries labeled "false path" only account for clock-to-clock false paths and not path-based false paths. As a result, actual path counts may be lower than reported.


+-------------------------------------------------------------------+
; Hold Transfers                                                    ;
+------------+----------+----------+----------+----------+----------+
; From Clock ; To Clock ; RR Paths ; FR Paths ; RF Paths ; FF Paths ;
+------------+----------+----------+----------+----------+----------+
; clk        ; clk      ; 2086     ; 0        ; 0        ; 0        ;
+------------+----------+----------+----------+----------+----------+
Entries labeled "false path" only account for clock-to-clock false paths and not path-based false paths. As a result, actual path counts may be lower than reported.


---------------
; Report TCCS ;
---------------
No dedicated SERDES Transmitter circuitry present in device or used in design


---------------
; Report RSKM ;
---------------
No non-DPA dedicated SERDES Receiver circuitry present in device or used in design


+------------------------------------------------+
; Unconstrained Paths                            ;
+---------------------------------+-------+------+
; Property                        ; Setup ; Hold ;
+---------------------------------+-------+------+
; Illegal Clocks                  ; 0     ; 0    ;
; Unconstrained Clocks            ; 0     ; 0    ;
; Unconstrained Input Ports       ; 10    ; 10   ;
; Unconstrained Input Port Paths  ; 213   ; 213  ;
; Unconstrained Output Ports      ; 33    ; 33   ;
; Unconstrained Output Port Paths ; 224   ; 224  ;
+---------------------------------+-------+------+


+------------------------------------+
; TimeQuest Timing Analyzer Messages ;
+------------------------------------+
Info: *******************************************************************
Info: Running Quartus II 64-Bit TimeQuest Timing Analyzer
    Info: Version 13.1.0 Build 162 10/23/2013 SJ Web Edition
    Info: Processing started: Mon Oct 27 17:34:01 2025
Info: Command: quartus_sta MAQUINA_EXPENDEDORA -c MAQUINA_EXPENDEDORA
Info: qsta_default_script.tcl version: #1
Info (20030): Parallel compilation is enabled and will use 16 of the 16 processors detected
Info (21077): Core supply voltage is 1.2V
Info (21077): Low junction temperature is 0 degrees C
Info (21077): High junction temperature is 85 degrees C
Critical Warning (332012): Synopsys Design Constraints File file not found: 'MAQUINA_EXPENDEDORA.sdc'. A Synopsys Design Constraints File is required by the TimeQuest Timing Analyzer to get proper timing constraints. Without it, the Compiler will not properly optimize the design.
Info (332142): No user constrained base clocks found in the design. Calling "derive_clocks -period 1.0"
Info (332105): Deriving Clocks
    Info (332105): create_clock -period 1.000 -name clk clk
Info (332143): No user constrained clock uncertainty found in the design. Calling "derive_clock_uncertainty"
Info (332123): Deriving Clock Uncertainty. Please refer to report_sdc in TimeQuest to see clock uncertainties.
Info: Found TIMEQUEST_REPORT_SCRIPT_INCLUDE_DEFAULT_ANALYSIS = ON
Info: Analyzing Slow 1200mV 85C Model
Critical Warning (332148): Timing requirements not met
    Info (11105): For recommendations on closing timing, run Report Timing Closure Recommendations in the TimeQuest Timing Analyzer.
Info (332146): Worst-case setup slack is -2.475
    Info (332119):     Slack       End Point TNS Clock 
    Info (332119): ========= =================== =====================
    Info (332119):    -2.475            -123.920 clk 
Info (332146): Worst-case hold slack is 0.344
    Info (332119):     Slack       End Point TNS Clock 
    Info (332119): ========= =================== =====================
    Info (332119):     0.344               0.000 clk 
Info (332140): No Recovery paths to report
Info (332140): No Removal paths to report
Info (332146): Worst-case minimum pulse width slack is -3.000
    Info (332119):     Slack       End Point TNS Clock 
    Info (332119): ========= =================== =====================
    Info (332119):    -3.000             -67.000 clk 
Info: Analyzing Slow 1200mV 0C Model
Info (334003): Started post-fitting delay annotation
Info (334004): Delay annotation completed successfully
Info (332123): Deriving Clock Uncertainty. Please refer to report_sdc in TimeQuest to see clock uncertainties.
Critical Warning (332148): Timing requirements not met
    Info (11105): For recommendations on closing timing, run Report Timing Closure Recommendations in the TimeQuest Timing Analyzer.
Info (332146): Worst-case setup slack is -2.142
    Info (332119):     Slack       End Point TNS Clock 
    Info (332119): ========= =================== =====================
    Info (332119):    -2.142            -106.148 clk 
Info (332146): Worst-case hold slack is 0.299
    Info (332119):     Slack       End Point TNS Clock 
    Info (332119): ========= =================== =====================
    Info (332119):     0.299               0.000 clk 
Info (332140): No Recovery paths to report
Info (332140): No Removal paths to report
Info (332146): Worst-case minimum pulse width slack is -3.000
    Info (332119):     Slack       End Point TNS Clock 
    Info (332119): ========= =================== =====================
    Info (332119):    -3.000             -67.000 clk 
Info: Analyzing Fast 1200mV 0C Model
Info (332123): Deriving Clock Uncertainty. Please refer to report_sdc in TimeQuest to see clock uncertainties.
Critical Warning (332148): Timing requirements not met
    Info (11105): For recommendations on closing timing, run Report Timing Closure Recommendations in the TimeQuest Timing Analyzer.
Info (332146): Worst-case setup slack is -0.926
    Info (332119):     Slack       End Point TNS Clock 
    Info (332119): ========= =================== =====================
    Info (332119):    -0.926             -41.774 clk 
Info (332146): Worst-case hold slack is 0.180
    Info (332119):     Slack       End Point TNS Clock 
    Info (332119): ========= =================== =====================
    Info (332119):     0.180               0.000 clk 
Info (332140): No Recovery paths to report
Info (332140): No Removal paths to report
Info (332146): Worst-case minimum pulse width slack is -3.000
    Info (332119):     Slack       End Point TNS Clock 
    Info (332119): ========= =================== =====================
    Info (332119):    -3.000             -70.705 clk 
Info (332102): Design is not fully constrained for setup requirements
Info (332102): Design is not fully constrained for hold requirements
Info: Quartus II 64-Bit TimeQuest Timing Analyzer was successful. 0 errors, 4 warnings
    Info: Peak virtual memory: 4855 megabytes
    Info: Processing ended: Mon Oct 27 17:34:02 2025
    Info: Elapsed time: 00:00:01
    Info: Total CPU time (on all processors): 00:00:02


