Fitter report for MAQUINA_EXPENDEDORA
Thu Oct 30 23:55:54 2025
Quartus II 32-bit Version 13.1.0 Build 162 10/23/2013 SJ Web Edition


---------------------
; Table of Contents ;
---------------------
  1. Legal Notice
  2. Fitter Summary
  3. Fitter Settings
  4. Parallel Compilation
  5. I/O Assignment Warnings
  6. Incremental Compilation Preservation Summary
  7. Incremental Compilation Partition Settings
  8. Incremental Compilation Placement Preservation
  9. Pin-Out File
 10. Fitter Resource Usage Summary
 11. Fitter Partition Statistics
 12. Input Pins
 13. Output Pins
 14. Dual Purpose and Dedicated Pins
 15. I/O Bank Usage
 16. All Package Pins
 17. Fitter Resource Utilization by Entity
 18. Delay Chain Summary
 19. Pad To Core Delay Chain Fanout
 20. Control Signals
 21. Global & Other Fast Signals
 22. Non-Global High Fan-Out Signals
 23. Routing Usage Summary
 24. LAB Logic Elements
 25. LAB-wide Signals
 26. LAB Signals Sourced
 27. LAB Signals Sourced Out
 28. LAB Distinct Inputs
 29. I/O Rules Summary
 30. I/O Rules Details
 31. I/O Rules Matrix
 32. Fitter Device Options
 33. Operating Settings and Conditions
 34. Estimated Delay Added for Hold Timing Summary
 35. Estimated Delay Added for Hold Timing Details
 36. Fitter Messages
 37. Fitter Suppressed Messages



----------------
; Legal Notice ;
----------------
Copyright (C) 1991-2013 Altera Corporation
Your use of Altera Corporation's design tools, logic functions 
and other software and tools, and its AMPP partner logic 
functions, and any output files from any of the foregoing 
(including device programming or simulation files), and any 
associated documentation or information are expressly subject 
to the terms and conditions of the Altera Program License 
Subscription Agreement, Altera MegaCore Function License 
Agreement, or other applicable license agreement, including, 
without limitation, that your use is for the sole purpose of 
programming logic devices manufactured by Altera and sold by 
Altera or its authorized distributors.  Please refer to the 
applicable agreement for further details.



+---------------------------------------------------------------------------------+
; Fitter Summary                                                                  ;
+------------------------------------+--------------------------------------------+
; Fitter Status                      ; Successful - Thu Oct 30 23:55:54 2025      ;
; Quartus II 32-bit Version          ; 13.1.0 Build 162 10/23/2013 SJ Web Edition ;
; Revision Name                      ; MAQUINA_EXPENDEDORA                        ;
; Top-level Entity Name              ; maquina_expendedora                        ;
; Family                             ; Cyclone III                                ;
; Device                             ; EP3C16F484C6                               ;
; Timing Models                      ; Final                                      ;
; Total logic elements               ; 3,527 / 15,408 ( 23 % )                    ;
;     Total combinational functions  ; 3,491 / 15,408 ( 23 % )                    ;
;     Dedicated logic registers      ; 540 / 15,408 ( 4 % )                       ;
; Total registers                    ; 540                                        ;
; Total pins                         ; 54 / 347 ( 16 % )                          ;
; Total virtual pins                 ; 0                                          ;
; Total memory bits                  ; 0 / 516,096 ( 0 % )                        ;
; Embedded Multiplier 9-bit elements ; 0 / 112 ( 0 % )                            ;
; Total PLLs                         ; 0 / 4 ( 0 % )                              ;
+------------------------------------+--------------------------------------------+


+------------------------------------------------------------------------------------------------------------------------------------------------------------+
; Fitter Settings                                                                                                                                            ;
+----------------------------------------------------------------------------+---------------------------------------+---------------------------------------+
; Option                                                                     ; Setting                               ; Default Value                         ;
+----------------------------------------------------------------------------+---------------------------------------+---------------------------------------+
; Device                                                                     ; EP3C16F484C6                          ;                                       ;
; Nominal Core Supply Voltage                                                ; 1.2V                                  ;                                       ;
; Minimum Core Junction Temperature                                          ; 0                                     ;                                       ;
; Maximum Core Junction Temperature                                          ; 85                                    ;                                       ;
; Fit Attempts to Skip                                                       ; 0                                     ; 0.0                                   ;
; Device I/O Standard                                                        ; 2.5 V                                 ;                                       ;
; Use smart compilation                                                      ; Off                                   ; Off                                   ;
; Enable parallel Assembler and TimeQuest Timing Analyzer during compilation ; On                                    ; On                                    ;
; Enable compact report table                                                ; Off                                   ; Off                                   ;
; Auto Merge PLLs                                                            ; On                                    ; On                                    ;
; Router Timing Optimization Level                                           ; Normal                                ; Normal                                ;
; Perform Clocking Topology Analysis During Routing                          ; Off                                   ; Off                                   ;
; Placement Effort Multiplier                                                ; 1.0                                   ; 1.0                                   ;
; Router Effort Multiplier                                                   ; 1.0                                   ; 1.0                                   ;
; Optimize Hold Timing                                                       ; All Paths                             ; All Paths                             ;
; Optimize Multi-Corner Timing                                               ; On                                    ; On                                    ;
; PowerPlay Power Optimization                                               ; Normal compilation                    ; Normal compilation                    ;
; SSN Optimization                                                           ; Off                                   ; Off                                   ;
; Optimize Timing                                                            ; Normal compilation                    ; Normal compilation                    ;
; Optimize Timing for ECOs                                                   ; Off                                   ; Off                                   ;
; Regenerate full fit report during ECO compiles                             ; Off                                   ; Off                                   ;
; Optimize IOC Register Placement for Timing                                 ; Normal                                ; Normal                                ;
; Limit to One Fitting Attempt                                               ; Off                                   ; Off                                   ;
; Final Placement Optimizations                                              ; Automatically                         ; Automatically                         ;
; Fitter Aggressive Routability Optimizations                                ; Automatically                         ; Automatically                         ;
; Fitter Initial Placement Seed                                              ; 1                                     ; 1                                     ;
; PCI I/O                                                                    ; Off                                   ; Off                                   ;
; Weak Pull-Up Resistor                                                      ; Off                                   ; Off                                   ;
; Enable Bus-Hold Circuitry                                                  ; Off                                   ; Off                                   ;
; Auto Packed Registers                                                      ; Auto                                  ; Auto                                  ;
; Auto Delay Chains                                                          ; On                                    ; On                                    ;
; Auto Delay Chains for High Fanout Input Pins                               ; Off                                   ; Off                                   ;
; Allow Single-ended Buffer for Differential-XSTL Input                      ; Off                                   ; Off                                   ;
; Treat Bidirectional Pin as Output Pin                                      ; Off                                   ; Off                                   ;
; Perform Physical Synthesis for Combinational Logic for Fitting             ; Off                                   ; Off                                   ;
; Perform Physical Synthesis for Combinational Logic for Performance         ; Off                                   ; Off                                   ;
; Perform Register Duplication for Performance                               ; Off                                   ; Off                                   ;
; Perform Logic to Memory Mapping for Fitting                                ; Off                                   ; Off                                   ;
; Perform Register Retiming for Performance                                  ; Off                                   ; Off                                   ;
; Perform Asynchronous Signal Pipelining                                     ; Off                                   ; Off                                   ;
; Fitter Effort                                                              ; Auto Fit                              ; Auto Fit                              ;
; Physical Synthesis Effort Level                                            ; Normal                                ; Normal                                ;
; Logic Cell Insertion - Logic Duplication                                   ; Auto                                  ; Auto                                  ;
; Auto Register Duplication                                                  ; Auto                                  ; Auto                                  ;
; Auto Global Clock                                                          ; On                                    ; On                                    ;
; Auto Global Register Control Signals                                       ; On                                    ; On                                    ;
; Reserve all unused pins                                                    ; As input tri-stated with weak pull-up ; As input tri-stated with weak pull-up ;
; Synchronizer Identification                                                ; Off                                   ; Off                                   ;
; Enable Beneficial Skew Optimization                                        ; On                                    ; On                                    ;
; Optimize Design for Metastability                                          ; On                                    ; On                                    ;
; Force Fitter to Avoid Periphery Placement Warnings                         ; Off                                   ; Off                                   ;
; RAM Bit Reservation (Cyclone III)                                          ; Off                                   ; Off                                   ;
; Enable input tri-state on active configuration pins in user mode           ; Off                                   ; Off                                   ;
+----------------------------------------------------------------------------+---------------------------------------+---------------------------------------+


+------------------------------------------+
; Parallel Compilation                     ;
+----------------------------+-------------+
; Processors                 ; Number      ;
+----------------------------+-------------+
; Number detected on machine ; 8           ;
; Maximum allowed            ; 4           ;
;                            ;             ;
; Average used               ; 2.00        ;
; Maximum used               ; 4           ;
;                            ;             ;
; Usage by Processor         ; % Time Used ;
;     Processor 1            ; 100.0%      ;
;     Processors 2-3         ;  35.0%      ;
;     Processor 4            ;  30.0%      ;
;     Processors 5-8         ;   0.0%      ;
+----------------------------+-------------+


+---------------------------------------------------------+
; I/O Assignment Warnings                                 ;
+------------------+--------------------------------------+
; Pin Name         ; Reason                               ;
+------------------+--------------------------------------+
; disp0[0]         ; Missing drive strength and slew rate ;
; disp0[1]         ; Missing drive strength and slew rate ;
; disp0[2]         ; Missing drive strength and slew rate ;
; disp0[3]         ; Missing drive strength and slew rate ;
; disp0[4]         ; Missing drive strength and slew rate ;
; disp0[5]         ; Missing drive strength and slew rate ;
; disp0[6]         ; Missing drive strength and slew rate ;
; disp1[0]         ; Missing drive strength and slew rate ;
; disp1[1]         ; Missing drive strength and slew rate ;
; disp1[2]         ; Missing drive strength and slew rate ;
; disp1[3]         ; Missing drive strength and slew rate ;
; disp1[4]         ; Missing drive strength and slew rate ;
; disp1[5]         ; Missing drive strength and slew rate ;
; disp1[6]         ; Missing drive strength and slew rate ;
; disp2[0]         ; Missing drive strength and slew rate ;
; disp2[1]         ; Missing drive strength and slew rate ;
; disp2[2]         ; Missing drive strength and slew rate ;
; disp2[3]         ; Missing drive strength and slew rate ;
; disp2[4]         ; Missing drive strength and slew rate ;
; disp2[5]         ; Missing drive strength and slew rate ;
; disp2[6]         ; Missing drive strength and slew rate ;
; disp3[0]         ; Missing drive strength and slew rate ;
; disp3[1]         ; Missing drive strength and slew rate ;
; disp3[2]         ; Missing drive strength and slew rate ;
; disp3[3]         ; Missing drive strength and slew rate ;
; disp3[4]         ; Missing drive strength and slew rate ;
; disp3[5]         ; Missing drive strength and slew rate ;
; disp3[6]         ; Missing drive strength and slew rate ;
; led_compra       ; Missing drive strength and slew rate ;
; stock_leds[0]    ; Missing drive strength and slew rate ;
; stock_leds[1]    ; Missing drive strength and slew rate ;
; stock_leds[2]    ; Missing drive strength and slew rate ;
; alerta_led       ; Missing drive strength and slew rate ;
; door_led         ; Missing drive strength and slew rate ;
; entrega_led      ; Missing drive strength and slew rate ;
; anomalia_led     ; Missing drive strength and slew rate ;
; servo_pwm_1      ; Missing drive strength and slew rate ;
; servo_pwm_2      ; Missing drive strength and slew rate ;
; servo_pwm_1000   ; Missing drive strength and slew rate ;
; servo_pwm_500    ; Missing drive strength and slew rate ;
; buzzer_out       ; Missing drive strength and slew rate ;
; servo_puerta_pwm ; Missing drive strength and slew rate ;
+------------------+--------------------------------------+


+---------------------------------------------------------------------------------------------------+
; Incremental Compilation Preservation Summary                                                      ;
+---------------------+---------------------+----------------------------+--------------------------+
; Type                ; Total [A + B]       ; From Design Partitions [A] ; From Rapid Recompile [B] ;
+---------------------+---------------------+----------------------------+--------------------------+
; Placement (by node) ;                     ;                            ;                          ;
;     -- Requested    ; 0.00 % ( 0 / 4162 ) ; 0.00 % ( 0 / 4162 )        ; 0.00 % ( 0 / 4162 )      ;
;     -- Achieved     ; 0.00 % ( 0 / 4162 ) ; 0.00 % ( 0 / 4162 )        ; 0.00 % ( 0 / 4162 )      ;
;                     ;                     ;                            ;                          ;
; Routing (by net)    ;                     ;                            ;                          ;
;     -- Requested    ; 0.00 % ( 0 / 0 )    ; 0.00 % ( 0 / 0 )           ; 0.00 % ( 0 / 0 )         ;
;     -- Achieved     ; 0.00 % ( 0 / 0 )    ; 0.00 % ( 0 / 0 )           ; 0.00 % ( 0 / 0 )         ;
+---------------------+---------------------+----------------------------+--------------------------+


+----------------------------------------------------------------------------------------------------------------------------------------------------------------------------------------+
; Incremental Compilation Partition Settings                                                                                                                                             ;
+--------------------------------+----------------+-------------------+-------------------------+------------------------+------------------------------+--------------------------------+
; Partition Name                 ; Partition Type ; Netlist Type Used ; Preservation Level Used ; Netlist Type Requested ; Preservation Level Requested ; Contents                       ;
+--------------------------------+----------------+-------------------+-------------------------+------------------------+------------------------------+--------------------------------+
; Top                            ; User-created   ; Source File       ; N/A                     ; Source File            ; N/A                          ;                                ;
; hard_block:auto_generated_inst ; Auto-generated ; Source File       ; N/A                     ; Source File            ; N/A                          ; hard_block:auto_generated_inst ;
+--------------------------------+----------------+-------------------+-------------------------+------------------------+------------------------------+--------------------------------+


+------------------------------------------------------------------------------------------------------------------------------------+
; Incremental Compilation Placement Preservation                                                                                     ;
+--------------------------------+-----------------------+-------------------------+-------------------+---------------------+-------+
; Partition Name                 ; Preservation Achieved ; Preservation Level Used ; Netlist Type Used ; Preservation Method ; Notes ;
+--------------------------------+-----------------------+-------------------------+-------------------+---------------------+-------+
; Top                            ; 0.00 % ( 0 / 4152 )   ; N/A                     ; Source File       ; N/A                 ;       ;
; hard_block:auto_generated_inst ; 0.00 % ( 0 / 10 )     ; N/A                     ; Source File       ; N/A                 ;       ;
+--------------------------------+-----------------------+-------------------------+-------------------+---------------------+-------+


+--------------+
; Pin-Out File ;
+--------------+
The pin-out file can be found in C:/Users/Alessandro/Downloads/Proyecto1VHDL2025II/MAQUINA_EXPENDEDORA/output_files/MAQUINA_EXPENDEDORA.pin.


+-----------------------------------------------------------------------+
; Fitter Resource Usage Summary                                         ;
+---------------------------------------------+-------------------------+
; Resource                                    ; Usage                   ;
+---------------------------------------------+-------------------------+
; Total logic elements                        ; 3,527 / 15,408 ( 23 % ) ;
;     -- Combinational with no register       ; 2987                    ;
;     -- Register only                        ; 36                      ;
;     -- Combinational with a register        ; 504                     ;
;                                             ;                         ;
; Logic element usage by number of LUT inputs ;                         ;
;     -- 4 input functions                    ; 994                     ;
;     -- 3 input functions                    ; 849                     ;
;     -- <=2 input functions                  ; 1648                    ;
;     -- Register only                        ; 36                      ;
;                                             ;                         ;
; Logic elements by mode                      ;                         ;
;     -- normal mode                          ; 2312                    ;
;     -- arithmetic mode                      ; 1179                    ;
;                                             ;                         ;
; Total registers*                            ; 540 / 17,068 ( 3 % )    ;
;     -- Dedicated logic registers            ; 540 / 15,408 ( 4 % )    ;
;     -- I/O registers                        ; 0 / 1,660 ( 0 % )       ;
;                                             ;                         ;
; Total LABs:  partially or completely used   ; 285 / 963 ( 30 % )      ;
; Virtual pins                                ; 0                       ;
; I/O pins                                    ; 54 / 347 ( 16 % )       ;
;     -- Clock pins                           ; 1 / 8 ( 13 % )          ;
;     -- Dedicated input pins                 ; 0 / 9 ( 0 % )           ;
;                                             ;                         ;
; Global signals                              ; 2                       ;
; M9Ks                                        ; 0 / 56 ( 0 % )          ;
; Total block memory bits                     ; 0 / 516,096 ( 0 % )     ;
; Total block memory implementation bits      ; 0 / 516,096 ( 0 % )     ;
; Embedded Multiplier 9-bit elements          ; 0 / 112 ( 0 % )         ;
; PLLs                                        ; 0 / 4 ( 0 % )           ;
; Global clocks                               ; 2 / 20 ( 10 % )         ;
; JTAGs                                       ; 0 / 1 ( 0 % )           ;
; CRC blocks                                  ; 0 / 1 ( 0 % )           ;
; ASMI blocks                                 ; 0 / 1 ( 0 % )           ;
; Impedance control blocks                    ; 0 / 4 ( 0 % )           ;
; Average interconnect usage (total/H/V)      ; 4% / 3% / 4%            ;
; Peak interconnect usage (total/H/V)         ; 12% / 11% / 14%         ;
; Maximum fan-out                             ; 530                     ;
; Highest non-global fan-out                  ; 206                     ;
; Total fan-out                               ; 11520                   ;
; Average fan-out                             ; 2.75                    ;
+---------------------------------------------+-------------------------+
*  Register count does not include registers inside RAM blocks or DSP blocks.



+------------------------------------------------------------------------------------------------------+
; Fitter Partition Statistics                                                                          ;
+---------------------------------------------+-----------------------+--------------------------------+
; Statistic                                   ; Top                   ; hard_block:auto_generated_inst ;
+---------------------------------------------+-----------------------+--------------------------------+
; Difficulty Clustering Region                ; Low                   ; Low                            ;
;                                             ;                       ;                                ;
; Total logic elements                        ; 3527 / 15408 ( 23 % ) ; 0 / 15408 ( 0 % )              ;
;     -- Combinational with no register       ; 2987                  ; 0                              ;
;     -- Register only                        ; 36                    ; 0                              ;
;     -- Combinational with a register        ; 504                   ; 0                              ;
;                                             ;                       ;                                ;
; Logic element usage by number of LUT inputs ;                       ;                                ;
;     -- 4 input functions                    ; 994                   ; 0                              ;
;     -- 3 input functions                    ; 849                   ; 0                              ;
;     -- <=2 input functions                  ; 1648                  ; 0                              ;
;     -- Register only                        ; 36                    ; 0                              ;
;                                             ;                       ;                                ;
; Logic elements by mode                      ;                       ;                                ;
;     -- normal mode                          ; 2312                  ; 0                              ;
;     -- arithmetic mode                      ; 1179                  ; 0                              ;
;                                             ;                       ;                                ;
; Total registers                             ; 540                   ; 0                              ;
;     -- Dedicated logic registers            ; 540 / 15408 ( 4 % )   ; 0 / 15408 ( 0 % )              ;
;     -- I/O registers                        ; 0                     ; 0                              ;
;                                             ;                       ;                                ;
; Total LABs:  partially or completely used   ; 284 / 963 ( 29 % )    ; 0 / 963 ( 0 % )                ;
;                                             ;                       ;                                ;
; Virtual pins                                ; 0                     ; 0                              ;
; I/O pins                                    ; 54                    ; 0                              ;
; Embedded Multiplier 9-bit elements          ; 0 / 112 ( 0 % )       ; 0 / 112 ( 0 % )                ;
; Total memory bits                           ; 0                     ; 0                              ;
; Total RAM block bits                        ; 0                     ; 0                              ;
; Clock control block                         ; 2 / 24 ( 8 % )        ; 0 / 24 ( 0 % )                 ;
;                                             ;                       ;                                ;
; Connections                                 ;                       ;                                ;
;     -- Input Connections                    ; 0                     ; 0                              ;
;     -- Registered Input Connections         ; 0                     ; 0                              ;
;     -- Output Connections                   ; 0                     ; 0                              ;
;     -- Registered Output Connections        ; 0                     ; 0                              ;
;                                             ;                       ;                                ;
; Internal Connections                        ;                       ;                                ;
;     -- Total Connections                    ; 11515                 ; 5                              ;
;     -- Registered Connections               ; 1646                  ; 0                              ;
;                                             ;                       ;                                ;
; External Connections                        ;                       ;                                ;
;     -- Top                                  ; 0                     ; 0                              ;
;     -- hard_block:auto_generated_inst       ; 0                     ; 0                              ;
;                                             ;                       ;                                ;
; Partition Interface                         ;                       ;                                ;
;     -- Input Ports                          ; 12                    ; 0                              ;
;     -- Output Ports                         ; 42                    ; 0                              ;
;     -- Bidir Ports                          ; 0                     ; 0                              ;
;                                             ;                       ;                                ;
; Registered Ports                            ;                       ;                                ;
;     -- Registered Input Ports               ; 0                     ; 0                              ;
;     -- Registered Output Ports              ; 0                     ; 0                              ;
;                                             ;                       ;                                ;
; Port Connectivity                           ;                       ;                                ;
;     -- Input Ports driven by GND            ; 0                     ; 0                              ;
;     -- Output Ports driven by GND           ; 0                     ; 0                              ;
;     -- Input Ports driven by VCC            ; 0                     ; 0                              ;
;     -- Output Ports driven by VCC           ; 0                     ; 0                              ;
;     -- Input Ports with no Source           ; 0                     ; 0                              ;
;     -- Output Ports with no Source          ; 0                     ; 0                              ;
;     -- Input Ports with no Fanout           ; 0                     ; 0                              ;
;     -- Output Ports with no Fanout          ; 0                     ; 0                              ;
+---------------------------------------------+-----------------------+--------------------------------+


+-----------------------------------------------------------------------------------------------------------------------------------------------------------------------------------------------------------------------------------------------------------------------------------+
; Input Pins                                                                                                                                                                                                                                                                        ;
+--------------+-------+----------+--------------+--------------+--------------+-----------------------+--------------------+--------+----------------+---------------+-----------------+----------+--------------+--------------+---------------------------+----------------------+
; Name         ; Pin # ; I/O Bank ; X coordinate ; Y coordinate ; Z coordinate ; Combinational Fan-Out ; Registered Fan-Out ; Global ; Input Register ; Power Up High ; PCI I/O Enabled ; Bus Hold ; Weak Pull Up ; I/O Standard ; Termination Control Block ; Location assigned by ;
+--------------+-------+----------+--------------+--------------+--------------+-----------------------+--------------------+--------+----------------+---------------+-----------------+----------+--------------+--------------+---------------------------+----------------------+
; anomalia_sw  ; J7    ; 1        ; 0            ; 22           ; 14           ; 1                     ; 0                  ; no     ; no             ; no            ; yes             ; no       ; Off          ; 2.5 V        ; --                        ; User                 ;
; clk          ; G21   ; 6        ; 41           ; 15           ; 0            ; 530                   ; 0                  ; yes    ; no             ; no            ; yes             ; no       ; Off          ; 2.5 V        ; --                        ; User                 ;
; coin1000     ; H6    ; 1        ; 0            ; 25           ; 21           ; 0                     ; 0                  ; no     ; no             ; no            ; yes             ; no       ; Off          ; 2.5 V        ; --                        ; User                 ;
; coin500      ; G4    ; 1        ; 0            ; 23           ; 7            ; 0                     ; 0                  ; no     ; no             ; no            ; yes             ; no       ; Off          ; 2.5 V        ; --                        ; User                 ;
; confirmar    ; H5    ; 1        ; 0            ; 27           ; 0            ; 15                    ; 0                  ; no     ; no             ; no            ; yes             ; no       ; Off          ; 2.5 V        ; --                        ; User                 ;
; reset        ; J6    ; 1        ; 0            ; 24           ; 0            ; 206                   ; 0                  ; no     ; no             ; no            ; yes             ; no       ; Off          ; 2.5 V        ; --                        ; User                 ;
; sel_prod[0]  ; H7    ; 1        ; 0            ; 25           ; 14           ; 30                    ; 0                  ; no     ; no             ; no            ; yes             ; no       ; Off          ; 2.5 V        ; --                        ; User                 ;
; sel_prod[1]  ; E3    ; 1        ; 0            ; 26           ; 7            ; 31                    ; 0                  ; no     ; no             ; no            ; yes             ; no       ; Off          ; 2.5 V        ; --                        ; User                 ;
; sel_prod[2]  ; E4    ; 1        ; 0            ; 26           ; 0            ; 29                    ; 0                  ; no     ; no             ; no            ; yes             ; no       ; Off          ; 2.5 V        ; --                        ; User                 ;
; sel_prod[3]  ; D2    ; 1        ; 0            ; 25           ; 0            ; 30                    ; 0                  ; no     ; no             ; no            ; yes             ; no       ; Off          ; 2.5 V        ; --                        ; User                 ;
; sensorin1000 ; AA16  ; 4        ; 28           ; 0            ; 21           ; 2                     ; 0                  ; no     ; no             ; no            ; yes             ; no       ; Off          ; 2.5 V        ; --                        ; User                 ;
; sensorin500  ; AB16  ; 4        ; 28           ; 0            ; 14           ; 2                     ; 0                  ; no     ; no             ; no            ; yes             ; no       ; Off          ; 2.5 V        ; --                        ; User                 ;
+--------------+-------+----------+--------------+--------------+--------------+-----------------------+--------------------+--------+----------------+---------------+-----------------+----------+--------------+--------------+---------------------------+----------------------+


+-------------------------------------------------------------------------------------------------------------------------------------------------------------------------------------------------------------------------------------------------------------------------------------------------------------------------------------------------------------------------------------------------------------------------------------------------------------------+
; Output Pins                                                                                                                                                                                                                                                                                                                                                                                                                                                       ;
+------------------+-------+----------+--------------+--------------+--------------+-----------------+------------------------+---------------+-----------+-----------------+------------+---------------+----------+--------------+--------------+------------------+-----------------------------------+---------------------------+----------------------------+-----------------------------+----------------------+----------------------+---------------------+
; Name             ; Pin # ; I/O Bank ; X coordinate ; Y coordinate ; Z coordinate ; Output Register ; Output Enable Register ; Power Up High ; Slew Rate ; PCI I/O Enabled ; Open Drain ; TRI Primitive ; Bus Hold ; Weak Pull Up ; I/O Standard ; Current Strength ; Termination                       ; Termination Control Block ; Output Buffer Pre-emphasis ; Voltage Output Differential ; Location assigned by ; Output Enable Source ; Output Enable Group ;
+------------------+-------+----------+--------------+--------------+--------------+-----------------+------------------------+---------------+-----------+-----------------+------------+---------------+----------+--------------+--------------+------------------+-----------------------------------+---------------------------+----------------------------+-----------------------------+----------------------+----------------------+---------------------+
; alerta_led       ; F2    ; 1        ; 0            ; 24           ; 21           ; no              ; no                     ; no            ; 2         ; no              ; no         ; no            ; no       ; Off          ; 2.5 V        ; Default          ; Series 50 Ohm without Calibration ; --                        ; no                         ; no                          ; User                 ; -                    ; -                   ;
; anomalia_led     ; H1    ; 1        ; 0            ; 21           ; 14           ; no              ; no                     ; no            ; 2         ; no              ; no         ; no            ; no       ; Off          ; 2.5 V        ; Default          ; Series 50 Ohm without Calibration ; --                        ; no                         ; no                          ; User                 ; -                    ; -                   ;
; buzzer_out       ; AA10  ; 3        ; 19           ; 0            ; 0            ; no              ; no                     ; no            ; 2         ; no              ; no         ; no            ; no       ; Off          ; 2.5 V        ; Default          ; Series 50 Ohm without Calibration ; --                        ; no                         ; no                          ; User                 ; -                    ; -                   ;
; disp0[0]         ; E11   ; 7        ; 21           ; 29           ; 21           ; no              ; no                     ; no            ; 2         ; no              ; no         ; no            ; no       ; Off          ; 2.5 V        ; Default          ; Series 50 Ohm without Calibration ; --                        ; no                         ; no                          ; User                 ; -                    ; -                   ;
; disp0[1]         ; F11   ; 7        ; 21           ; 29           ; 28           ; no              ; no                     ; no            ; 2         ; no              ; no         ; no            ; no       ; Off          ; 2.5 V        ; Default          ; Series 50 Ohm without Calibration ; --                        ; no                         ; no                          ; User                 ; -                    ; -                   ;
; disp0[2]         ; H12   ; 7        ; 26           ; 29           ; 0            ; no              ; no                     ; no            ; 2         ; no              ; no         ; no            ; no       ; Off          ; 2.5 V        ; Default          ; Series 50 Ohm without Calibration ; --                        ; no                         ; no                          ; User                 ; -                    ; -                   ;
; disp0[3]         ; H13   ; 7        ; 28           ; 29           ; 28           ; no              ; no                     ; no            ; 2         ; no              ; no         ; no            ; no       ; Off          ; 2.5 V        ; Default          ; Series 50 Ohm without Calibration ; --                        ; no                         ; no                          ; User                 ; -                    ; -                   ;
; disp0[4]         ; G12   ; 7        ; 26           ; 29           ; 7            ; no              ; no                     ; no            ; 2         ; no              ; no         ; no            ; no       ; Off          ; 2.5 V        ; Default          ; Series 50 Ohm without Calibration ; --                        ; no                         ; no                          ; User                 ; -                    ; -                   ;
; disp0[5]         ; F12   ; 7        ; 28           ; 29           ; 21           ; no              ; no                     ; no            ; 2         ; no              ; no         ; no            ; no       ; Off          ; 2.5 V        ; Default          ; Series 50 Ohm without Calibration ; --                        ; no                         ; no                          ; User                 ; -                    ; -                   ;
; disp0[6]         ; F13   ; 7        ; 26           ; 29           ; 14           ; no              ; no                     ; no            ; 2         ; no              ; no         ; no            ; no       ; Off          ; 2.5 V        ; Default          ; Series 50 Ohm without Calibration ; --                        ; no                         ; no                          ; User                 ; -                    ; -                   ;
; disp1[0]         ; A13   ; 7        ; 21           ; 29           ; 0            ; no              ; no                     ; no            ; 2         ; no              ; no         ; no            ; no       ; Off          ; 2.5 V        ; Default          ; Series 50 Ohm without Calibration ; --                        ; no                         ; no                          ; User                 ; -                    ; -                   ;
; disp1[1]         ; B13   ; 7        ; 21           ; 29           ; 7            ; no              ; no                     ; no            ; 2         ; no              ; no         ; no            ; no       ; Off          ; 2.5 V        ; Default          ; Series 50 Ohm without Calibration ; --                        ; no                         ; no                          ; User                 ; -                    ; -                   ;
; disp1[2]         ; C13   ; 7        ; 23           ; 29           ; 0            ; no              ; no                     ; no            ; 2         ; no              ; no         ; no            ; no       ; Off          ; 2.5 V        ; Default          ; Series 50 Ohm without Calibration ; --                        ; no                         ; no                          ; User                 ; -                    ; -                   ;
; disp1[3]         ; A14   ; 7        ; 23           ; 29           ; 21           ; no              ; no                     ; no            ; 2         ; no              ; no         ; no            ; no       ; Off          ; 2.5 V        ; Default          ; Series 50 Ohm without Calibration ; --                        ; no                         ; no                          ; User                 ; -                    ; -                   ;
; disp1[4]         ; B14   ; 7        ; 23           ; 29           ; 28           ; no              ; no                     ; no            ; 2         ; no              ; no         ; no            ; no       ; Off          ; 2.5 V        ; Default          ; Series 50 Ohm without Calibration ; --                        ; no                         ; no                          ; User                 ; -                    ; -                   ;
; disp1[5]         ; E14   ; 7        ; 28           ; 29           ; 14           ; no              ; no                     ; no            ; 2         ; no              ; no         ; no            ; no       ; Off          ; 2.5 V        ; Default          ; Series 50 Ohm without Calibration ; --                        ; no                         ; no                          ; User                 ; -                    ; -                   ;
; disp1[6]         ; A15   ; 7        ; 26           ; 29           ; 21           ; no              ; no                     ; no            ; 2         ; no              ; no         ; no            ; no       ; Off          ; 2.5 V        ; Default          ; Series 50 Ohm without Calibration ; --                        ; no                         ; no                          ; User                 ; -                    ; -                   ;
; disp2[0]         ; D15   ; 7        ; 32           ; 29           ; 28           ; no              ; no                     ; no            ; 2         ; no              ; no         ; no            ; no       ; Off          ; 2.5 V        ; Default          ; Series 50 Ohm without Calibration ; --                        ; no                         ; no                          ; User                 ; -                    ; -                   ;
; disp2[1]         ; A16   ; 7        ; 30           ; 29           ; 28           ; no              ; no                     ; no            ; 2         ; no              ; no         ; no            ; no       ; Off          ; 2.5 V        ; Default          ; Series 50 Ohm without Calibration ; --                        ; no                         ; no                          ; User                 ; -                    ; -                   ;
; disp2[2]         ; B16   ; 7        ; 28           ; 29           ; 0            ; no              ; no                     ; no            ; 2         ; no              ; no         ; no            ; no       ; Off          ; 2.5 V        ; Default          ; Series 50 Ohm without Calibration ; --                        ; no                         ; no                          ; User                 ; -                    ; -                   ;
; disp2[3]         ; E15   ; 7        ; 30           ; 29           ; 0            ; no              ; no                     ; no            ; 2         ; no              ; no         ; no            ; no       ; Off          ; 2.5 V        ; Default          ; Series 50 Ohm without Calibration ; --                        ; no                         ; no                          ; User                 ; -                    ; -                   ;
; disp2[4]         ; A17   ; 7        ; 30           ; 29           ; 14           ; no              ; no                     ; no            ; 2         ; no              ; no         ; no            ; no       ; Off          ; 2.5 V        ; Default          ; Series 50 Ohm without Calibration ; --                        ; no                         ; no                          ; User                 ; -                    ; -                   ;
; disp2[5]         ; B17   ; 7        ; 30           ; 29           ; 21           ; no              ; no                     ; no            ; 2         ; no              ; no         ; no            ; no       ; Off          ; 2.5 V        ; Default          ; Series 50 Ohm without Calibration ; --                        ; no                         ; no                          ; User                 ; -                    ; -                   ;
; disp2[6]         ; F14   ; 7        ; 37           ; 29           ; 0            ; no              ; no                     ; no            ; 2         ; no              ; no         ; no            ; no       ; Off          ; 2.5 V        ; Default          ; Series 50 Ohm without Calibration ; --                        ; no                         ; no                          ; User                 ; -                    ; -                   ;
; disp3[0]         ; B18   ; 7        ; 32           ; 29           ; 21           ; no              ; no                     ; no            ; 2         ; no              ; no         ; no            ; no       ; Off          ; 2.5 V        ; Default          ; Series 50 Ohm without Calibration ; --                        ; no                         ; no                          ; User                 ; -                    ; -                   ;
; disp3[1]         ; F15   ; 7        ; 39           ; 29           ; 14           ; no              ; no                     ; no            ; 2         ; no              ; no         ; no            ; no       ; Off          ; 2.5 V        ; Default          ; Series 50 Ohm without Calibration ; --                        ; no                         ; no                          ; User                 ; -                    ; -                   ;
; disp3[2]         ; A19   ; 7        ; 32           ; 29           ; 7            ; no              ; no                     ; no            ; 2         ; no              ; no         ; no            ; no       ; Off          ; 2.5 V        ; Default          ; Series 50 Ohm without Calibration ; --                        ; no                         ; no                          ; User                 ; -                    ; -                   ;
; disp3[3]         ; B19   ; 7        ; 32           ; 29           ; 0            ; no              ; no                     ; no            ; 2         ; no              ; no         ; no            ; no       ; Off          ; 2.5 V        ; Default          ; Series 50 Ohm without Calibration ; --                        ; no                         ; no                          ; User                 ; -                    ; -                   ;
; disp3[4]         ; C19   ; 7        ; 37           ; 29           ; 21           ; no              ; no                     ; no            ; 2         ; no              ; no         ; no            ; no       ; Off          ; 2.5 V        ; Default          ; Series 50 Ohm without Calibration ; --                        ; no                         ; no                          ; User                 ; -                    ; -                   ;
; disp3[5]         ; D19   ; 7        ; 37           ; 29           ; 28           ; no              ; no                     ; no            ; 2         ; no              ; no         ; no            ; no       ; Off          ; 2.5 V        ; Default          ; Series 50 Ohm without Calibration ; --                        ; no                         ; no                          ; User                 ; -                    ; -                   ;
; disp3[6]         ; G15   ; 7        ; 39           ; 29           ; 28           ; no              ; no                     ; no            ; 2         ; no              ; no         ; no            ; no       ; Off          ; 2.5 V        ; Default          ; Series 50 Ohm without Calibration ; --                        ; no                         ; no                          ; User                 ; -                    ; -                   ;
; door_led         ; E1    ; 1        ; 0            ; 24           ; 14           ; no              ; no                     ; no            ; 2         ; no              ; no         ; no            ; no       ; Off          ; 2.5 V        ; Default          ; Series 50 Ohm without Calibration ; --                        ; no                         ; no                          ; User                 ; -                    ; -                   ;
; entrega_led      ; C1    ; 1        ; 0            ; 26           ; 21           ; no              ; no                     ; no            ; 2         ; no              ; no         ; no            ; no       ; Off          ; 2.5 V        ; Default          ; Series 50 Ohm without Calibration ; --                        ; no                         ; no                          ; User                 ; -                    ; -                   ;
; led_compra       ; J3    ; 1        ; 0            ; 21           ; 21           ; no              ; no                     ; no            ; 2         ; no              ; no         ; no            ; no       ; Off          ; 2.5 V        ; Default          ; Series 50 Ohm without Calibration ; --                        ; no                         ; no                          ; User                 ; -                    ; -                   ;
; servo_puerta_pwm ; AB15  ; 4        ; 26           ; 0            ; 7            ; no              ; no                     ; no            ; 2         ; no              ; no         ; no            ; no       ; Off          ; 2.5 V        ; Default          ; Series 50 Ohm without Calibration ; --                        ; no                         ; no                          ; User                 ; -                    ; -                   ;
; servo_pwm_1      ; AA13  ; 4        ; 23           ; 0            ; 28           ; no              ; no                     ; no            ; 2         ; no              ; no         ; no            ; no       ; Off          ; 2.5 V        ; Default          ; Series 50 Ohm without Calibration ; --                        ; no                         ; no                          ; User                 ; -                    ; -                   ;
; servo_pwm_1000   ; AA5   ; 3        ; 9            ; 0            ; 28           ; no              ; no                     ; no            ; 2         ; no              ; no         ; no            ; no       ; Off          ; 2.5 V        ; Default          ; Series 50 Ohm without Calibration ; --                        ; no                         ; no                          ; User                 ; -                    ; -                   ;
; servo_pwm_2      ; AB14  ; 4        ; 23           ; 0            ; 7            ; no              ; no                     ; no            ; 2         ; no              ; no         ; no            ; no       ; Off          ; 2.5 V        ; Default          ; Series 50 Ohm without Calibration ; --                        ; no                         ; no                          ; User                 ; -                    ; -                   ;
; servo_pwm_500    ; AA8   ; 3        ; 16           ; 0            ; 28           ; no              ; no                     ; no            ; 2         ; no              ; no         ; no            ; no       ; Off          ; 2.5 V        ; Default          ; Series 50 Ohm without Calibration ; --                        ; no                         ; no                          ; User                 ; -                    ; -                   ;
; stock_leds[0]    ; C2    ; 1        ; 0            ; 26           ; 14           ; no              ; no                     ; no            ; 2         ; no              ; no         ; no            ; no       ; Off          ; 2.5 V        ; Default          ; Series 50 Ohm without Calibration ; --                        ; no                         ; no                          ; User                 ; -                    ; -                   ;
; stock_leds[1]    ; B2    ; 1        ; 0            ; 27           ; 7            ; no              ; no                     ; no            ; 2         ; no              ; no         ; no            ; no       ; Off          ; 2.5 V        ; Default          ; Series 50 Ohm without Calibration ; --                        ; no                         ; no                          ; User                 ; -                    ; -                   ;
; stock_leds[2]    ; B1    ; 1        ; 0            ; 27           ; 14           ; no              ; no                     ; no            ; 2         ; no              ; no         ; no            ; no       ; Off          ; 2.5 V        ; Default          ; Series 50 Ohm without Calibration ; --                        ; no                         ; no                          ; User                 ; -                    ; -                   ;
+------------------+-------+----------+--------------+--------------+--------------+-----------------+------------------------+---------------+-----------+-----------------+------------+---------------+----------+--------------+--------------+------------------+-----------------------------------+---------------------------+----------------------------+-----------------------------+----------------------+----------------------+---------------------+


+------------------------------------------------------------------------------------------------------------------------------------+
; Dual Purpose and Dedicated Pins                                                                                                    ;
+----------+----------------------------------------+--------------------------+-------------------------+---------------------------+
; Location ; Pin Name                               ; Reserved As              ; User Signal Name        ; Pin Type                  ;
+----------+----------------------------------------+--------------------------+-------------------------+---------------------------+
; E4       ; DIFFIO_L2p, nRESET                     ; Use as regular IO        ; sel_prod[2]             ; Dual Purpose Pin          ;
; D1       ; DIFFIO_L4n, DATA1, ASDO                ; As input tri-stated      ; ~ALTERA_ASDO_DATA1~     ; Dual Purpose Pin          ;
; E2       ; DIFFIO_L6p, FLASH_nCE, nCSO            ; As input tri-stated      ; ~ALTERA_FLASH_nCE_nCSO~ ; Dual Purpose Pin          ;
; K6       ; nSTATUS                                ; -                        ; -                       ; Dedicated Programming Pin ;
; K2       ; DCLK                                   ; As output driving ground ; ~ALTERA_DCLK~           ; Dual Purpose Pin          ;
; K1       ; DATA0                                  ; As input tri-stated      ; ~ALTERA_DATA0~          ; Dual Purpose Pin          ;
; K5       ; nCONFIG                                ; -                        ; -                       ; Dedicated Programming Pin ;
; L3       ; nCE                                    ; -                        ; -                       ; Dedicated Programming Pin ;
; M18      ; CONF_DONE                              ; -                        ; -                       ; Dedicated Programming Pin ;
; M17      ; MSEL0                                  ; -                        ; -                       ; Dedicated Programming Pin ;
; L18      ; MSEL1                                  ; -                        ; -                       ; Dedicated Programming Pin ;
; L17      ; MSEL2                                  ; -                        ; -                       ; Dedicated Programming Pin ;
; K20      ; MSEL3                                  ; -                        ; -                       ; Dedicated Programming Pin ;
; K22      ; DIFFIO_R16n, nCEO                      ; Use as programming pin   ; ~ALTERA_nCEO~           ; Dual Purpose Pin          ;
; B18      ; DIFFIO_T27p, PADD0                     ; Use as regular IO        ; disp3[0]                ; Dual Purpose Pin          ;
; A17      ; DIFFIO_T25n, PADD1                     ; Use as regular IO        ; disp2[4]                ; Dual Purpose Pin          ;
; B17      ; DIFFIO_T25p, PADD2                     ; Use as regular IO        ; disp2[5]                ; Dual Purpose Pin          ;
; E14      ; DIFFIO_T23n, PADD3                     ; Use as regular IO        ; disp1[5]                ; Dual Purpose Pin          ;
; F13      ; DIFFIO_T21p, PADD4, DQS2T/CQ3T,DPCLK8  ; Use as regular IO        ; disp0[6]                ; Dual Purpose Pin          ;
; A15      ; DIFFIO_T20n, PADD5                     ; Use as regular IO        ; disp1[6]                ; Dual Purpose Pin          ;
; C13      ; DIFFIO_T19n, PADD7                     ; Use as regular IO        ; disp1[2]                ; Dual Purpose Pin          ;
; A14      ; DIFFIO_T18n, PADD9                     ; Use as regular IO        ; disp1[3]                ; Dual Purpose Pin          ;
; B14      ; DIFFIO_T18p, PADD10                    ; Use as regular IO        ; disp1[4]                ; Dual Purpose Pin          ;
; A13      ; DIFFIO_T17n, PADD11                    ; Use as regular IO        ; disp1[0]                ; Dual Purpose Pin          ;
; B13      ; DIFFIO_T17p, PADD12, DQS4T/CQ5T,DPCLK9 ; Use as regular IO        ; disp1[1]                ; Dual Purpose Pin          ;
; E11      ; DIFFIO_T16n, PADD13                    ; Use as regular IO        ; disp0[0]                ; Dual Purpose Pin          ;
; F11      ; DIFFIO_T16p, PADD14                    ; Use as regular IO        ; disp0[1]                ; Dual Purpose Pin          ;
+----------+----------------------------------------+--------------------------+-------------------------+---------------------------+


+------------------------------------------------------------+
; I/O Bank Usage                                             ;
+----------+------------------+---------------+--------------+
; I/O Bank ; Usage            ; VCCIO Voltage ; VREF Voltage ;
+----------+------------------+---------------+--------------+
; 1        ; 21 / 33 ( 64 % ) ; 2.5V          ; --           ;
; 2        ; 0 / 48 ( 0 % )   ; 2.5V          ; --           ;
; 3        ; 3 / 46 ( 7 % )   ; 2.5V          ; --           ;
; 4        ; 5 / 41 ( 12 % )  ; 2.5V          ; --           ;
; 5        ; 0 / 46 ( 0 % )   ; 2.5V          ; --           ;
; 6        ; 2 / 43 ( 5 % )   ; 2.5V          ; --           ;
; 7        ; 28 / 47 ( 60 % ) ; 2.5V          ; --           ;
; 8        ; 0 / 43 ( 0 % )   ; 2.5V          ; --           ;
+----------+------------------+---------------+--------------+


+-----------------------------------------------------------------------------------------------------------------------------------------------------------------------------------------+
; All Package Pins                                                                                                                                                                        ;
+----------+------------+----------+-----------------------------------------------------------+--------+--------------+---------+------------+-----------------+----------+--------------+
; Location ; Pad Number ; I/O Bank ; Pin Name/Usage                                            ; Dir.   ; I/O Standard ; Voltage ; I/O Type   ; User Assignment ; Bus Hold ; Weak Pull Up ;
+----------+------------+----------+-----------------------------------------------------------+--------+--------------+---------+------------+-----------------+----------+--------------+
; A1       ;            ;          ; GND                                                       ; gnd    ;              ;         ; --         ;                 ; --       ; --           ;
; A2       ;            ; 8        ; VCCIO8                                                    ; power  ;              ; 2.5V    ; --         ;                 ; --       ; --           ;
; A3       ; 354        ; 8        ; RESERVED_INPUT_WITH_WEAK_PULLUP                           ;        ;              ;         ; Column I/O ;                 ; no       ; On           ;
; A4       ; 350        ; 8        ; RESERVED_INPUT_WITH_WEAK_PULLUP                           ;        ;              ;         ; Column I/O ;                 ; no       ; On           ;
; A5       ; 345        ; 8        ; RESERVED_INPUT_WITH_WEAK_PULLUP                           ;        ;              ;         ; Column I/O ;                 ; no       ; On           ;
; A6       ; 336        ; 8        ; RESERVED_INPUT_WITH_WEAK_PULLUP                           ;        ;              ;         ; Column I/O ;                 ; no       ; On           ;
; A7       ; 334        ; 8        ; RESERVED_INPUT_WITH_WEAK_PULLUP                           ;        ;              ;         ; Column I/O ;                 ; no       ; On           ;
; A8       ; 332        ; 8        ; RESERVED_INPUT_WITH_WEAK_PULLUP                           ;        ;              ;         ; Column I/O ;                 ; no       ; On           ;
; A9       ; 328        ; 8        ; RESERVED_INPUT_WITH_WEAK_PULLUP                           ;        ;              ;         ; Column I/O ;                 ; no       ; On           ;
; A10      ; 326        ; 8        ; RESERVED_INPUT_WITH_WEAK_PULLUP                           ;        ;              ;         ; Column I/O ;                 ; no       ; On           ;
; A11      ; 321        ; 8        ; GND+                                                      ;        ;              ;         ; Column I/O ;                 ; --       ; --           ;
; A12      ; 319        ; 7        ; GND+                                                      ;        ;              ;         ; Column I/O ;                 ; --       ; --           ;
; A13      ; 314        ; 7        ; disp1[0]                                                  ; output ; 2.5 V        ;         ; Column I/O ; Y               ; no       ; Off          ;
; A14      ; 312        ; 7        ; disp1[3]                                                  ; output ; 2.5 V        ;         ; Column I/O ; Y               ; no       ; Off          ;
; A15      ; 307        ; 7        ; disp1[6]                                                  ; output ; 2.5 V        ;         ; Column I/O ; Y               ; no       ; Off          ;
; A16      ; 298        ; 7        ; disp2[1]                                                  ; output ; 2.5 V        ;         ; Column I/O ; Y               ; no       ; Off          ;
; A17      ; 296        ; 7        ; disp2[4]                                                  ; output ; 2.5 V        ;         ; Column I/O ; Y               ; no       ; Off          ;
; A18      ; 291        ; 7        ; RESERVED_INPUT_WITH_WEAK_PULLUP                           ;        ;              ;         ; Column I/O ;                 ; no       ; On           ;
; A19      ; 290        ; 7        ; disp3[2]                                                  ; output ; 2.5 V        ;         ; Column I/O ; Y               ; no       ; Off          ;
; A20      ; 284        ; 7        ; RESERVED_INPUT_WITH_WEAK_PULLUP                           ;        ;              ;         ; Column I/O ;                 ; no       ; On           ;
; A21      ;            ; 7        ; VCCIO7                                                    ; power  ;              ; 2.5V    ; --         ;                 ; --       ; --           ;
; A22      ;            ;          ; GND                                                       ; gnd    ;              ;         ; --         ;                 ; --       ; --           ;
; AA1      ; 76         ; 2        ; RESERVED_INPUT_WITH_WEAK_PULLUP                           ;        ;              ;         ; Row I/O    ;                 ; no       ; On           ;
; AA2      ; 75         ; 2        ; RESERVED_INPUT_WITH_WEAK_PULLUP                           ;        ;              ;         ; Row I/O    ;                 ; no       ; On           ;
; AA3      ; 102        ; 3        ; RESERVED_INPUT_WITH_WEAK_PULLUP                           ;        ;              ;         ; Column I/O ;                 ; no       ; On           ;
; AA4      ; 106        ; 3        ; RESERVED_INPUT_WITH_WEAK_PULLUP                           ;        ;              ;         ; Column I/O ;                 ; no       ; On           ;
; AA5      ; 108        ; 3        ; servo_pwm_1000                                            ; output ; 2.5 V        ;         ; Column I/O ; Y               ; no       ; Off          ;
; AA6      ;            ; 3        ; VCCIO3                                                    ; power  ;              ; 2.5V    ; --         ;                 ; --       ; --           ;
; AA7      ; 115        ; 3        ; RESERVED_INPUT_WITH_WEAK_PULLUP                           ;        ;              ;         ; Column I/O ;                 ; no       ; On           ;
; AA8      ; 123        ; 3        ; servo_pwm_500                                             ; output ; 2.5 V        ;         ; Column I/O ; Y               ; no       ; Off          ;
; AA9      ; 126        ; 3        ; RESERVED_INPUT_WITH_WEAK_PULLUP                           ;        ;              ;         ; Column I/O ;                 ; no       ; On           ;
; AA10     ; 132        ; 3        ; buzzer_out                                                ; output ; 2.5 V        ;         ; Column I/O ; Y               ; no       ; Off          ;
; AA11     ; 134        ; 3        ; GND+                                                      ;        ;              ;         ; Column I/O ;                 ; --       ; --           ;
; AA12     ; 136        ; 4        ; GND+                                                      ;        ;              ;         ; Column I/O ;                 ; --       ; --           ;
; AA13     ; 138        ; 4        ; servo_pwm_1                                               ; output ; 2.5 V        ;         ; Column I/O ; Y               ; no       ; Off          ;
; AA14     ; 140        ; 4        ; RESERVED_INPUT_WITH_WEAK_PULLUP                           ;        ;              ;         ; Column I/O ;                 ; no       ; On           ;
; AA15     ; 145        ; 4        ; RESERVED_INPUT_WITH_WEAK_PULLUP                           ;        ;              ;         ; Column I/O ;                 ; no       ; On           ;
; AA16     ; 149        ; 4        ; sensorin1000                                              ; input  ; 2.5 V        ;         ; Column I/O ; Y               ; no       ; Off          ;
; AA17     ; 151        ; 4        ; RESERVED_INPUT_WITH_WEAK_PULLUP                           ;        ;              ;         ; Column I/O ;                 ; no       ; On           ;
; AA18     ; 163        ; 4        ; RESERVED_INPUT_WITH_WEAK_PULLUP                           ;        ;              ;         ; Column I/O ;                 ; no       ; On           ;
; AA19     ; 164        ; 4        ; RESERVED_INPUT_WITH_WEAK_PULLUP                           ;        ;              ;         ; Column I/O ;                 ; no       ; On           ;
; AA20     ; 169        ; 4        ; RESERVED_INPUT_WITH_WEAK_PULLUP                           ;        ;              ;         ; Column I/O ;                 ; no       ; On           ;
; AA21     ; 179        ; 5        ; RESERVED_INPUT_WITH_WEAK_PULLUP                           ;        ;              ;         ; Row I/O    ;                 ; no       ; On           ;
; AA22     ; 178        ; 5        ; RESERVED_INPUT_WITH_WEAK_PULLUP                           ;        ;              ;         ; Row I/O    ;                 ; no       ; On           ;
; AB1      ;            ;          ; GND                                                       ; gnd    ;              ;         ; --         ;                 ; --       ; --           ;
; AB2      ;            ; 3        ; VCCIO3                                                    ; power  ;              ; 2.5V    ; --         ;                 ; --       ; --           ;
; AB3      ; 103        ; 3        ; RESERVED_INPUT_WITH_WEAK_PULLUP                           ;        ;              ;         ; Column I/O ;                 ; no       ; On           ;
; AB4      ; 107        ; 3        ; RESERVED_INPUT_WITH_WEAK_PULLUP                           ;        ;              ;         ; Column I/O ;                 ; no       ; On           ;
; AB5      ; 109        ; 3        ; RESERVED_INPUT_WITH_WEAK_PULLUP                           ;        ;              ;         ; Column I/O ;                 ; no       ; On           ;
; AB6      ;            ;          ; GND                                                       ; gnd    ;              ;         ; --         ;                 ; --       ; --           ;
; AB7      ; 116        ; 3        ; RESERVED_INPUT_WITH_WEAK_PULLUP                           ;        ;              ;         ; Column I/O ;                 ; no       ; On           ;
; AB8      ; 124        ; 3        ; RESERVED_INPUT_WITH_WEAK_PULLUP                           ;        ;              ;         ; Column I/O ;                 ; no       ; On           ;
; AB9      ; 127        ; 3        ; RESERVED_INPUT_WITH_WEAK_PULLUP                           ;        ;              ;         ; Column I/O ;                 ; no       ; On           ;
; AB10     ; 133        ; 3        ; RESERVED_INPUT_WITH_WEAK_PULLUP                           ;        ;              ;         ; Column I/O ;                 ; no       ; On           ;
; AB11     ; 135        ; 3        ; GND+                                                      ;        ;              ;         ; Column I/O ;                 ; --       ; --           ;
; AB12     ; 137        ; 4        ; GND+                                                      ;        ;              ;         ; Column I/O ;                 ; --       ; --           ;
; AB13     ; 139        ; 4        ; RESERVED_INPUT_WITH_WEAK_PULLUP                           ;        ;              ;         ; Column I/O ;                 ; no       ; On           ;
; AB14     ; 141        ; 4        ; servo_pwm_2                                               ; output ; 2.5 V        ;         ; Column I/O ; Y               ; no       ; Off          ;
; AB15     ; 146        ; 4        ; servo_puerta_pwm                                          ; output ; 2.5 V        ;         ; Column I/O ; Y               ; no       ; Off          ;
; AB16     ; 150        ; 4        ; sensorin500                                               ; input  ; 2.5 V        ;         ; Column I/O ; Y               ; no       ; Off          ;
; AB17     ; 152        ; 4        ; RESERVED_INPUT_WITH_WEAK_PULLUP                           ;        ;              ;         ; Column I/O ;                 ; no       ; On           ;
; AB18     ; 162        ; 4        ; RESERVED_INPUT_WITH_WEAK_PULLUP                           ;        ;              ;         ; Column I/O ;                 ; no       ; On           ;
; AB19     ; 165        ; 4        ; RESERVED_INPUT_WITH_WEAK_PULLUP                           ;        ;              ;         ; Column I/O ;                 ; no       ; On           ;
; AB20     ; 170        ; 4        ; RESERVED_INPUT_WITH_WEAK_PULLUP                           ;        ;              ;         ; Column I/O ;                 ; no       ; On           ;
; AB21     ;            ; 4        ; VCCIO4                                                    ; power  ;              ; 2.5V    ; --         ;                 ; --       ; --           ;
; AB22     ;            ;          ; GND                                                       ; gnd    ;              ;         ; --         ;                 ; --       ; --           ;
; B1       ; 2          ; 1        ; stock_leds[2]                                             ; output ; 2.5 V        ;         ; Row I/O    ; Y               ; no       ; Off          ;
; B2       ; 1          ; 1        ; stock_leds[1]                                             ; output ; 2.5 V        ;         ; Row I/O    ; Y               ; no       ; Off          ;
; B3       ; 355        ; 8        ; RESERVED_INPUT_WITH_WEAK_PULLUP                           ;        ;              ;         ; Column I/O ;                 ; no       ; On           ;
; B4       ; 351        ; 8        ; RESERVED_INPUT_WITH_WEAK_PULLUP                           ;        ;              ;         ; Column I/O ;                 ; no       ; On           ;
; B5       ; 346        ; 8        ; RESERVED_INPUT_WITH_WEAK_PULLUP                           ;        ;              ;         ; Column I/O ;                 ; no       ; On           ;
; B6       ; 337        ; 8        ; RESERVED_INPUT_WITH_WEAK_PULLUP                           ;        ;              ;         ; Column I/O ;                 ; no       ; On           ;
; B7       ; 335        ; 8        ; RESERVED_INPUT_WITH_WEAK_PULLUP                           ;        ;              ;         ; Column I/O ;                 ; no       ; On           ;
; B8       ; 333        ; 8        ; RESERVED_INPUT_WITH_WEAK_PULLUP                           ;        ;              ;         ; Column I/O ;                 ; no       ; On           ;
; B9       ; 329        ; 8        ; RESERVED_INPUT_WITH_WEAK_PULLUP                           ;        ;              ;         ; Column I/O ;                 ; no       ; On           ;
; B10      ; 327        ; 8        ; RESERVED_INPUT_WITH_WEAK_PULLUP                           ;        ;              ;         ; Column I/O ;                 ; no       ; On           ;
; B11      ; 322        ; 8        ; GND+                                                      ;        ;              ;         ; Column I/O ;                 ; --       ; --           ;
; B12      ; 320        ; 7        ; GND+                                                      ;        ;              ;         ; Column I/O ;                 ; --       ; --           ;
; B13      ; 315        ; 7        ; disp1[1]                                                  ; output ; 2.5 V        ;         ; Column I/O ; Y               ; no       ; Off          ;
; B14      ; 313        ; 7        ; disp1[4]                                                  ; output ; 2.5 V        ;         ; Column I/O ; Y               ; no       ; Off          ;
; B15      ; 308        ; 7        ; RESERVED_INPUT_WITH_WEAK_PULLUP                           ;        ;              ;         ; Column I/O ;                 ; no       ; On           ;
; B16      ; 299        ; 7        ; disp2[2]                                                  ; output ; 2.5 V        ;         ; Column I/O ; Y               ; no       ; Off          ;
; B17      ; 297        ; 7        ; disp2[5]                                                  ; output ; 2.5 V        ;         ; Column I/O ; Y               ; no       ; Off          ;
; B18      ; 292        ; 7        ; disp3[0]                                                  ; output ; 2.5 V        ;         ; Column I/O ; Y               ; no       ; Off          ;
; B19      ; 289        ; 7        ; disp3[3]                                                  ; output ; 2.5 V        ;         ; Column I/O ; Y               ; no       ; Off          ;
; B20      ; 285        ; 7        ; RESERVED_INPUT_WITH_WEAK_PULLUP                           ;        ;              ;         ; Column I/O ;                 ; no       ; On           ;
; B21      ; 269        ; 6        ; RESERVED_INPUT_WITH_WEAK_PULLUP                           ;        ;              ;         ; Row I/O    ;                 ; no       ; On           ;
; B22      ; 268        ; 6        ; RESERVED_INPUT_WITH_WEAK_PULLUP                           ;        ;              ;         ; Row I/O    ;                 ; no       ; On           ;
; C1       ; 7          ; 1        ; entrega_led                                               ; output ; 2.5 V        ;         ; Row I/O    ; Y               ; no       ; Off          ;
; C2       ; 6          ; 1        ; stock_leds[0]                                             ; output ; 2.5 V        ;         ; Row I/O    ; Y               ; no       ; Off          ;
; C3       ; 358        ; 8        ; RESERVED_INPUT_WITH_WEAK_PULLUP                           ;        ;              ;         ; Column I/O ;                 ; no       ; On           ;
; C4       ; 359        ; 8        ; RESERVED_INPUT_WITH_WEAK_PULLUP                           ;        ;              ;         ; Column I/O ;                 ; no       ; On           ;
; C5       ;            ;          ; GND                                                       ; gnd    ;              ;         ; --         ;                 ; --       ; --           ;
; C6       ; 349        ; 8        ; RESERVED_INPUT_WITH_WEAK_PULLUP                           ;        ;              ;         ; Column I/O ;                 ; no       ; On           ;
; C7       ; 340        ; 8        ; RESERVED_INPUT_WITH_WEAK_PULLUP                           ;        ;              ;         ; Column I/O ;                 ; no       ; On           ;
; C8       ; 339        ; 8        ; RESERVED_INPUT_WITH_WEAK_PULLUP                           ;        ;              ;         ; Column I/O ;                 ; no       ; On           ;
; C9       ;            ;          ; GND                                                       ; gnd    ;              ;         ; --         ;                 ; --       ; --           ;
; C10      ; 330        ; 8        ; RESERVED_INPUT_WITH_WEAK_PULLUP                           ;        ;              ;         ; Column I/O ;                 ; no       ; On           ;
; C11      ;            ;          ; GND                                                       ; gnd    ;              ;         ; --         ;                 ; --       ; --           ;
; C12      ;            ;          ; GND                                                       ; gnd    ;              ;         ; --         ;                 ; --       ; --           ;
; C13      ; 309        ; 7        ; disp1[2]                                                  ; output ; 2.5 V        ;         ; Column I/O ; Y               ; no       ; Off          ;
; C14      ;            ;          ; GND                                                       ; gnd    ;              ;         ; --         ;                 ; --       ; --           ;
; C15      ; 300        ; 7        ; RESERVED_INPUT_WITH_WEAK_PULLUP                           ;        ;              ;         ; Column I/O ;                 ; --       ; --           ;
; C16      ;            ;          ; GND                                                       ; gnd    ;              ;         ; --         ;                 ; --       ; --           ;
; C17      ; 286        ; 7        ; RESERVED_INPUT_WITH_WEAK_PULLUP                           ;        ;              ;         ; Column I/O ;                 ; no       ; On           ;
; C18      ;            ;          ; GND                                                       ; gnd    ;              ;         ; --         ;                 ; --       ; --           ;
; C19      ; 282        ; 7        ; disp3[4]                                                  ; output ; 2.5 V        ;         ; Column I/O ; Y               ; no       ; Off          ;
; C20      ; 270        ; 6        ; RESERVED_INPUT_WITH_WEAK_PULLUP                           ;        ;              ;         ; Row I/O    ;                 ; no       ; On           ;
; C21      ; 267        ; 6        ; RESERVED_INPUT_WITH_WEAK_PULLUP                           ;        ;              ;         ; Row I/O    ;                 ; no       ; On           ;
; C22      ; 266        ; 6        ; RESERVED_INPUT_WITH_WEAK_PULLUP                           ;        ;              ;         ; Row I/O    ;                 ; no       ; On           ;
; D1       ; 9          ; 1        ; ~ALTERA_ASDO_DATA1~ / RESERVED_INPUT_WITH_WEAK_PULLUP     ; input  ; 2.5 V        ;         ; Row I/O    ; N               ; no       ; On           ;
; D2       ; 8          ; 1        ; sel_prod[3]                                               ; input  ; 2.5 V        ;         ; Row I/O    ; Y               ; no       ; Off          ;
; D3       ;            ;          ; GND                                                       ; gnd    ;              ;         ; --         ;                 ; --       ; --           ;
; D4       ;            ; 1        ; VCCIO1                                                    ; power  ;              ; 2.5V    ; --         ;                 ; --       ; --           ;
; D5       ;            ; 8        ; VCCIO8                                                    ; power  ;              ; 2.5V    ; --         ;                 ; --       ; --           ;
; D6       ; 356        ; 8        ; RESERVED_INPUT_WITH_WEAK_PULLUP                           ;        ;              ;         ; Column I/O ;                 ; --       ; --           ;
; D7       ;            ;          ; GND                                                       ; gnd    ;              ;         ; --         ;                 ; --       ; --           ;
; D8       ;            ;          ; GND                                                       ; gnd    ;              ;         ; --         ;                 ; --       ; --           ;
; D9       ;            ; 8        ; VCCIO8                                                    ; power  ;              ; 2.5V    ; --         ;                 ; --       ; --           ;
; D10      ; 324        ; 8        ; RESERVED_INPUT_WITH_WEAK_PULLUP                           ;        ;              ;         ; Column I/O ;                 ; no       ; On           ;
; D11      ;            ; 8        ; VCCIO8                                                    ; power  ;              ; 2.5V    ; --         ;                 ; --       ; --           ;
; D12      ;            ; 7        ; VCCIO7                                                    ; power  ;              ; 2.5V    ; --         ;                 ; --       ; --           ;
; D13      ; 310        ; 7        ; RESERVED_INPUT_WITH_WEAK_PULLUP                           ;        ;              ;         ; Column I/O ;                 ; no       ; On           ;
; D14      ;            ; 7        ; VCCIO7                                                    ; power  ;              ; 2.5V    ; --         ;                 ; --       ; --           ;
; D15      ; 293        ; 7        ; disp2[0]                                                  ; output ; 2.5 V        ;         ; Column I/O ; Y               ; no       ; Off          ;
; D16      ;            ; 7        ; VCCIO7                                                    ; power  ;              ; 2.5V    ; --         ;                 ; --       ; --           ;
; D17      ; 281        ; 7        ; RESERVED_INPUT_WITH_WEAK_PULLUP                           ;        ;              ;         ; Column I/O ;                 ; --       ; --           ;
; D18      ;            ; 7        ; VCCIO7                                                    ; power  ;              ; 2.5V    ; --         ;                 ; --       ; --           ;
; D19      ; 283        ; 7        ; disp3[5]                                                  ; output ; 2.5 V        ;         ; Column I/O ; Y               ; no       ; Off          ;
; D20      ; 271        ; 6        ; RESERVED_INPUT_WITH_WEAK_PULLUP                           ;        ;              ;         ; Row I/O    ;                 ; no       ; On           ;
; D21      ; 261        ; 6        ; RESERVED_INPUT_WITH_WEAK_PULLUP                           ;        ;              ;         ; Row I/O    ;                 ; no       ; On           ;
; D22      ; 260        ; 6        ; RESERVED_INPUT_WITH_WEAK_PULLUP                           ;        ;              ;         ; Row I/O    ;                 ; no       ; On           ;
; E1       ; 14         ; 1        ; door_led                                                  ; output ; 2.5 V        ;         ; Row I/O    ; Y               ; no       ; Off          ;
; E2       ; 13         ; 1        ; ~ALTERA_FLASH_nCE_nCSO~ / RESERVED_INPUT_WITH_WEAK_PULLUP ; input  ; 2.5 V        ;         ; Row I/O    ; N               ; no       ; On           ;
; E3       ; 5          ; 1        ; sel_prod[1]                                               ; input  ; 2.5 V        ;         ; Row I/O    ; Y               ; no       ; Off          ;
; E4       ; 4          ; 1        ; sel_prod[2]                                               ; input  ; 2.5 V        ;         ; Row I/O    ; Y               ; no       ; Off          ;
; E5       ; 363        ; 8        ; RESERVED_INPUT_WITH_WEAK_PULLUP                           ;        ;              ;         ; Column I/O ;                 ; no       ; On           ;
; E6       ; 362        ; 8        ; RESERVED_INPUT_WITH_WEAK_PULLUP                           ;        ;              ;         ; Column I/O ;                 ; no       ; On           ;
; E7       ; 357        ; 8        ; RESERVED_INPUT_WITH_WEAK_PULLUP                           ;        ;              ;         ; Column I/O ;                 ; no       ; On           ;
; E8       ;            ; 8        ; VCCIO8                                                    ; power  ;              ; 2.5V    ; --         ;                 ; --       ; --           ;
; E9       ; 338        ; 8        ; RESERVED_INPUT_WITH_WEAK_PULLUP                           ;        ;              ;         ; Column I/O ;                 ; --       ; --           ;
; E10      ; 325        ; 8        ; RESERVED_INPUT_WITH_WEAK_PULLUP                           ;        ;              ;         ; Column I/O ;                 ; no       ; On           ;
; E11      ; 317        ; 7        ; disp0[0]                                                  ; output ; 2.5 V        ;         ; Column I/O ; Y               ; no       ; Off          ;
; E12      ; 316        ; 7        ; RESERVED_INPUT_WITH_WEAK_PULLUP                           ;        ;              ;         ; Column I/O ;                 ; no       ; On           ;
; E13      ; 311        ; 7        ; RESERVED_INPUT_WITH_WEAK_PULLUP                           ;        ;              ;         ; Column I/O ;                 ; no       ; On           ;
; E14      ; 301        ; 7        ; disp1[5]                                                  ; output ; 2.5 V        ;         ; Column I/O ; Y               ; no       ; Off          ;
; E15      ; 294        ; 7        ; disp2[3]                                                  ; output ; 2.5 V        ;         ; Column I/O ; Y               ; no       ; Off          ;
; E16      ; 275        ; 7        ; RESERVED_INPUT_WITH_WEAK_PULLUP                           ;        ;              ;         ; Column I/O ;                 ; no       ; On           ;
; E17      ;            ;          ; VCCD_PLL2                                                 ; power  ;              ; 1.2V    ; --         ;                 ; --       ; --           ;
; E18      ;            ;          ; GNDA2                                                     ; gnd    ;              ;         ; --         ;                 ; --       ; --           ;
; E19      ;            ; 6        ; VCCIO6                                                    ; power  ;              ; 2.5V    ; --         ;                 ; --       ; --           ;
; E20      ;            ;          ; GND                                                       ; gnd    ;              ;         ; --         ;                 ; --       ; --           ;
; E21      ; 256        ; 6        ; RESERVED_INPUT_WITH_WEAK_PULLUP                           ;        ;              ;         ; Row I/O    ;                 ; no       ; On           ;
; E22      ; 255        ; 6        ; RESERVED_INPUT_WITH_WEAK_PULLUP                           ;        ;              ;         ; Row I/O    ;                 ; no       ; On           ;
; F1       ; 16         ; 1        ; RESERVED_INPUT_WITH_WEAK_PULLUP                           ;        ;              ;         ; Row I/O    ;                 ; no       ; On           ;
; F2       ; 15         ; 1        ; alerta_led                                                ; output ; 2.5 V        ;         ; Row I/O    ; Y               ; no       ; Off          ;
; F3       ;            ;          ; GND                                                       ; gnd    ;              ;         ; --         ;                 ; --       ; --           ;
; F4       ;            ; 1        ; VCCIO1                                                    ; power  ;              ; 2.5V    ; --         ;                 ; --       ; --           ;
; F5       ;            ;          ; GNDA3                                                     ; gnd    ;              ;         ; --         ;                 ; --       ; --           ;
; F6       ;            ;          ; VCCD_PLL3                                                 ; power  ;              ; 1.2V    ; --         ;                 ; --       ; --           ;
; F7       ; 360        ; 8        ; RESERVED_INPUT_WITH_WEAK_PULLUP                           ;        ;              ;         ; Column I/O ;                 ; no       ; On           ;
; F8       ; 352        ; 8        ; RESERVED_INPUT_WITH_WEAK_PULLUP                           ;        ;              ;         ; Column I/O ;                 ; no       ; On           ;
; F9       ; 347        ; 8        ; RESERVED_INPUT_WITH_WEAK_PULLUP                           ;        ;              ;         ; Column I/O ;                 ; no       ; On           ;
; F10      ; 348        ; 8        ; RESERVED_INPUT_WITH_WEAK_PULLUP                           ;        ;              ;         ; Column I/O ;                 ; no       ; On           ;
; F11      ; 318        ; 7        ; disp0[1]                                                  ; output ; 2.5 V        ;         ; Column I/O ; Y               ; no       ; Off          ;
; F12      ; 302        ; 7        ; disp0[5]                                                  ; output ; 2.5 V        ;         ; Column I/O ; Y               ; no       ; Off          ;
; F13      ; 306        ; 7        ; disp0[6]                                                  ; output ; 2.5 V        ;         ; Column I/O ; Y               ; no       ; Off          ;
; F14      ; 279        ; 7        ; disp2[6]                                                  ; output ; 2.5 V        ;         ; Column I/O ; Y               ; no       ; Off          ;
; F15      ; 276        ; 7        ; disp3[1]                                                  ; output ; 2.5 V        ;         ; Column I/O ; Y               ; no       ; Off          ;
; F16      ; 274        ; 7        ; RESERVED_INPUT_WITH_WEAK_PULLUP                           ;        ;              ;         ; Column I/O ;                 ; no       ; On           ;
; F17      ; 272        ; 6        ; RESERVED_INPUT_WITH_WEAK_PULLUP                           ;        ;              ;         ; Row I/O    ;                 ; no       ; On           ;
; F18      ;            ; --       ; VCCA2                                                     ; power  ;              ; 2.5V    ; --         ;                 ; --       ; --           ;
; F19      ; 263        ; 6        ; RESERVED_INPUT_WITH_WEAK_PULLUP                           ;        ;              ;         ; Row I/O    ;                 ; no       ; On           ;
; F20      ; 262        ; 6        ; RESERVED_INPUT_WITH_WEAK_PULLUP                           ;        ;              ;         ; Row I/O    ;                 ; no       ; On           ;
; F21      ; 251        ; 6        ; RESERVED_INPUT_WITH_WEAK_PULLUP                           ;        ;              ;         ; Row I/O    ;                 ; no       ; On           ;
; F22      ; 250        ; 6        ; RESERVED_INPUT_WITH_WEAK_PULLUP                           ;        ;              ;         ; Row I/O    ;                 ; no       ; On           ;
; G1       ; 39         ; 1        ; GND+                                                      ;        ;              ;         ; Row I/O    ;                 ; --       ; --           ;
; G2       ; 38         ; 1        ; GND+                                                      ;        ;              ;         ; Row I/O    ;                 ; --       ; --           ;
; G3       ; 18         ; 1        ; RESERVED_INPUT_WITH_WEAK_PULLUP                           ;        ;              ;         ; Row I/O    ;                 ; no       ; On           ;
; G4       ; 17         ; 1        ; coin500                                                   ; input  ; 2.5 V        ;         ; Row I/O    ; Y               ; no       ; Off          ;
; G5       ; 3          ; 1        ; RESERVED_INPUT_WITH_WEAK_PULLUP                           ;        ;              ;         ; Row I/O    ;                 ; no       ; On           ;
; G6       ;            ; --       ; VCCA3                                                     ; power  ;              ; 2.5V    ; --         ;                 ; --       ; --           ;
; G7       ; 361        ; 8        ; RESERVED_INPUT_WITH_WEAK_PULLUP                           ;        ;              ;         ; Column I/O ;                 ; no       ; On           ;
; G8       ; 353        ; 8        ; RESERVED_INPUT_WITH_WEAK_PULLUP                           ;        ;              ;         ; Column I/O ;                 ; no       ; On           ;
; G9       ; 342        ; 8        ; RESERVED_INPUT_WITH_WEAK_PULLUP                           ;        ;              ;         ; Column I/O ;                 ; no       ; On           ;
; G10      ; 341        ; 8        ; RESERVED_INPUT_WITH_WEAK_PULLUP                           ;        ;              ;         ; Column I/O ;                 ; no       ; On           ;
; G11      ; 331        ; 8        ; RESERVED_INPUT_WITH_WEAK_PULLUP                           ;        ;              ;         ; Column I/O ;                 ; no       ; On           ;
; G12      ; 305        ; 7        ; disp0[4]                                                  ; output ; 2.5 V        ;         ; Column I/O ; Y               ; no       ; Off          ;
; G13      ; 295        ; 7        ; RESERVED_INPUT_WITH_WEAK_PULLUP                           ;        ;              ;         ; Column I/O ;                 ; no       ; On           ;
; G14      ; 280        ; 7        ; RESERVED_INPUT_WITH_WEAK_PULLUP                           ;        ;              ;         ; Column I/O ;                 ; no       ; On           ;
; G15      ; 278        ; 7        ; disp3[6]                                                  ; output ; 2.5 V        ;         ; Column I/O ; Y               ; no       ; Off          ;
; G16      ; 277        ; 7        ; RESERVED_INPUT_WITH_WEAK_PULLUP                           ;        ;              ;         ; Column I/O ;                 ; no       ; On           ;
; G17      ; 273        ; 6        ; RESERVED_INPUT_WITH_WEAK_PULLUP                           ;        ;              ;         ; Row I/O    ;                 ; no       ; On           ;
; G18      ; 264        ; 6        ; RESERVED_INPUT_WITH_WEAK_PULLUP                           ;        ;              ;         ; Row I/O    ;                 ; no       ; On           ;
; G19      ;            ; 6        ; VCCIO6                                                    ; power  ;              ; 2.5V    ; --         ;                 ; --       ; --           ;
; G20      ;            ;          ; GND                                                       ; gnd    ;              ;         ; --         ;                 ; --       ; --           ;
; G21      ; 226        ; 6        ; clk                                                       ; input  ; 2.5 V        ;         ; Row I/O    ; Y               ; no       ; Off          ;
; G22      ; 225        ; 6        ; GND+                                                      ;        ;              ;         ; Row I/O    ;                 ; --       ; --           ;
; H1       ; 26         ; 1        ; anomalia_led                                              ; output ; 2.5 V        ;         ; Row I/O    ; Y               ; no       ; Off          ;
; H2       ; 25         ; 1        ; RESERVED_INPUT_WITH_WEAK_PULLUP                           ;        ;              ;         ; Row I/O    ;                 ; no       ; On           ;
; H3       ;            ;          ; GND                                                       ; gnd    ;              ;         ; --         ;                 ; --       ; --           ;
; H4       ;            ; 1        ; VCCIO1                                                    ; power  ;              ; 2.5V    ; --         ;                 ; --       ; --           ;
; H5       ; 0          ; 1        ; confirmar                                                 ; input  ; 2.5 V        ;         ; Row I/O    ; Y               ; no       ; Off          ;
; H6       ; 11         ; 1        ; coin1000                                                  ; input  ; 2.5 V        ;         ; Row I/O    ; Y               ; no       ; Off          ;
; H7       ; 10         ; 1        ; sel_prod[0]                                               ; input  ; 2.5 V        ;         ; Row I/O    ; Y               ; no       ; Off          ;
; H8       ;            ;          ; GND                                                       ; gnd    ;              ;         ; --         ;                 ; --       ; --           ;
; H9       ; 344        ; 8        ; RESERVED_INPUT_WITH_WEAK_PULLUP                           ;        ;              ;         ; Column I/O ;                 ; no       ; On           ;
; H10      ; 343        ; 8        ; RESERVED_INPUT_WITH_WEAK_PULLUP                           ;        ;              ;         ; Column I/O ;                 ; no       ; On           ;
; H11      ; 323        ; 8        ; RESERVED_INPUT_WITH_WEAK_PULLUP                           ;        ;              ;         ; Column I/O ;                 ; no       ; On           ;
; H12      ; 304        ; 7        ; disp0[2]                                                  ; output ; 2.5 V        ;         ; Column I/O ; Y               ; no       ; Off          ;
; H13      ; 303        ; 7        ; disp0[3]                                                  ; output ; 2.5 V        ;         ; Column I/O ; Y               ; no       ; Off          ;
; H14      ; 288        ; 7        ; RESERVED_INPUT_WITH_WEAK_PULLUP                           ;        ;              ;         ; Column I/O ;                 ; no       ; On           ;
; H15      ; 287        ; 7        ; RESERVED_INPUT_WITH_WEAK_PULLUP                           ;        ;              ;         ; Column I/O ;                 ; no       ; On           ;
; H16      ; 259        ; 6        ; RESERVED_INPUT_WITH_WEAK_PULLUP                           ;        ;              ;         ; Row I/O    ;                 ; no       ; On           ;
; H17      ; 265        ; 6        ; RESERVED_INPUT_WITH_WEAK_PULLUP                           ;        ;              ;         ; Row I/O    ;                 ; no       ; On           ;
; H18      ; 257        ; 6        ; RESERVED_INPUT_WITH_WEAK_PULLUP                           ;        ;              ;         ; Row I/O    ;                 ; --       ; --           ;
; H19      ; 254        ; 6        ; RESERVED_INPUT_WITH_WEAK_PULLUP                           ;        ;              ;         ; Row I/O    ;                 ; no       ; On           ;
; H20      ; 253        ; 6        ; RESERVED_INPUT_WITH_WEAK_PULLUP                           ;        ;              ;         ; Row I/O    ;                 ; no       ; On           ;
; H21      ; 246        ; 6        ; RESERVED_INPUT_WITH_WEAK_PULLUP                           ;        ;              ;         ; Row I/O    ;                 ; no       ; On           ;
; H22      ; 245        ; 6        ; RESERVED_INPUT_WITH_WEAK_PULLUP                           ;        ;              ;         ; Row I/O    ;                 ; no       ; On           ;
; J1       ; 29         ; 1        ; RESERVED_INPUT_WITH_WEAK_PULLUP                           ;        ;              ;         ; Row I/O    ;                 ; no       ; On           ;
; J2       ; 28         ; 1        ; RESERVED_INPUT_WITH_WEAK_PULLUP                           ;        ;              ;         ; Row I/O    ;                 ; no       ; On           ;
; J3       ; 27         ; 1        ; led_compra                                                ; output ; 2.5 V        ;         ; Row I/O    ; Y               ; no       ; Off          ;
; J4       ; 24         ; 1        ; RESERVED_INPUT_WITH_WEAK_PULLUP                           ;        ;              ;         ; Row I/O    ;                 ; no       ; On           ;
; J5       ;            ;          ; GND                                                       ; gnd    ;              ;         ; --         ;                 ; --       ; --           ;
; J6       ; 12         ; 1        ; reset                                                     ; input  ; 2.5 V        ;         ; Row I/O    ; Y               ; no       ; Off          ;
; J7       ; 22         ; 1        ; anomalia_sw                                               ; input  ; 2.5 V        ;         ; Row I/O    ; Y               ; no       ; Off          ;
; J8       ;            ;          ; VCCINT                                                    ; power  ;              ; 1.2V    ; --         ;                 ; --       ; --           ;
; J9       ;            ;          ; GND                                                       ; gnd    ;              ;         ; --         ;                 ; --       ; --           ;
; J10      ;            ;          ; VCCINT                                                    ; power  ;              ; 1.2V    ; --         ;                 ; --       ; --           ;
; J11      ;            ;          ; VCCINT                                                    ; power  ;              ; 1.2V    ; --         ;                 ; --       ; --           ;
; J12      ;            ;          ; VCCINT                                                    ; power  ;              ; 1.2V    ; --         ;                 ; --       ; --           ;
; J13      ;            ;          ; VCCINT                                                    ; power  ;              ; 1.2V    ; --         ;                 ; --       ; --           ;
; J14      ;            ;          ; VCCINT                                                    ; power  ;              ; 1.2V    ; --         ;                 ; --       ; --           ;
; J15      ; 238        ; 6        ; RESERVED_INPUT_WITH_WEAK_PULLUP                           ;        ;              ;         ; Row I/O    ;                 ; no       ; On           ;
; J16      ; 243        ; 6        ; RESERVED_INPUT_WITH_WEAK_PULLUP                           ;        ;              ;         ; Row I/O    ;                 ; no       ; On           ;
; J17      ; 258        ; 6        ; RESERVED_INPUT_WITH_WEAK_PULLUP                           ;        ;              ;         ; Row I/O    ;                 ; no       ; On           ;
; J18      ; 249        ; 6        ; RESERVED_INPUT_WITH_WEAK_PULLUP                           ;        ;              ;         ; Row I/O    ;                 ; no       ; On           ;
; J19      ;            ;          ; GND                                                       ; gnd    ;              ;         ; --         ;                 ; --       ; --           ;
; J20      ;            ; 6        ; VCCIO6                                                    ; power  ;              ; 2.5V    ; --         ;                 ; --       ; --           ;
; J21      ; 242        ; 6        ; RESERVED_INPUT_WITH_WEAK_PULLUP                           ;        ;              ;         ; Row I/O    ;                 ; no       ; On           ;
; J22      ; 241        ; 6        ; RESERVED_INPUT_WITH_WEAK_PULLUP                           ;        ;              ;         ; Row I/O    ;                 ; no       ; On           ;
; K1       ; 31         ; 1        ; ~ALTERA_DATA0~ / RESERVED_INPUT_WITH_WEAK_PULLUP          ; input  ; 2.5 V        ;         ; Row I/O    ; N               ; no       ; On           ;
; K2       ; 30         ; 1        ; ~ALTERA_DCLK~                                             ; output ; 2.5 V        ;         ; Row I/O    ; N               ; no       ; On           ;
; K3       ;            ;          ; GND                                                       ; gnd    ;              ;         ; --         ;                 ; --       ; --           ;
; K4       ;            ; 1        ; VCCIO1                                                    ; power  ;              ; 2.5V    ; --         ;                 ; --       ; --           ;
; K5       ; 32         ; 1        ; ^nCONFIG                                                  ;        ;              ;         ; --         ;                 ; --       ; --           ;
; K6       ; 19         ; 1        ; ^nSTATUS                                                  ;        ;              ;         ; --         ;                 ; --       ; --           ;
; K7       ; 23         ; 1        ; RESERVED_INPUT_WITH_WEAK_PULLUP                           ;        ;              ;         ; Row I/O    ;                 ; no       ; On           ;
; K8       ; 21         ; 1        ; RESERVED_INPUT_WITH_WEAK_PULLUP                           ;        ;              ;         ; Row I/O    ;                 ; no       ; On           ;
; K9       ;            ;          ; VCCINT                                                    ; power  ;              ; 1.2V    ; --         ;                 ; --       ; --           ;
; K10      ;            ;          ; GND                                                       ; gnd    ;              ;         ; --         ;                 ; --       ; --           ;
; K11      ;            ;          ; GND                                                       ; gnd    ;              ;         ; --         ;                 ; --       ; --           ;
; K12      ;            ;          ; GND                                                       ; gnd    ;              ;         ; --         ;                 ; --       ; --           ;
; K13      ;            ;          ; GND                                                       ; gnd    ;              ;         ; --         ;                 ; --       ; --           ;
; K14      ;            ;          ; VCCINT                                                    ; power  ;              ; 1.2V    ; --         ;                 ; --       ; --           ;
; K15      ; 236        ; 6        ; RESERVED_INPUT_WITH_WEAK_PULLUP                           ;        ;              ;         ; Row I/O    ;                 ; no       ; On           ;
; K16      ; 244        ; 6        ; RESERVED_INPUT_WITH_WEAK_PULLUP                           ;        ;              ;         ; Row I/O    ;                 ; no       ; On           ;
; K17      ; 247        ; 6        ; RESERVED_INPUT_WITH_WEAK_PULLUP                           ;        ;              ;         ; Row I/O    ;                 ; no       ; On           ;
; K18      ; 248        ; 6        ; RESERVED_INPUT_WITH_WEAK_PULLUP                           ;        ;              ;         ; Row I/O    ;                 ; no       ; On           ;
; K19      ; 237        ; 6        ; RESERVED_INPUT_WITH_WEAK_PULLUP                           ;        ;              ;         ; Row I/O    ;                 ; --       ; --           ;
; K20      ; 231        ; 6        ; ^MSEL3                                                    ;        ;              ;         ; --         ;                 ; --       ; --           ;
; K21      ; 240        ; 6        ; RESERVED_INPUT_WITH_WEAK_PULLUP                           ;        ;              ;         ; Row I/O    ;                 ; no       ; On           ;
; K22      ; 239        ; 6        ; ~ALTERA_nCEO~ / RESERVED_OUTPUT_OPEN_DRAIN                ; output ; 2.5 V        ;         ; Row I/O    ; N               ; no       ; Off          ;
; L1       ; 35         ; 1        ; #TMS                                                      ; input  ;              ;         ; --         ;                 ; --       ; --           ;
; L2       ; 34         ; 1        ; #TCK                                                      ; input  ;              ;         ; --         ;                 ; --       ; --           ;
; L3       ; 37         ; 1        ; ^nCE                                                      ;        ;              ;         ; --         ;                 ; --       ; --           ;
; L4       ; 36         ; 1        ; #TDO                                                      ; output ;              ;         ; --         ;                 ; --       ; --           ;
; L5       ; 33         ; 1        ; #TDI                                                      ; input  ;              ;         ; --         ;                 ; --       ; --           ;
; L6       ; 42         ; 2        ; RESERVED_INPUT_WITH_WEAK_PULLUP                           ;        ;              ;         ; Row I/O    ;                 ; no       ; On           ;
; L7       ; 50         ; 2        ; RESERVED_INPUT_WITH_WEAK_PULLUP                           ;        ;              ;         ; Row I/O    ;                 ; no       ; On           ;
; L8       ; 20         ; 1        ; RESERVED_INPUT_WITH_WEAK_PULLUP                           ;        ;              ;         ; Row I/O    ;                 ; no       ; On           ;
; L9       ;            ;          ; VCCINT                                                    ; power  ;              ; 1.2V    ; --         ;                 ; --       ; --           ;
; L10      ;            ;          ; GND                                                       ; gnd    ;              ;         ; --         ;                 ; --       ; --           ;
; L11      ;            ;          ; GND                                                       ; gnd    ;              ;         ; --         ;                 ; --       ; --           ;
; L12      ;            ;          ; GND                                                       ; gnd    ;              ;         ; --         ;                 ; --       ; --           ;
; L13      ;            ;          ; GND                                                       ; gnd    ;              ;         ; --         ;                 ; --       ; --           ;
; L14      ;            ;          ; VCCINT                                                    ; power  ;              ; 1.2V    ; --         ;                 ; --       ; --           ;
; L15      ; 233        ; 6        ; RESERVED_INPUT_WITH_WEAK_PULLUP                           ;        ;              ;         ; Row I/O    ;                 ; no       ; On           ;
; L16      ; 232        ; 6        ; RESERVED_INPUT_WITH_WEAK_PULLUP                           ;        ;              ;         ; Row I/O    ;                 ; no       ; On           ;
; L17      ; 230        ; 6        ; ^MSEL2                                                    ;        ;              ;         ; --         ;                 ; --       ; --           ;
; L18      ; 229        ; 6        ; ^MSEL1                                                    ;        ;              ;         ; --         ;                 ; --       ; --           ;
; L19      ;            ; 6        ; VCCIO6                                                    ; power  ;              ; 2.5V    ; --         ;                 ; --       ; --           ;
; L20      ;            ;          ; GND                                                       ; gnd    ;              ;         ; --         ;                 ; --       ; --           ;
; L21      ; 235        ; 6        ; RESERVED_INPUT_WITH_WEAK_PULLUP                           ;        ;              ;         ; Row I/O    ;                 ; no       ; On           ;
; L22      ; 234        ; 6        ; RESERVED_INPUT_WITH_WEAK_PULLUP                           ;        ;              ;         ; Row I/O    ;                 ; no       ; On           ;
; M1       ; 45         ; 2        ; RESERVED_INPUT_WITH_WEAK_PULLUP                           ;        ;              ;         ; Row I/O    ;                 ; no       ; On           ;
; M2       ; 44         ; 2        ; RESERVED_INPUT_WITH_WEAK_PULLUP                           ;        ;              ;         ; Row I/O    ;                 ; no       ; On           ;
; M3       ; 47         ; 2        ; RESERVED_INPUT_WITH_WEAK_PULLUP                           ;        ;              ;         ; Row I/O    ;                 ; no       ; On           ;
; M4       ; 46         ; 2        ; RESERVED_INPUT_WITH_WEAK_PULLUP                           ;        ;              ;         ; Row I/O    ;                 ; no       ; On           ;
; M5       ; 51         ; 2        ; RESERVED_INPUT_WITH_WEAK_PULLUP                           ;        ;              ;         ; Row I/O    ;                 ; --       ; --           ;
; M6       ; 43         ; 2        ; RESERVED_INPUT_WITH_WEAK_PULLUP                           ;        ;              ;         ; Row I/O    ;                 ; no       ; On           ;
; M7       ; 65         ; 2        ; RESERVED_INPUT_WITH_WEAK_PULLUP                           ;        ;              ;         ; Row I/O    ;                 ; no       ; On           ;
; M8       ; 66         ; 2        ; RESERVED_INPUT_WITH_WEAK_PULLUP                           ;        ;              ;         ; Row I/O    ;                 ; no       ; On           ;
; M9       ;            ;          ; VCCINT                                                    ; power  ;              ; 1.2V    ; --         ;                 ; --       ; --           ;
; M10      ;            ;          ; GND                                                       ; gnd    ;              ;         ; --         ;                 ; --       ; --           ;
; M11      ;            ;          ; GND                                                       ; gnd    ;              ;         ; --         ;                 ; --       ; --           ;
; M12      ;            ;          ; GND                                                       ; gnd    ;              ;         ; --         ;                 ; --       ; --           ;
; M13      ;            ;          ; GND                                                       ; gnd    ;              ;         ; --         ;                 ; --       ; --           ;
; M14      ;            ;          ; VCCINT                                                    ; power  ;              ; 1.2V    ; --         ;                 ; --       ; --           ;
; M15      ; 195        ; 5        ; RESERVED_INPUT_WITH_WEAK_PULLUP                           ;        ;              ;         ; Row I/O    ;                 ; no       ; On           ;
; M16      ; 222        ; 5        ; RESERVED_INPUT_WITH_WEAK_PULLUP                           ;        ;              ;         ; Row I/O    ;                 ; no       ; On           ;
; M17      ; 228        ; 6        ; ^MSEL0                                                    ;        ;              ;         ; --         ;                 ; --       ; --           ;
; M18      ; 227        ; 6        ; ^CONF_DONE                                                ;        ;              ;         ; --         ;                 ; --       ; --           ;
; M19      ; 221        ; 5        ; RESERVED_INPUT_WITH_WEAK_PULLUP                           ;        ;              ;         ; Row I/O    ;                 ; no       ; On           ;
; M20      ; 220        ; 5        ; RESERVED_INPUT_WITH_WEAK_PULLUP                           ;        ;              ;         ; Row I/O    ;                 ; no       ; On           ;
; M21      ; 219        ; 5        ; RESERVED_INPUT_WITH_WEAK_PULLUP                           ;        ;              ;         ; Row I/O    ;                 ; no       ; On           ;
; M22      ; 218        ; 5        ; RESERVED_INPUT_WITH_WEAK_PULLUP                           ;        ;              ;         ; Row I/O    ;                 ; no       ; On           ;
; N1       ; 49         ; 2        ; RESERVED_INPUT_WITH_WEAK_PULLUP                           ;        ;              ;         ; Row I/O    ;                 ; no       ; On           ;
; N2       ; 48         ; 2        ; RESERVED_INPUT_WITH_WEAK_PULLUP                           ;        ;              ;         ; Row I/O    ;                 ; no       ; On           ;
; N3       ;            ;          ; GND                                                       ; gnd    ;              ;         ; --         ;                 ; --       ; --           ;
; N4       ;            ; 2        ; VCCIO2                                                    ; power  ;              ; 2.5V    ; --         ;                 ; --       ; --           ;
; N5       ; 56         ; 2        ; RESERVED_INPUT_WITH_WEAK_PULLUP                           ;        ;              ;         ; Row I/O    ;                 ; no       ; On           ;
; N6       ; 64         ; 2        ; RESERVED_INPUT_WITH_WEAK_PULLUP                           ;        ;              ;         ; Row I/O    ;                 ; no       ; On           ;
; N7       ; 73         ; 2        ; RESERVED_INPUT_WITH_WEAK_PULLUP                           ;        ;              ;         ; Row I/O    ;                 ; no       ; On           ;
; N8       ; 67         ; 2        ; RESERVED_INPUT_WITH_WEAK_PULLUP                           ;        ;              ;         ; Row I/O    ;                 ; no       ; On           ;
; N9       ;            ;          ; VCCINT                                                    ; power  ;              ; 1.2V    ; --         ;                 ; --       ; --           ;
; N10      ;            ;          ; GND                                                       ; gnd    ;              ;         ; --         ;                 ; --       ; --           ;
; N11      ;            ;          ; GND                                                       ; gnd    ;              ;         ; --         ;                 ; --       ; --           ;
; N12      ;            ;          ; GND                                                       ; gnd    ;              ;         ; --         ;                 ; --       ; --           ;
; N13      ;            ;          ; GND                                                       ; gnd    ;              ;         ; --         ;                 ; --       ; --           ;
; N14      ; 189        ; 5        ; RESERVED_INPUT_WITH_WEAK_PULLUP                           ;        ;              ;         ; Row I/O    ;                 ; no       ; On           ;
; N15      ; 196        ; 5        ; RESERVED_INPUT_WITH_WEAK_PULLUP                           ;        ;              ;         ; Row I/O    ;                 ; no       ; On           ;
; N16      ; 205        ; 5        ; RESERVED_INPUT_WITH_WEAK_PULLUP                           ;        ;              ;         ; Row I/O    ;                 ; no       ; On           ;
; N17      ; 214        ; 5        ; RESERVED_INPUT_WITH_WEAK_PULLUP                           ;        ;              ;         ; Row I/O    ;                 ; no       ; On           ;
; N18      ; 215        ; 5        ; RESERVED_INPUT_WITH_WEAK_PULLUP                           ;        ;              ;         ; Row I/O    ;                 ; no       ; On           ;
; N19      ; 213        ; 5        ; RESERVED_INPUT_WITH_WEAK_PULLUP                           ;        ;              ;         ; Row I/O    ;                 ; no       ; On           ;
; N20      ; 212        ; 5        ; RESERVED_INPUT_WITH_WEAK_PULLUP                           ;        ;              ;         ; Row I/O    ;                 ; no       ; On           ;
; N21      ; 217        ; 5        ; RESERVED_INPUT_WITH_WEAK_PULLUP                           ;        ;              ;         ; Row I/O    ;                 ; no       ; On           ;
; N22      ; 216        ; 5        ; RESERVED_INPUT_WITH_WEAK_PULLUP                           ;        ;              ;         ; Row I/O    ;                 ; no       ; On           ;
; P1       ; 53         ; 2        ; RESERVED_INPUT_WITH_WEAK_PULLUP                           ;        ;              ;         ; Row I/O    ;                 ; no       ; On           ;
; P2       ; 52         ; 2        ; RESERVED_INPUT_WITH_WEAK_PULLUP                           ;        ;              ;         ; Row I/O    ;                 ; no       ; On           ;
; P3       ; 58         ; 2        ; RESERVED_INPUT_WITH_WEAK_PULLUP                           ;        ;              ;         ; Row I/O    ;                 ; no       ; On           ;
; P4       ; 57         ; 2        ; RESERVED_INPUT_WITH_WEAK_PULLUP                           ;        ;              ;         ; Row I/O    ;                 ; no       ; On           ;
; P5       ; 63         ; 2        ; RESERVED_INPUT_WITH_WEAK_PULLUP                           ;        ;              ;         ; Row I/O    ;                 ; no       ; On           ;
; P6       ; 79         ; 2        ; RESERVED_INPUT_WITH_WEAK_PULLUP                           ;        ;              ;         ; Row I/O    ;                 ; no       ; On           ;
; P7       ; 74         ; 2        ; RESERVED_INPUT_WITH_WEAK_PULLUP                           ;        ;              ;         ; Row I/O    ;                 ; no       ; On           ;
; P8       ; 86         ; 2        ; RESERVED_INPUT_WITH_WEAK_PULLUP                           ;        ;              ;         ; Row I/O    ;                 ; no       ; On           ;
; P9       ;            ;          ; VCCINT                                                    ; power  ;              ; 1.2V    ; --         ;                 ; --       ; --           ;
; P10      ;            ;          ; VCCINT                                                    ; power  ;              ; 1.2V    ; --         ;                 ; --       ; --           ;
; P11      ;            ;          ; VCCINT                                                    ; power  ;              ; 1.2V    ; --         ;                 ; --       ; --           ;
; P12      ;            ;          ; VCCINT                                                    ; power  ;              ; 1.2V    ; --         ;                 ; --       ; --           ;
; P13      ;            ;          ; VCCINT                                                    ; power  ;              ; 1.2V    ; --         ;                 ; --       ; --           ;
; P14      ; 180        ; 5        ; RESERVED_INPUT_WITH_WEAK_PULLUP                           ;        ;              ;         ; Row I/O    ;                 ; no       ; On           ;
; P15      ; 192        ; 5        ; RESERVED_INPUT_WITH_WEAK_PULLUP                           ;        ;              ;         ; Row I/O    ;                 ; no       ; On           ;
; P16      ; 193        ; 5        ; RESERVED_INPUT_WITH_WEAK_PULLUP                           ;        ;              ;         ; Row I/O    ;                 ; no       ; On           ;
; P17      ; 197        ; 5        ; RESERVED_INPUT_WITH_WEAK_PULLUP                           ;        ;              ;         ; Row I/O    ;                 ; no       ; On           ;
; P18      ;            ; 5        ; VCCIO5                                                    ; power  ;              ; 2.5V    ; --         ;                 ; --       ; --           ;
; P19      ;            ;          ; GND                                                       ; gnd    ;              ;         ; --         ;                 ; --       ; --           ;
; P20      ; 208        ; 5        ; RESERVED_INPUT_WITH_WEAK_PULLUP                           ;        ;              ;         ; Row I/O    ;                 ; --       ; --           ;
; P21      ; 211        ; 5        ; RESERVED_INPUT_WITH_WEAK_PULLUP                           ;        ;              ;         ; Row I/O    ;                 ; no       ; On           ;
; P22      ; 210        ; 5        ; RESERVED_INPUT_WITH_WEAK_PULLUP                           ;        ;              ;         ; Row I/O    ;                 ; no       ; On           ;
; R1       ; 55         ; 2        ; RESERVED_INPUT_WITH_WEAK_PULLUP                           ;        ;              ;         ; Row I/O    ;                 ; no       ; On           ;
; R2       ; 54         ; 2        ; RESERVED_INPUT_WITH_WEAK_PULLUP                           ;        ;              ;         ; Row I/O    ;                 ; no       ; On           ;
; R3       ;            ;          ; GND                                                       ; gnd    ;              ;         ; --         ;                 ; --       ; --           ;
; R4       ;            ; 2        ; VCCIO2                                                    ; power  ;              ; 2.5V    ; --         ;                 ; --       ; --           ;
; R5       ; 80         ; 2        ; RESERVED_INPUT_WITH_WEAK_PULLUP                           ;        ;              ;         ; Row I/O    ;                 ; no       ; On           ;
; R6       ; 83         ; 2        ; RESERVED_INPUT_WITH_WEAK_PULLUP                           ;        ;              ;         ; Row I/O    ;                 ; no       ; On           ;
; R7       ; 84         ; 2        ; RESERVED_INPUT_WITH_WEAK_PULLUP                           ;        ;              ;         ; Row I/O    ;                 ; no       ; On           ;
; R8       ; 87         ; 2        ; RESERVED_INPUT_WITH_WEAK_PULLUP                           ;        ;              ;         ; Row I/O    ;                 ; no       ; On           ;
; R9       ; 88         ; 3        ; RESERVED_INPUT_WITH_WEAK_PULLUP                           ;        ;              ;         ; Column I/O ;                 ; no       ; On           ;
; R10      ; 90         ; 3        ; RESERVED_INPUT_WITH_WEAK_PULLUP                           ;        ;              ;         ; Column I/O ;                 ; no       ; On           ;
; R11      ; 97         ; 3        ; RESERVED_INPUT_WITH_WEAK_PULLUP                           ;        ;              ;         ; Column I/O ;                 ; no       ; On           ;
; R12      ; 98         ; 3        ; RESERVED_INPUT_WITH_WEAK_PULLUP                           ;        ;              ;         ; Column I/O ;                 ; no       ; On           ;
; R13      ; 153        ; 4        ; RESERVED_INPUT_WITH_WEAK_PULLUP                           ;        ;              ;         ; Column I/O ;                 ; no       ; On           ;
; R14      ; 175        ; 4        ; RESERVED_INPUT_WITH_WEAK_PULLUP                           ;        ;              ;         ; Column I/O ;                 ; no       ; On           ;
; R15      ; 176        ; 4        ; RESERVED_INPUT_WITH_WEAK_PULLUP                           ;        ;              ;         ; Column I/O ;                 ; no       ; On           ;
; R16      ; 172        ; 4        ; RESERVED_INPUT_WITH_WEAK_PULLUP                           ;        ;              ;         ; Column I/O ;                 ; no       ; On           ;
; R17      ; 194        ; 5        ; RESERVED_INPUT_WITH_WEAK_PULLUP                           ;        ;              ;         ; Row I/O    ;                 ; --       ; --           ;
; R18      ; 203        ; 5        ; RESERVED_INPUT_WITH_WEAK_PULLUP                           ;        ;              ;         ; Row I/O    ;                 ; no       ; On           ;
; R19      ; 204        ; 5        ; RESERVED_INPUT_WITH_WEAK_PULLUP                           ;        ;              ;         ; Row I/O    ;                 ; no       ; On           ;
; R20      ; 200        ; 5        ; RESERVED_INPUT_WITH_WEAK_PULLUP                           ;        ;              ;         ; Row I/O    ;                 ; no       ; On           ;
; R21      ; 207        ; 5        ; RESERVED_INPUT_WITH_WEAK_PULLUP                           ;        ;              ;         ; Row I/O    ;                 ; no       ; On           ;
; R22      ; 206        ; 5        ; RESERVED_INPUT_WITH_WEAK_PULLUP                           ;        ;              ;         ; Row I/O    ;                 ; no       ; On           ;
; T1       ; 41         ; 2        ; GND+                                                      ;        ;              ;         ; Row I/O    ;                 ; --       ; --           ;
; T2       ; 40         ; 2        ; GND+                                                      ;        ;              ;         ; Row I/O    ;                 ; --       ; --           ;
; T3       ; 72         ; 2        ; RESERVED_INPUT_WITH_WEAK_PULLUP                           ;        ;              ;         ; Row I/O    ;                 ; --       ; --           ;
; T4       ; 81         ; 2        ; RESERVED_INPUT_WITH_WEAK_PULLUP                           ;        ;              ;         ; Row I/O    ;                 ; no       ; On           ;
; T5       ; 82         ; 2        ; RESERVED_INPUT_WITH_WEAK_PULLUP                           ;        ;              ;         ; Row I/O    ;                 ; no       ; On           ;
; T6       ;            ; --       ; VCCA1                                                     ; power  ;              ; 2.5V    ; --         ;                 ; --       ; --           ;
; T7       ; 85         ; 2        ; RESERVED_INPUT_WITH_WEAK_PULLUP                           ;        ;              ;         ; Row I/O    ;                 ; no       ; On           ;
; T8       ; 89         ; 3        ; RESERVED_INPUT_WITH_WEAK_PULLUP                           ;        ;              ;         ; Column I/O ;                 ; no       ; On           ;
; T9       ; 91         ; 3        ; RESERVED_INPUT_WITH_WEAK_PULLUP                           ;        ;              ;         ; Column I/O ;                 ; no       ; On           ;
; T10      ; 121        ; 3        ; RESERVED_INPUT_WITH_WEAK_PULLUP                           ;        ;              ;         ; Column I/O ;                 ; no       ; On           ;
; T11      ; 125        ; 3        ; RESERVED_INPUT_WITH_WEAK_PULLUP                           ;        ;              ;         ; Column I/O ;                 ; no       ; On           ;
; T12      ; 148        ; 4        ; RESERVED_INPUT_WITH_WEAK_PULLUP                           ;        ;              ;         ; Column I/O ;                 ; no       ; On           ;
; T13      ;            ;          ; VCCINT                                                    ; power  ;              ; 1.2V    ; --         ;                 ; --       ; --           ;
; T14      ; 160        ; 4        ; RESERVED_INPUT_WITH_WEAK_PULLUP                           ;        ;              ;         ; Column I/O ;                 ; no       ; On           ;
; T15      ; 161        ; 4        ; RESERVED_INPUT_WITH_WEAK_PULLUP                           ;        ;              ;         ; Column I/O ;                 ; no       ; On           ;
; T16      ; 171        ; 4        ; RESERVED_INPUT_WITH_WEAK_PULLUP                           ;        ;              ;         ; Column I/O ;                 ; no       ; On           ;
; T17      ; 181        ; 5        ; RESERVED_INPUT_WITH_WEAK_PULLUP                           ;        ;              ;         ; Row I/O    ;                 ; no       ; On           ;
; T18      ; 182        ; 5        ; RESERVED_INPUT_WITH_WEAK_PULLUP                           ;        ;              ;         ; Row I/O    ;                 ; no       ; On           ;
; T19      ;            ; 5        ; VCCIO5                                                    ; power  ;              ; 2.5V    ; --         ;                 ; --       ; --           ;
; T20      ;            ;          ; GND                                                       ; gnd    ;              ;         ; --         ;                 ; --       ; --           ;
; T21      ; 224        ; 5        ; GND+                                                      ;        ;              ;         ; Row I/O    ;                 ; --       ; --           ;
; T22      ; 223        ; 5        ; GND+                                                      ;        ;              ;         ; Row I/O    ;                 ; --       ; --           ;
; U1       ; 60         ; 2        ; RESERVED_INPUT_WITH_WEAK_PULLUP                           ;        ;              ;         ; Row I/O    ;                 ; no       ; On           ;
; U2       ; 59         ; 2        ; RESERVED_INPUT_WITH_WEAK_PULLUP                           ;        ;              ;         ; Row I/O    ;                 ; no       ; On           ;
; U3       ;            ;          ; GND                                                       ; gnd    ;              ;         ; --         ;                 ; --       ; --           ;
; U4       ;            ; 2        ; VCCIO2                                                    ; power  ;              ; 2.5V    ; --         ;                 ; --       ; --           ;
; U5       ;            ;          ; GNDA1                                                     ; gnd    ;              ;         ; --         ;                 ; --       ; --           ;
; U6       ;            ;          ; VCCD_PLL1                                                 ; power  ;              ; 1.2V    ; --         ;                 ; --       ; --           ;
; U7       ; 94         ; 3        ; RESERVED_INPUT_WITH_WEAK_PULLUP                           ;        ;              ;         ; Column I/O ;                 ; no       ; On           ;
; U8       ; 95         ; 3        ; RESERVED_INPUT_WITH_WEAK_PULLUP                           ;        ;              ;         ; Column I/O ;                 ; no       ; On           ;
; U9       ; 112        ; 3        ; RESERVED_INPUT_WITH_WEAK_PULLUP                           ;        ;              ;         ; Column I/O ;                 ; no       ; On           ;
; U10      ; 122        ; 3        ; RESERVED_INPUT_WITH_WEAK_PULLUP                           ;        ;              ;         ; Column I/O ;                 ; no       ; On           ;
; U11      ; 128        ; 3        ; RESERVED_INPUT_WITH_WEAK_PULLUP                           ;        ;              ;         ; Column I/O ;                 ; no       ; On           ;
; U12      ; 147        ; 4        ; RESERVED_INPUT_WITH_WEAK_PULLUP                           ;        ;              ;         ; Column I/O ;                 ; no       ; On           ;
; U13      ; 156        ; 4        ; RESERVED_INPUT_WITH_WEAK_PULLUP                           ;        ;              ;         ; Column I/O ;                 ; no       ; On           ;
; U14      ; 174        ; 4        ; RESERVED_INPUT_WITH_WEAK_PULLUP                           ;        ;              ;         ; Column I/O ;                 ; no       ; On           ;
; U15      ; 173        ; 4        ; RESERVED_INPUT_WITH_WEAK_PULLUP                           ;        ;              ;         ; Column I/O ;                 ; no       ; On           ;
; U16      ;            ;          ; VCCINT                                                    ; power  ;              ; 1.2V    ; --         ;                 ; --       ; --           ;
; U17      ;            ;          ; VCCINT                                                    ; power  ;              ; 1.2V    ; --         ;                 ; --       ; --           ;
; U18      ;            ; --       ; VCCA4                                                     ; power  ;              ; 2.5V    ; --         ;                 ; --       ; --           ;
; U19      ; 188        ; 5        ; RESERVED_INPUT_WITH_WEAK_PULLUP                           ;        ;              ;         ; Row I/O    ;                 ; no       ; On           ;
; U20      ; 187        ; 5        ; RESERVED_INPUT_WITH_WEAK_PULLUP                           ;        ;              ;         ; Row I/O    ;                 ; no       ; On           ;
; U21      ; 202        ; 5        ; RESERVED_INPUT_WITH_WEAK_PULLUP                           ;        ;              ;         ; Row I/O    ;                 ; no       ; On           ;
; U22      ; 201        ; 5        ; RESERVED_INPUT_WITH_WEAK_PULLUP                           ;        ;              ;         ; Row I/O    ;                 ; no       ; On           ;
; V1       ; 62         ; 2        ; RESERVED_INPUT_WITH_WEAK_PULLUP                           ;        ;              ;         ; Row I/O    ;                 ; no       ; On           ;
; V2       ; 61         ; 2        ; RESERVED_INPUT_WITH_WEAK_PULLUP                           ;        ;              ;         ; Row I/O    ;                 ; no       ; On           ;
; V3       ; 78         ; 2        ; RESERVED_INPUT_WITH_WEAK_PULLUP                           ;        ;              ;         ; Row I/O    ;                 ; no       ; On           ;
; V4       ; 77         ; 2        ; RESERVED_INPUT_WITH_WEAK_PULLUP                           ;        ;              ;         ; Row I/O    ;                 ; no       ; On           ;
; V5       ; 93         ; 3        ; RESERVED_INPUT_WITH_WEAK_PULLUP                           ;        ;              ;         ; Column I/O ;                 ; no       ; On           ;
; V6       ; 92         ; 3        ; RESERVED_INPUT_WITH_WEAK_PULLUP                           ;        ;              ;         ; Column I/O ;                 ; no       ; On           ;
; V7       ; 105        ; 3        ; RESERVED_INPUT_WITH_WEAK_PULLUP                           ;        ;              ;         ; Column I/O ;                 ; no       ; On           ;
; V8       ; 113        ; 3        ; RESERVED_INPUT_WITH_WEAK_PULLUP                           ;        ;              ;         ; Column I/O ;                 ; no       ; On           ;
; V9       ; 119        ; 3        ; RESERVED_INPUT_WITH_WEAK_PULLUP                           ;        ;              ;         ; Column I/O ;                 ; --       ; --           ;
; V10      ; 120        ; 3        ; RESERVED_INPUT_WITH_WEAK_PULLUP                           ;        ;              ;         ; Column I/O ;                 ; no       ; On           ;
; V11      ; 129        ; 3        ; RESERVED_INPUT_WITH_WEAK_PULLUP                           ;        ;              ;         ; Column I/O ;                 ; no       ; On           ;
; V12      ; 142        ; 4        ; RESERVED_INPUT_WITH_WEAK_PULLUP                           ;        ;              ;         ; Column I/O ;                 ; no       ; On           ;
; V13      ; 154        ; 4        ; RESERVED_INPUT_WITH_WEAK_PULLUP                           ;        ;              ;         ; Column I/O ;                 ; no       ; On           ;
; V14      ; 157        ; 4        ; RESERVED_INPUT_WITH_WEAK_PULLUP                           ;        ;              ;         ; Column I/O ;                 ; no       ; On           ;
; V15      ; 158        ; 4        ; RESERVED_INPUT_WITH_WEAK_PULLUP                           ;        ;              ;         ; Column I/O ;                 ; no       ; On           ;
; V16      ; 168        ; 4        ; RESERVED_INPUT_WITH_WEAK_PULLUP                           ;        ;              ;         ; Column I/O ;                 ; --       ; --           ;
; V17      ;            ;          ; VCCD_PLL4                                                 ; power  ;              ; 1.2V    ; --         ;                 ; --       ; --           ;
; V18      ;            ;          ; GNDA4                                                     ; gnd    ;              ;         ; --         ;                 ; --       ; --           ;
; V19      ;            ; 5        ; VCCIO5                                                    ; power  ;              ; 2.5V    ; --         ;                 ; --       ; --           ;
; V20      ;            ;          ; GND                                                       ; gnd    ;              ;         ; --         ;                 ; --       ; --           ;
; V21      ; 199        ; 5        ; RESERVED_INPUT_WITH_WEAK_PULLUP                           ;        ;              ;         ; Row I/O    ;                 ; no       ; On           ;
; V22      ; 198        ; 5        ; RESERVED_INPUT_WITH_WEAK_PULLUP                           ;        ;              ;         ; Row I/O    ;                 ; no       ; On           ;
; W1       ; 69         ; 2        ; RESERVED_INPUT_WITH_WEAK_PULLUP                           ;        ;              ;         ; Row I/O    ;                 ; no       ; On           ;
; W2       ; 68         ; 2        ; RESERVED_INPUT_WITH_WEAK_PULLUP                           ;        ;              ;         ; Row I/O    ;                 ; no       ; On           ;
; W3       ;            ;          ; GND                                                       ; gnd    ;              ;         ; --         ;                 ; --       ; --           ;
; W4       ;            ; 2        ; VCCIO2                                                    ; power  ;              ; 2.5V    ; --         ;                 ; --       ; --           ;
; W5       ;            ; 3        ; VCCIO3                                                    ; power  ;              ; 2.5V    ; --         ;                 ; --       ; --           ;
; W6       ; 104        ; 3        ; RESERVED_INPUT_WITH_WEAK_PULLUP                           ;        ;              ;         ; Column I/O ;                 ; no       ; On           ;
; W7       ; 110        ; 3        ; RESERVED_INPUT_WITH_WEAK_PULLUP                           ;        ;              ;         ; Column I/O ;                 ; no       ; On           ;
; W8       ; 114        ; 3        ; RESERVED_INPUT_WITH_WEAK_PULLUP                           ;        ;              ;         ; Column I/O ;                 ; no       ; On           ;
; W9       ;            ; 3        ; VCCIO3                                                    ; power  ;              ; 2.5V    ; --         ;                 ; --       ; --           ;
; W10      ; 130        ; 3        ; RESERVED_INPUT_WITH_WEAK_PULLUP                           ;        ;              ;         ; Column I/O ;                 ; no       ; On           ;
; W11      ;            ; 3        ; VCCIO3                                                    ; power  ;              ; 2.5V    ; --         ;                 ; --       ; --           ;
; W12      ;            ; 4        ; VCCIO4                                                    ; power  ;              ; 2.5V    ; --         ;                 ; --       ; --           ;
; W13      ; 143        ; 4        ; RESERVED_INPUT_WITH_WEAK_PULLUP                           ;        ;              ;         ; Column I/O ;                 ; no       ; On           ;
; W14      ; 155        ; 4        ; RESERVED_INPUT_WITH_WEAK_PULLUP                           ;        ;              ;         ; Column I/O ;                 ; --       ; --           ;
; W15      ; 159        ; 4        ; RESERVED_INPUT_WITH_WEAK_PULLUP                           ;        ;              ;         ; Column I/O ;                 ; no       ; On           ;
; W16      ;            ; 4        ; VCCIO4                                                    ; power  ;              ; 2.5V    ; --         ;                 ; --       ; --           ;
; W17      ; 166        ; 4        ; RESERVED_INPUT_WITH_WEAK_PULLUP                           ;        ;              ;         ; Column I/O ;                 ; no       ; On           ;
; W18      ;            ; 4        ; VCCIO4                                                    ; power  ;              ; 2.5V    ; --         ;                 ; --       ; --           ;
; W19      ; 184        ; 5        ; RESERVED_INPUT_WITH_WEAK_PULLUP                           ;        ;              ;         ; Row I/O    ;                 ; no       ; On           ;
; W20      ; 183        ; 5        ; RESERVED_INPUT_WITH_WEAK_PULLUP                           ;        ;              ;         ; Row I/O    ;                 ; no       ; On           ;
; W21      ; 191        ; 5        ; RESERVED_INPUT_WITH_WEAK_PULLUP                           ;        ;              ;         ; Row I/O    ;                 ; no       ; On           ;
; W22      ; 190        ; 5        ; RESERVED_INPUT_WITH_WEAK_PULLUP                           ;        ;              ;         ; Row I/O    ;                 ; no       ; On           ;
; Y1       ; 71         ; 2        ; RESERVED_INPUT_WITH_WEAK_PULLUP                           ;        ;              ;         ; Row I/O    ;                 ; no       ; On           ;
; Y2       ; 70         ; 2        ; RESERVED_INPUT_WITH_WEAK_PULLUP                           ;        ;              ;         ; Row I/O    ;                 ; no       ; On           ;
; Y3       ; 99         ; 3        ; RESERVED_INPUT_WITH_WEAK_PULLUP                           ;        ;              ;         ; Column I/O ;                 ; no       ; On           ;
; Y4       ; 96         ; 3        ; RESERVED_INPUT_WITH_WEAK_PULLUP                           ;        ;              ;         ; Column I/O ;                 ; --       ; --           ;
; Y5       ;            ;          ; GND                                                       ; gnd    ;              ;         ; --         ;                 ; --       ; --           ;
; Y6       ; 101        ; 3        ; RESERVED_INPUT_WITH_WEAK_PULLUP                           ;        ;              ;         ; Column I/O ;                 ; no       ; On           ;
; Y7       ; 111        ; 3        ; RESERVED_INPUT_WITH_WEAK_PULLUP                           ;        ;              ;         ; Column I/O ;                 ; no       ; On           ;
; Y8       ; 117        ; 3        ; RESERVED_INPUT_WITH_WEAK_PULLUP                           ;        ;              ;         ; Column I/O ;                 ; no       ; On           ;
; Y9       ;            ;          ; GND                                                       ; gnd    ;              ;         ; --         ;                 ; --       ; --           ;
; Y10      ; 131        ; 3        ; RESERVED_INPUT_WITH_WEAK_PULLUP                           ;        ;              ;         ; Column I/O ;                 ; no       ; On           ;
; Y11      ;            ;          ; GND                                                       ; gnd    ;              ;         ; --         ;                 ; --       ; --           ;
; Y12      ;            ;          ; GND                                                       ; gnd    ;              ;         ; --         ;                 ; --       ; --           ;
; Y13      ; 144        ; 4        ; RESERVED_INPUT_WITH_WEAK_PULLUP                           ;        ;              ;         ; Column I/O ;                 ; no       ; On           ;
; Y14      ;            ; 4        ; VCCIO4                                                    ; power  ;              ; 2.5V    ; --         ;                 ; --       ; --           ;
; Y15      ;            ;          ; GND                                                       ; gnd    ;              ;         ; --         ;                 ; --       ; --           ;
; Y16      ;            ;          ; GND                                                       ; gnd    ;              ;         ; --         ;                 ; --       ; --           ;
; Y17      ; 167        ; 4        ; RESERVED_INPUT_WITH_WEAK_PULLUP                           ;        ;              ;         ; Column I/O ;                 ; no       ; On           ;
; Y18      ;            ;          ; GND                                                       ; gnd    ;              ;         ; --         ;                 ; --       ; --           ;
; Y19      ;            ; 5        ; VCCIO5                                                    ; power  ;              ; 2.5V    ; --         ;                 ; --       ; --           ;
; Y20      ;            ;          ; GND                                                       ; gnd    ;              ;         ; --         ;                 ; --       ; --           ;
; Y21      ; 186        ; 5        ; RESERVED_INPUT_WITH_WEAK_PULLUP                           ;        ;              ;         ; Row I/O    ;                 ; no       ; On           ;
; Y22      ; 185        ; 5        ; RESERVED_INPUT_WITH_WEAK_PULLUP                           ;        ;              ;         ; Row I/O    ;                 ; no       ; On           ;
+----------+------------+----------+-----------------------------------------------------------+--------+--------------+---------+------------+-----------------+----------+--------------+
Note: Pin directions (input, output or bidir) are based on device operating in user mode.


+--------------------------------------------------------------------------------------------------------------------------------------------------------------------------------------------------------------------------------------------------------------------------------------------------------------------------------------------------------------------------------------------------------------+
; Fitter Resource Utilization by Entity                                                                                                                                                                                                                                                                                                                                                                        ;
+-------------------------------------------+-------------+---------------------------+---------------+-------------+------+--------------+---------+-----------+------+--------------+--------------+-------------------+------------------+---------------------------------------------------------------------------------------------------------------------------------------------------+--------------+
; Compilation Hierarchy Node                ; Logic Cells ; Dedicated Logic Registers ; I/O Registers ; Memory Bits ; M9Ks ; DSP Elements ; DSP 9x9 ; DSP 18x18 ; Pins ; Virtual Pins ; LUT-Only LCs ; Register-Only LCs ; LUT/Register LCs ; Full Hierarchy Name                                                                                                                               ; Library Name ;
+-------------------------------------------+-------------+---------------------------+---------------+-------------+------+--------------+---------+-----------+------+--------------+--------------+-------------------+------------------+---------------------------------------------------------------------------------------------------------------------------------------------------+--------------+
; |maquina_expendedora                      ; 3527 (30)   ; 540 (2)                   ; 0 (0)         ; 0           ; 0    ; 0            ; 0       ; 0         ; 54   ; 0            ; 2987 (28)    ; 36 (2)            ; 504 (1)          ; |maquina_expendedora                                                                                                                              ; work         ;
;    |BUZZER:U_BUZZER|                      ; 23 (23)     ; 17 (17)                   ; 0 (0)         ; 0           ; 0    ; 0            ; 0       ; 0         ; 0    ; 0            ; 6 (6)        ; 0 (0)             ; 17 (17)          ; |maquina_expendedora|BUZZER:U_BUZZER                                                                                                              ; work         ;
;    |RESTADOR:URES|                        ; 26 (26)     ; 13 (13)                   ; 0 (0)         ; 0           ; 0    ; 0            ; 0       ; 0         ; 0    ; 0            ; 13 (13)      ; 1 (1)             ; 12 (12)          ; |maquina_expendedora|RESTADOR:URES                                                                                                                ; work         ;
;    |bin_bcd:U_bcd1|                       ; 450 (0)     ; 0 (0)                     ; 0 (0)         ; 0           ; 0    ; 0            ; 0       ; 0         ; 0    ; 0            ; 450 (0)      ; 0 (0)             ; 0 (0)            ; |maquina_expendedora|bin_bcd:U_bcd1                                                                                                               ; work         ;
;       |lpm_divide:Div2|                   ; 140 (0)     ; 0 (0)                     ; 0 (0)         ; 0           ; 0    ; 0            ; 0       ; 0         ; 0    ; 0            ; 140 (0)      ; 0 (0)             ; 0 (0)            ; |maquina_expendedora|bin_bcd:U_bcd1|lpm_divide:Div2                                                                                               ; work         ;
;          |lpm_divide_nhm:auto_generated|  ; 140 (0)     ; 0 (0)                     ; 0 (0)         ; 0           ; 0    ; 0            ; 0       ; 0         ; 0    ; 0            ; 140 (0)      ; 0 (0)             ; 0 (0)            ; |maquina_expendedora|bin_bcd:U_bcd1|lpm_divide:Div2|lpm_divide_nhm:auto_generated                                                                 ; work         ;
;             |sign_div_unsign_olh:divider| ; 140 (0)     ; 0 (0)                     ; 0 (0)         ; 0           ; 0    ; 0            ; 0       ; 0         ; 0    ; 0            ; 140 (0)      ; 0 (0)             ; 0 (0)            ; |maquina_expendedora|bin_bcd:U_bcd1|lpm_divide:Div2|lpm_divide_nhm:auto_generated|sign_div_unsign_olh:divider                                     ; work         ;
;                |alt_u_div_r5f:divider|    ; 140 (140)   ; 0 (0)                     ; 0 (0)         ; 0           ; 0    ; 0            ; 0       ; 0         ; 0    ; 0            ; 140 (140)    ; 0 (0)             ; 0 (0)            ; |maquina_expendedora|bin_bcd:U_bcd1|lpm_divide:Div2|lpm_divide_nhm:auto_generated|sign_div_unsign_olh:divider|alt_u_div_r5f:divider               ; work         ;
;       |lpm_divide:Mod1|                   ; 34 (0)      ; 0 (0)                     ; 0 (0)         ; 0           ; 0    ; 0            ; 0       ; 0         ; 0    ; 0            ; 34 (0)       ; 0 (0)             ; 0 (0)            ; |maquina_expendedora|bin_bcd:U_bcd1|lpm_divide:Mod1                                                                                               ; work         ;
;          |lpm_divide_bbm:auto_generated|  ; 34 (0)      ; 0 (0)                     ; 0 (0)         ; 0           ; 0    ; 0            ; 0       ; 0         ; 0    ; 0            ; 34 (0)       ; 0 (0)             ; 0 (0)            ; |maquina_expendedora|bin_bcd:U_bcd1|lpm_divide:Mod1|lpm_divide_bbm:auto_generated                                                                 ; work         ;
;             |sign_div_unsign_9nh:divider| ; 34 (0)      ; 0 (0)                     ; 0 (0)         ; 0           ; 0    ; 0            ; 0       ; 0         ; 0    ; 0            ; 34 (0)       ; 0 (0)             ; 0 (0)            ; |maquina_expendedora|bin_bcd:U_bcd1|lpm_divide:Mod1|lpm_divide_bbm:auto_generated|sign_div_unsign_9nh:divider                                     ; work         ;
;                |alt_u_div_t8f:divider|    ; 34 (34)     ; 0 (0)                     ; 0 (0)         ; 0           ; 0    ; 0            ; 0       ; 0         ; 0    ; 0            ; 34 (34)      ; 0 (0)             ; 0 (0)            ; |maquina_expendedora|bin_bcd:U_bcd1|lpm_divide:Mod1|lpm_divide_bbm:auto_generated|sign_div_unsign_9nh:divider|alt_u_div_t8f:divider               ; work         ;
;       |lpm_divide:Mod2|                   ; 276 (0)     ; 0 (0)                     ; 0 (0)         ; 0           ; 0    ; 0            ; 0       ; 0         ; 0    ; 0            ; 276 (0)      ; 0 (0)             ; 0 (0)            ; |maquina_expendedora|bin_bcd:U_bcd1|lpm_divide:Mod2                                                                                               ; work         ;
;          |lpm_divide_bbm:auto_generated|  ; 276 (0)     ; 0 (0)                     ; 0 (0)         ; 0           ; 0    ; 0            ; 0       ; 0         ; 0    ; 0            ; 276 (0)      ; 0 (0)             ; 0 (0)            ; |maquina_expendedora|bin_bcd:U_bcd1|lpm_divide:Mod2|lpm_divide_bbm:auto_generated                                                                 ; work         ;
;             |sign_div_unsign_9nh:divider| ; 276 (0)     ; 0 (0)                     ; 0 (0)         ; 0           ; 0    ; 0            ; 0       ; 0         ; 0    ; 0            ; 276 (0)      ; 0 (0)             ; 0 (0)            ; |maquina_expendedora|bin_bcd:U_bcd1|lpm_divide:Mod2|lpm_divide_bbm:auto_generated|sign_div_unsign_9nh:divider                                     ; work         ;
;                |alt_u_div_t8f:divider|    ; 276 (276)   ; 0 (0)                     ; 0 (0)         ; 0           ; 0    ; 0            ; 0       ; 0         ; 0    ; 0            ; 276 (276)    ; 0 (0)             ; 0 (0)            ; |maquina_expendedora|bin_bcd:U_bcd1|lpm_divide:Mod2|lpm_divide_bbm:auto_generated|sign_div_unsign_9nh:divider|alt_u_div_t8f:divider               ; work         ;
;    |bin_bcd:U_bcd2|                       ; 19 (0)      ; 0 (0)                     ; 0 (0)         ; 0           ; 0    ; 0            ; 0       ; 0         ; 0    ; 0            ; 19 (0)       ; 0 (0)             ; 0 (0)            ; |maquina_expendedora|bin_bcd:U_bcd2                                                                                                               ; work         ;
;       |lpm_divide:Div2|                   ; 5 (0)       ; 0 (0)                     ; 0 (0)         ; 0           ; 0    ; 0            ; 0       ; 0         ; 0    ; 0            ; 5 (0)        ; 0 (0)             ; 0 (0)            ; |maquina_expendedora|bin_bcd:U_bcd2|lpm_divide:Div2                                                                                               ; work         ;
;          |lpm_divide_nhm:auto_generated|  ; 5 (0)       ; 0 (0)                     ; 0 (0)         ; 0           ; 0    ; 0            ; 0       ; 0         ; 0    ; 0            ; 5 (0)        ; 0 (0)             ; 0 (0)            ; |maquina_expendedora|bin_bcd:U_bcd2|lpm_divide:Div2|lpm_divide_nhm:auto_generated                                                                 ; work         ;
;             |sign_div_unsign_olh:divider| ; 5 (0)       ; 0 (0)                     ; 0 (0)         ; 0           ; 0    ; 0            ; 0       ; 0         ; 0    ; 0            ; 5 (0)        ; 0 (0)             ; 0 (0)            ; |maquina_expendedora|bin_bcd:U_bcd2|lpm_divide:Div2|lpm_divide_nhm:auto_generated|sign_div_unsign_olh:divider                                     ; work         ;
;                |alt_u_div_r5f:divider|    ; 5 (5)       ; 0 (0)                     ; 0 (0)         ; 0           ; 0    ; 0            ; 0       ; 0         ; 0    ; 0            ; 5 (5)        ; 0 (0)             ; 0 (0)            ; |maquina_expendedora|bin_bcd:U_bcd2|lpm_divide:Div2|lpm_divide_nhm:auto_generated|sign_div_unsign_olh:divider|alt_u_div_r5f:divider               ; work         ;
;       |lpm_divide:Mod2|                   ; 14 (0)      ; 0 (0)                     ; 0 (0)         ; 0           ; 0    ; 0            ; 0       ; 0         ; 0    ; 0            ; 14 (0)       ; 0 (0)             ; 0 (0)            ; |maquina_expendedora|bin_bcd:U_bcd2|lpm_divide:Mod2                                                                                               ; work         ;
;          |lpm_divide_bbm:auto_generated|  ; 14 (0)      ; 0 (0)                     ; 0 (0)         ; 0           ; 0    ; 0            ; 0       ; 0         ; 0    ; 0            ; 14 (0)       ; 0 (0)             ; 0 (0)            ; |maquina_expendedora|bin_bcd:U_bcd2|lpm_divide:Mod2|lpm_divide_bbm:auto_generated                                                                 ; work         ;
;             |sign_div_unsign_9nh:divider| ; 14 (0)      ; 0 (0)                     ; 0 (0)         ; 0           ; 0    ; 0            ; 0       ; 0         ; 0    ; 0            ; 14 (0)       ; 0 (0)             ; 0 (0)            ; |maquina_expendedora|bin_bcd:U_bcd2|lpm_divide:Mod2|lpm_divide_bbm:auto_generated|sign_div_unsign_9nh:divider                                     ; work         ;
;                |alt_u_div_t8f:divider|    ; 14 (14)     ; 0 (0)                     ; 0 (0)         ; 0           ; 0    ; 0            ; 0       ; 0         ; 0    ; 0            ; 14 (14)      ; 0 (0)             ; 0 (0)            ; |maquina_expendedora|bin_bcd:U_bcd2|lpm_divide:Mod2|lpm_divide_bbm:auto_generated|sign_div_unsign_9nh:divider|alt_u_div_t8f:divider               ; work         ;
;    |bin_bcd:U_bcd3|                       ; 1124 (0)    ; 0 (0)                     ; 0 (0)         ; 0           ; 0    ; 0            ; 0       ; 0         ; 0    ; 0            ; 1124 (0)     ; 0 (0)             ; 0 (0)            ; |maquina_expendedora|bin_bcd:U_bcd3                                                                                                               ; work         ;
;       |lpm_divide:Div0|                   ; 123 (0)     ; 0 (0)                     ; 0 (0)         ; 0           ; 0    ; 0            ; 0       ; 0         ; 0    ; 0            ; 123 (0)      ; 0 (0)             ; 0 (0)            ; |maquina_expendedora|bin_bcd:U_bcd3|lpm_divide:Div0                                                                                               ; work         ;
;          |lpm_divide_4jm:auto_generated|  ; 123 (0)     ; 0 (0)                     ; 0 (0)         ; 0           ; 0    ; 0            ; 0       ; 0         ; 0    ; 0            ; 123 (0)      ; 0 (0)             ; 0 (0)            ; |maquina_expendedora|bin_bcd:U_bcd3|lpm_divide:Div0|lpm_divide_4jm:auto_generated                                                                 ; work         ;
;             |sign_div_unsign_5nh:divider| ; 123 (0)     ; 0 (0)                     ; 0 (0)         ; 0           ; 0    ; 0            ; 0       ; 0         ; 0    ; 0            ; 123 (0)      ; 0 (0)             ; 0 (0)            ; |maquina_expendedora|bin_bcd:U_bcd3|lpm_divide:Div0|lpm_divide_4jm:auto_generated|sign_div_unsign_5nh:divider                                     ; work         ;
;                |alt_u_div_l8f:divider|    ; 123 (123)   ; 0 (0)                     ; 0 (0)         ; 0           ; 0    ; 0            ; 0       ; 0         ; 0    ; 0            ; 123 (123)    ; 0 (0)             ; 0 (0)            ; |maquina_expendedora|bin_bcd:U_bcd3|lpm_divide:Div0|lpm_divide_4jm:auto_generated|sign_div_unsign_5nh:divider|alt_u_div_l8f:divider               ; work         ;
;       |lpm_divide:Div1|                   ; 164 (0)     ; 0 (0)                     ; 0 (0)         ; 0           ; 0    ; 0            ; 0       ; 0         ; 0    ; 0            ; 164 (0)      ; 0 (0)             ; 0 (0)            ; |maquina_expendedora|bin_bcd:U_bcd3|lpm_divide:Div1                                                                                               ; work         ;
;          |lpm_divide_qhm:auto_generated|  ; 164 (0)     ; 0 (0)                     ; 0 (0)         ; 0           ; 0    ; 0            ; 0       ; 0         ; 0    ; 0            ; 164 (0)      ; 0 (0)             ; 0 (0)            ; |maquina_expendedora|bin_bcd:U_bcd3|lpm_divide:Div1|lpm_divide_qhm:auto_generated                                                                 ; work         ;
;             |sign_div_unsign_rlh:divider| ; 164 (0)     ; 0 (0)                     ; 0 (0)         ; 0           ; 0    ; 0            ; 0       ; 0         ; 0    ; 0            ; 164 (0)      ; 0 (0)             ; 0 (0)            ; |maquina_expendedora|bin_bcd:U_bcd3|lpm_divide:Div1|lpm_divide_qhm:auto_generated|sign_div_unsign_rlh:divider                                     ; work         ;
;                |alt_u_div_16f:divider|    ; 164 (164)   ; 0 (0)                     ; 0 (0)         ; 0           ; 0    ; 0            ; 0       ; 0         ; 0    ; 0            ; 164 (164)    ; 0 (0)             ; 0 (0)            ; |maquina_expendedora|bin_bcd:U_bcd3|lpm_divide:Div1|lpm_divide_qhm:auto_generated|sign_div_unsign_rlh:divider|alt_u_div_16f:divider               ; work         ;
;       |lpm_divide:Div2|                   ; 140 (0)     ; 0 (0)                     ; 0 (0)         ; 0           ; 0    ; 0            ; 0       ; 0         ; 0    ; 0            ; 140 (0)      ; 0 (0)             ; 0 (0)            ; |maquina_expendedora|bin_bcd:U_bcd3|lpm_divide:Div2                                                                                               ; work         ;
;          |lpm_divide_nhm:auto_generated|  ; 140 (0)     ; 0 (0)                     ; 0 (0)         ; 0           ; 0    ; 0            ; 0       ; 0         ; 0    ; 0            ; 140 (0)      ; 0 (0)             ; 0 (0)            ; |maquina_expendedora|bin_bcd:U_bcd3|lpm_divide:Div2|lpm_divide_nhm:auto_generated                                                                 ; work         ;
;             |sign_div_unsign_olh:divider| ; 140 (0)     ; 0 (0)                     ; 0 (0)         ; 0           ; 0    ; 0            ; 0       ; 0         ; 0    ; 0            ; 140 (0)      ; 0 (0)             ; 0 (0)            ; |maquina_expendedora|bin_bcd:U_bcd3|lpm_divide:Div2|lpm_divide_nhm:auto_generated|sign_div_unsign_olh:divider                                     ; work         ;
;                |alt_u_div_r5f:divider|    ; 140 (140)   ; 0 (0)                     ; 0 (0)         ; 0           ; 0    ; 0            ; 0       ; 0         ; 0    ; 0            ; 140 (140)    ; 0 (0)             ; 0 (0)            ; |maquina_expendedora|bin_bcd:U_bcd3|lpm_divide:Div2|lpm_divide_nhm:auto_generated|sign_div_unsign_olh:divider|alt_u_div_r5f:divider               ; work         ;
;       |lpm_divide:Mod0|                   ; 171 (0)     ; 0 (0)                     ; 0 (0)         ; 0           ; 0    ; 0            ; 0       ; 0         ; 0    ; 0            ; 171 (0)      ; 0 (0)             ; 0 (0)            ; |maquina_expendedora|bin_bcd:U_bcd3|lpm_divide:Mod0                                                                                               ; work         ;
;          |lpm_divide_bbm:auto_generated|  ; 171 (0)     ; 0 (0)                     ; 0 (0)         ; 0           ; 0    ; 0            ; 0       ; 0         ; 0    ; 0            ; 171 (0)      ; 0 (0)             ; 0 (0)            ; |maquina_expendedora|bin_bcd:U_bcd3|lpm_divide:Mod0|lpm_divide_bbm:auto_generated                                                                 ; work         ;
;             |sign_div_unsign_9nh:divider| ; 171 (0)     ; 0 (0)                     ; 0 (0)         ; 0           ; 0    ; 0            ; 0       ; 0         ; 0    ; 0            ; 171 (0)      ; 0 (0)             ; 0 (0)            ; |maquina_expendedora|bin_bcd:U_bcd3|lpm_divide:Mod0|lpm_divide_bbm:auto_generated|sign_div_unsign_9nh:divider                                     ; work         ;
;                |alt_u_div_t8f:divider|    ; 171 (171)   ; 0 (0)                     ; 0 (0)         ; 0           ; 0    ; 0            ; 0       ; 0         ; 0    ; 0            ; 171 (171)    ; 0 (0)             ; 0 (0)            ; |maquina_expendedora|bin_bcd:U_bcd3|lpm_divide:Mod0|lpm_divide_bbm:auto_generated|sign_div_unsign_9nh:divider|alt_u_div_t8f:divider               ; work         ;
;       |lpm_divide:Mod1|                   ; 251 (0)     ; 0 (0)                     ; 0 (0)         ; 0           ; 0    ; 0            ; 0       ; 0         ; 0    ; 0            ; 251 (0)      ; 0 (0)             ; 0 (0)            ; |maquina_expendedora|bin_bcd:U_bcd3|lpm_divide:Mod1                                                                                               ; work         ;
;          |lpm_divide_bbm:auto_generated|  ; 251 (0)     ; 0 (0)                     ; 0 (0)         ; 0           ; 0    ; 0            ; 0       ; 0         ; 0    ; 0            ; 251 (0)      ; 0 (0)             ; 0 (0)            ; |maquina_expendedora|bin_bcd:U_bcd3|lpm_divide:Mod1|lpm_divide_bbm:auto_generated                                                                 ; work         ;
;             |sign_div_unsign_9nh:divider| ; 251 (0)     ; 0 (0)                     ; 0 (0)         ; 0           ; 0    ; 0            ; 0       ; 0         ; 0    ; 0            ; 251 (0)      ; 0 (0)             ; 0 (0)            ; |maquina_expendedora|bin_bcd:U_bcd3|lpm_divide:Mod1|lpm_divide_bbm:auto_generated|sign_div_unsign_9nh:divider                                     ; work         ;
;                |alt_u_div_t8f:divider|    ; 251 (251)   ; 0 (0)                     ; 0 (0)         ; 0           ; 0    ; 0            ; 0       ; 0         ; 0    ; 0            ; 251 (251)    ; 0 (0)             ; 0 (0)            ; |maquina_expendedora|bin_bcd:U_bcd3|lpm_divide:Mod1|lpm_divide_bbm:auto_generated|sign_div_unsign_9nh:divider|alt_u_div_t8f:divider               ; work         ;
;       |lpm_divide:Mod2|                   ; 275 (0)     ; 0 (0)                     ; 0 (0)         ; 0           ; 0    ; 0            ; 0       ; 0         ; 0    ; 0            ; 275 (0)      ; 0 (0)             ; 0 (0)            ; |maquina_expendedora|bin_bcd:U_bcd3|lpm_divide:Mod2                                                                                               ; work         ;
;          |lpm_divide_bbm:auto_generated|  ; 275 (0)     ; 0 (0)                     ; 0 (0)         ; 0           ; 0    ; 0            ; 0       ; 0         ; 0    ; 0            ; 275 (0)      ; 0 (0)             ; 0 (0)            ; |maquina_expendedora|bin_bcd:U_bcd3|lpm_divide:Mod2|lpm_divide_bbm:auto_generated                                                                 ; work         ;
;             |sign_div_unsign_9nh:divider| ; 275 (0)     ; 0 (0)                     ; 0 (0)         ; 0           ; 0    ; 0            ; 0       ; 0         ; 0    ; 0            ; 275 (0)      ; 0 (0)             ; 0 (0)            ; |maquina_expendedora|bin_bcd:U_bcd3|lpm_divide:Mod2|lpm_divide_bbm:auto_generated|sign_div_unsign_9nh:divider                                     ; work         ;
;                |alt_u_div_t8f:divider|    ; 275 (275)   ; 0 (0)                     ; 0 (0)         ; 0           ; 0    ; 0            ; 0       ; 0         ; 0    ; 0            ; 275 (275)    ; 0 (0)             ; 0 (0)            ; |maquina_expendedora|bin_bcd:U_bcd3|lpm_divide:Mod2|lpm_divide_bbm:auto_generated|sign_div_unsign_9nh:divider|alt_u_div_t8f:divider               ; work         ;
;    |cont30:U_RESET_AUTO|                  ; 8 (8)       ; 5 (5)                     ; 0 (0)         ; 0           ; 0    ; 0            ; 0       ; 0         ; 0    ; 0            ; 3 (3)        ; 0 (0)             ; 5 (5)            ; |maquina_expendedora|cont30:U_RESET_AUTO                                                                                                          ; work         ;
;    |cont30:Ucont|                         ; 7 (7)       ; 5 (5)                     ; 0 (0)         ; 0           ; 0    ; 0            ; 0       ; 0         ; 0    ; 0            ; 2 (2)        ; 0 (0)             ; 5 (5)            ; |maquina_expendedora|cont30:Ucont                                                                                                                 ; work         ;
;    |div_2seg:U3|                          ; 48 (48)     ; 27 (27)                   ; 0 (0)         ; 0           ; 0    ; 0            ; 0       ; 0         ; 0    ; 0            ; 21 (21)      ; 0 (0)             ; 27 (27)          ; |maquina_expendedora|div_2seg:U3                                                                                                                  ; work         ;
;    |div_500ms:U2|                         ; 43 (43)     ; 20 (20)                   ; 0 (0)         ; 0           ; 0    ; 0            ; 0       ; 0         ; 0    ; 0            ; 23 (23)      ; 0 (0)             ; 20 (20)          ; |maquina_expendedora|div_500ms:U2                                                                                                                 ; work         ;
;    |div_50millones:U1|                    ; 45 (45)     ; 20 (20)                   ; 0 (0)         ; 0           ; 0    ; 0            ; 0       ; 0         ; 0    ; 0            ; 25 (25)      ; 1 (1)             ; 19 (19)          ; |maquina_expendedora|div_50millones:U1                                                                                                            ; work         ;
;    |fsm_maquina_expendedora:UFSM|         ; 964 (173)   ; 83 (83)                   ; 0 (0)         ; 0           ; 0    ; 0            ; 0       ; 0         ; 0    ; 0            ; 868 (87)     ; 8 (8)             ; 88 (78)          ; |maquina_expendedora|fsm_maquina_expendedora:UFSM                                                                                                 ; work         ;
;       |lpm_divide:Div0|                   ; 150 (0)     ; 0 (0)                     ; 0 (0)         ; 0           ; 0    ; 0            ; 0       ; 0         ; 0    ; 0            ; 150 (0)      ; 0 (0)             ; 0 (0)            ; |maquina_expendedora|fsm_maquina_expendedora:UFSM|lpm_divide:Div0                                                                                 ; work         ;
;          |lpm_divide_qhm:auto_generated|  ; 150 (0)     ; 0 (0)                     ; 0 (0)         ; 0           ; 0    ; 0            ; 0       ; 0         ; 0    ; 0            ; 150 (0)      ; 0 (0)             ; 0 (0)            ; |maquina_expendedora|fsm_maquina_expendedora:UFSM|lpm_divide:Div0|lpm_divide_qhm:auto_generated                                                   ; work         ;
;             |sign_div_unsign_rlh:divider| ; 150 (0)     ; 0 (0)                     ; 0 (0)         ; 0           ; 0    ; 0            ; 0       ; 0         ; 0    ; 0            ; 150 (0)      ; 0 (0)             ; 0 (0)            ; |maquina_expendedora|fsm_maquina_expendedora:UFSM|lpm_divide:Div0|lpm_divide_qhm:auto_generated|sign_div_unsign_rlh:divider                       ; work         ;
;                |alt_u_div_16f:divider|    ; 150 (150)   ; 0 (0)                     ; 0 (0)         ; 0           ; 0    ; 0            ; 0       ; 0         ; 0    ; 0            ; 150 (150)    ; 0 (0)             ; 0 (0)            ; |maquina_expendedora|fsm_maquina_expendedora:UFSM|lpm_divide:Div0|lpm_divide_qhm:auto_generated|sign_div_unsign_rlh:divider|alt_u_div_16f:divider ; work         ;
;       |lpm_divide:Div1|                   ; 179 (0)     ; 0 (0)                     ; 0 (0)         ; 0           ; 0    ; 0            ; 0       ; 0         ; 0    ; 0            ; 178 (0)      ; 0 (0)             ; 1 (0)            ; |maquina_expendedora|fsm_maquina_expendedora:UFSM|lpm_divide:Div1                                                                                 ; work         ;
;          |lpm_divide_u0p:auto_generated|  ; 179 (0)     ; 0 (0)                     ; 0 (0)         ; 0           ; 0    ; 0            ; 0       ; 0         ; 0    ; 0            ; 178 (0)      ; 0 (0)             ; 1 (0)            ; |maquina_expendedora|fsm_maquina_expendedora:UFSM|lpm_divide:Div1|lpm_divide_u0p:auto_generated                                                   ; work         ;
;             |abs_divider_2dg:divider|     ; 179 (4)     ; 0 (0)                     ; 0 (0)         ; 0           ; 0    ; 0            ; 0       ; 0         ; 0    ; 0            ; 178 (4)      ; 0 (0)             ; 1 (0)            ; |maquina_expendedora|fsm_maquina_expendedora:UFSM|lpm_divide:Div1|lpm_divide_u0p:auto_generated|abs_divider_2dg:divider                           ; work         ;
;                |alt_u_div_p8f:divider|    ; 166 (166)   ; 0 (0)                     ; 0 (0)         ; 0           ; 0    ; 0            ; 0       ; 0         ; 0    ; 0            ; 166 (166)    ; 0 (0)             ; 0 (0)            ; |maquina_expendedora|fsm_maquina_expendedora:UFSM|lpm_divide:Div1|lpm_divide_u0p:auto_generated|abs_divider_2dg:divider|alt_u_div_p8f:divider     ; work         ;
;                |lpm_abs_av9:my_abs_num|   ; 9 (9)       ; 0 (0)                     ; 0 (0)         ; 0           ; 0    ; 0            ; 0       ; 0         ; 0    ; 0            ; 8 (8)        ; 0 (0)             ; 1 (1)            ; |maquina_expendedora|fsm_maquina_expendedora:UFSM|lpm_divide:Div1|lpm_divide_u0p:auto_generated|abs_divider_2dg:divider|lpm_abs_av9:my_abs_num    ; work         ;
;       |lpm_divide:Div2|                   ; 221 (0)     ; 0 (0)                     ; 0 (0)         ; 0           ; 0    ; 0            ; 0       ; 0         ; 0    ; 0            ; 221 (0)      ; 0 (0)             ; 0 (0)            ; |maquina_expendedora|fsm_maquina_expendedora:UFSM|lpm_divide:Div2                                                                                 ; work         ;
;          |lpm_divide_v0p:auto_generated|  ; 221 (0)     ; 0 (0)                     ; 0 (0)         ; 0           ; 0    ; 0            ; 0       ; 0         ; 0    ; 0            ; 221 (0)      ; 0 (0)             ; 0 (0)            ; |maquina_expendedora|fsm_maquina_expendedora:UFSM|lpm_divide:Div2|lpm_divide_v0p:auto_generated                                                   ; work         ;
;             |abs_divider_3dg:divider|     ; 221 (0)     ; 0 (0)                     ; 0 (0)         ; 0           ; 0    ; 0            ; 0       ; 0         ; 0    ; 0            ; 221 (0)      ; 0 (0)             ; 0 (0)            ; |maquina_expendedora|fsm_maquina_expendedora:UFSM|lpm_divide:Div2|lpm_divide_v0p:auto_generated|abs_divider_3dg:divider                           ; work         ;
;                |alt_u_div_q8f:divider|    ; 201 (201)   ; 0 (0)                     ; 0 (0)         ; 0           ; 0    ; 0            ; 0       ; 0         ; 0    ; 0            ; 201 (201)    ; 0 (0)             ; 0 (0)            ; |maquina_expendedora|fsm_maquina_expendedora:UFSM|lpm_divide:Div2|lpm_divide_v0p:auto_generated|abs_divider_3dg:divider|alt_u_div_q8f:divider     ; work         ;
;                |lpm_abs_bv9:my_abs_num|   ; 20 (20)     ; 0 (0)                     ; 0 (0)         ; 0           ; 0    ; 0            ; 0       ; 0         ; 0    ; 0            ; 20 (20)      ; 0 (0)             ; 0 (0)            ; |maquina_expendedora|fsm_maquina_expendedora:UFSM|lpm_divide:Div2|lpm_divide_v0p:auto_generated|abs_divider_3dg:divider|lpm_abs_bv9:my_abs_num    ; work         ;
;       |lpm_divide:Mod0|                   ; 241 (0)     ; 0 (0)                     ; 0 (0)         ; 0           ; 0    ; 0            ; 0       ; 0         ; 0    ; 0            ; 232 (0)      ; 0 (0)             ; 9 (0)            ; |maquina_expendedora|fsm_maquina_expendedora:UFSM|lpm_divide:Mod0                                                                                 ; work         ;
;          |lpm_divide_5po:auto_generated|  ; 241 (0)     ; 0 (0)                     ; 0 (0)         ; 0           ; 0    ; 0            ; 0       ; 0         ; 0    ; 0            ; 232 (0)      ; 0 (0)             ; 9 (0)            ; |maquina_expendedora|fsm_maquina_expendedora:UFSM|lpm_divide:Mod0|lpm_divide_5po:auto_generated                                                   ; work         ;
;             |abs_divider_6dg:divider|     ; 241 (26)    ; 0 (0)                     ; 0 (0)         ; 0           ; 0    ; 0            ; 0       ; 0         ; 0    ; 0            ; 232 (26)     ; 0 (0)             ; 9 (0)            ; |maquina_expendedora|fsm_maquina_expendedora:UFSM|lpm_divide:Mod0|lpm_divide_5po:auto_generated|abs_divider_6dg:divider                           ; work         ;
;                |alt_u_div_19f:divider|    ; 203 (203)   ; 0 (0)                     ; 0 (0)         ; 0           ; 0    ; 0            ; 0       ; 0         ; 0    ; 0            ; 202 (202)    ; 0 (0)             ; 1 (1)            ; |maquina_expendedora|fsm_maquina_expendedora:UFSM|lpm_divide:Mod0|lpm_divide_5po:auto_generated|abs_divider_6dg:divider|alt_u_div_19f:divider     ; work         ;
;                |lpm_abs_av9:my_abs_num|   ; 12 (12)     ; 0 (0)                     ; 0 (0)         ; 0           ; 0    ; 0            ; 0       ; 0         ; 0    ; 0            ; 4 (4)        ; 0 (0)             ; 8 (8)            ; |maquina_expendedora|fsm_maquina_expendedora:UFSM|lpm_divide:Mod0|lpm_divide_5po:auto_generated|abs_divider_6dg:divider|lpm_abs_av9:my_abs_num    ; work         ;
;    |ram_stock:URAM|                       ; 62 (62)     ; 32 (32)                   ; 0 (0)         ; 0           ; 0    ; 0            ; 0       ; 0         ; 0    ; 0            ; 28 (28)      ; 14 (14)           ; 20 (20)          ; |maquina_expendedora|ram_stock:URAM                                                                                                               ; work         ;
;    |rom_productos:UROM|                   ; 9 (9)       ; 0 (0)                     ; 0 (0)         ; 0           ; 0    ; 0            ; 0       ; 0         ; 0    ; 0            ; 9 (9)        ; 0 (0)             ; 0 (0)            ; |maquina_expendedora|rom_productos:UROM                                                                                                           ; work         ;
;    |servo_giro180:U_SERVO1|               ; 117 (117)   ; 57 (57)                   ; 0 (0)         ; 0           ; 0    ; 0            ; 0       ; 0         ; 0    ; 0            ; 60 (60)      ; 2 (2)             ; 55 (55)          ; |maquina_expendedora|servo_giro180:U_SERVO1                                                                                                       ; work         ;
;    |servo_giro180:U_SERVO2|               ; 86 (86)     ; 37 (37)                   ; 0 (0)         ; 0           ; 0    ; 0            ; 0       ; 0         ; 0    ; 0            ; 49 (49)      ; 2 (2)             ; 35 (35)          ; |maquina_expendedora|servo_giro180:U_SERVO2                                                                                                       ; work         ;
;    |servo_puerta:U_SERVO_PUERTA|          ; 127 (127)   ; 62 (62)                   ; 0 (0)         ; 0           ; 0    ; 0            ; 0       ; 0         ; 0    ; 0            ; 65 (65)      ; 2 (2)             ; 60 (60)          ; |maquina_expendedora|servo_puerta:U_SERVO_PUERTA                                                                                                  ; work         ;
;    |servos_monedas:U_SERVOS_MONEDAS|      ; 174 (174)   ; 74 (74)                   ; 0 (0)         ; 0           ; 0    ; 0            ; 0       ; 0         ; 0    ; 0            ; 100 (100)    ; 3 (3)             ; 71 (71)          ; |maquina_expendedora|servos_monedas:U_SERVOS_MONEDAS                                                                                              ; work         ;
;    |sumador_saldo:U_saldo|                ; 152 (152)   ; 86 (86)                   ; 0 (0)         ; 0           ; 0    ; 0            ; 0       ; 0         ; 0    ; 0            ; 66 (66)      ; 1 (1)             ; 85 (85)          ; |maquina_expendedora|sumador_saldo:U_saldo                                                                                                        ; work         ;
;    |systemd:U_D0|                         ; 7 (7)       ; 0 (0)                     ; 0 (0)         ; 0           ; 0    ; 0            ; 0       ; 0         ; 0    ; 0            ; 7 (7)        ; 0 (0)             ; 0 (0)            ; |maquina_expendedora|systemd:U_D0                                                                                                                 ; work         ;
;    |systemd:U_D1|                         ; 7 (7)       ; 0 (0)                     ; 0 (0)         ; 0           ; 0    ; 0            ; 0       ; 0         ; 0    ; 0            ; 7 (7)        ; 0 (0)             ; 0 (0)            ; |maquina_expendedora|systemd:U_D1                                                                                                                 ; work         ;
;    |systemd:U_D2|                         ; 7 (7)       ; 0 (0)                     ; 0 (0)         ; 0           ; 0    ; 0            ; 0       ; 0         ; 0    ; 0            ; 7 (7)        ; 0 (0)             ; 0 (0)            ; |maquina_expendedora|systemd:U_D2                                                                                                                 ; work         ;
;    |systemd:U_D3|                         ; 7 (7)       ; 0 (0)                     ; 0 (0)         ; 0           ; 0    ; 0            ; 0       ; 0         ; 0    ; 0            ; 7 (7)        ; 0 (0)             ; 0 (0)            ; |maquina_expendedora|systemd:U_D3                                                                                                                 ; work         ;
+-------------------------------------------+-------------+---------------------------+---------------+-------------+------+--------------+---------+-----------+------+--------------+--------------+-------------------+------------------+---------------------------------------------------------------------------------------------------------------------------------------------------+--------------+
Note: For table entries with two numbers listed, the numbers in parentheses indicate the number of resources of the given type used by the specific entity alone. The numbers listed outside of parentheses indicate the total resources of the given type used by the specific entity and all of its sub-entities in the hierarchy.


+--------------------------------------------------------------------------------------------------+
; Delay Chain Summary                                                                              ;
+------------------+----------+---------------+---------------+-----------------------+-----+------+
; Name             ; Pin Type ; Pad to Core 0 ; Pad to Core 1 ; Pad to Input Register ; TCO ; TCOE ;
+------------------+----------+---------------+---------------+-----------------------+-----+------+
; coin500          ; Input    ; --            ; --            ; --                    ; --  ; --   ;
; coin1000         ; Input    ; --            ; --            ; --                    ; --  ; --   ;
; disp0[0]         ; Output   ; --            ; --            ; --                    ; --  ; --   ;
; disp0[1]         ; Output   ; --            ; --            ; --                    ; --  ; --   ;
; disp0[2]         ; Output   ; --            ; --            ; --                    ; --  ; --   ;
; disp0[3]         ; Output   ; --            ; --            ; --                    ; --  ; --   ;
; disp0[4]         ; Output   ; --            ; --            ; --                    ; --  ; --   ;
; disp0[5]         ; Output   ; --            ; --            ; --                    ; --  ; --   ;
; disp0[6]         ; Output   ; --            ; --            ; --                    ; --  ; --   ;
; disp1[0]         ; Output   ; --            ; --            ; --                    ; --  ; --   ;
; disp1[1]         ; Output   ; --            ; --            ; --                    ; --  ; --   ;
; disp1[2]         ; Output   ; --            ; --            ; --                    ; --  ; --   ;
; disp1[3]         ; Output   ; --            ; --            ; --                    ; --  ; --   ;
; disp1[4]         ; Output   ; --            ; --            ; --                    ; --  ; --   ;
; disp1[5]         ; Output   ; --            ; --            ; --                    ; --  ; --   ;
; disp1[6]         ; Output   ; --            ; --            ; --                    ; --  ; --   ;
; disp2[0]         ; Output   ; --            ; --            ; --                    ; --  ; --   ;
; disp2[1]         ; Output   ; --            ; --            ; --                    ; --  ; --   ;
; disp2[2]         ; Output   ; --            ; --            ; --                    ; --  ; --   ;
; disp2[3]         ; Output   ; --            ; --            ; --                    ; --  ; --   ;
; disp2[4]         ; Output   ; --            ; --            ; --                    ; --  ; --   ;
; disp2[5]         ; Output   ; --            ; --            ; --                    ; --  ; --   ;
; disp2[6]         ; Output   ; --            ; --            ; --                    ; --  ; --   ;
; disp3[0]         ; Output   ; --            ; --            ; --                    ; --  ; --   ;
; disp3[1]         ; Output   ; --            ; --            ; --                    ; --  ; --   ;
; disp3[2]         ; Output   ; --            ; --            ; --                    ; --  ; --   ;
; disp3[3]         ; Output   ; --            ; --            ; --                    ; --  ; --   ;
; disp3[4]         ; Output   ; --            ; --            ; --                    ; --  ; --   ;
; disp3[5]         ; Output   ; --            ; --            ; --                    ; --  ; --   ;
; disp3[6]         ; Output   ; --            ; --            ; --                    ; --  ; --   ;
; led_compra       ; Output   ; --            ; --            ; --                    ; --  ; --   ;
; stock_leds[0]    ; Output   ; --            ; --            ; --                    ; --  ; --   ;
; stock_leds[1]    ; Output   ; --            ; --            ; --                    ; --  ; --   ;
; stock_leds[2]    ; Output   ; --            ; --            ; --                    ; --  ; --   ;
; alerta_led       ; Output   ; --            ; --            ; --                    ; --  ; --   ;
; door_led         ; Output   ; --            ; --            ; --                    ; --  ; --   ;
; entrega_led      ; Output   ; --            ; --            ; --                    ; --  ; --   ;
; anomalia_led     ; Output   ; --            ; --            ; --                    ; --  ; --   ;
; servo_pwm_1      ; Output   ; --            ; --            ; --                    ; --  ; --   ;
; servo_pwm_2      ; Output   ; --            ; --            ; --                    ; --  ; --   ;
; servo_pwm_1000   ; Output   ; --            ; --            ; --                    ; --  ; --   ;
; servo_pwm_500    ; Output   ; --            ; --            ; --                    ; --  ; --   ;
; buzzer_out       ; Output   ; --            ; --            ; --                    ; --  ; --   ;
; servo_puerta_pwm ; Output   ; --            ; --            ; --                    ; --  ; --   ;
; clk              ; Input    ; (0) 0 ps      ; --            ; --                    ; --  ; --   ;
; reset            ; Input    ; (6) 1314 ps   ; --            ; --                    ; --  ; --   ;
; sel_prod[0]      ; Input    ; --            ; (6) 1314 ps   ; --                    ; --  ; --   ;
; sel_prod[1]      ; Input    ; (6) 1314 ps   ; --            ; --                    ; --  ; --   ;
; sel_prod[2]      ; Input    ; (6) 1314 ps   ; --            ; --                    ; --  ; --   ;
; sel_prod[3]      ; Input    ; (6) 1314 ps   ; --            ; --                    ; --  ; --   ;
; anomalia_sw      ; Input    ; (6) 1314 ps   ; --            ; --                    ; --  ; --   ;
; sensorin1000     ; Input    ; (6) 1314 ps   ; --            ; --                    ; --  ; --   ;
; sensorin500      ; Input    ; --            ; (6) 1314 ps   ; --                    ; --  ; --   ;
; confirmar        ; Input    ; --            ; (6) 1314 ps   ; --                    ; --  ; --   ;
+------------------+----------+---------------+---------------+-----------------------+-----+------+


+----------------------------------------------------------------------------------------------+
; Pad To Core Delay Chain Fanout                                                               ;
+----------------------------------------------------------------+-------------------+---------+
; Source Pin / Fanout                                            ; Pad To Core Index ; Setting ;
+----------------------------------------------------------------+-------------------+---------+
; coin500                                                        ;                   ;         ;
; coin1000                                                       ;                   ;         ;
; clk                                                            ;                   ;         ;
; reset                                                          ;                   ;         ;
;      - sumador_saldo:U_saldo|saldo_reg[2]                      ; 0                 ; 6       ;
;      - sumador_saldo:U_saldo|saldo_reg[3]                      ; 0                 ; 6       ;
;      - sumador_saldo:U_saldo|saldo_reg[4]                      ; 0                 ; 6       ;
;      - sumador_saldo:U_saldo|saldo_reg[5]                      ; 0                 ; 6       ;
;      - sumador_saldo:U_saldo|saldo_reg[6]                      ; 0                 ; 6       ;
;      - sumador_saldo:U_saldo|saldo_reg[7]                      ; 0                 ; 6       ;
;      - sumador_saldo:U_saldo|saldo_reg[8]                      ; 0                 ; 6       ;
;      - sumador_saldo:U_saldo|saldo_reg[9]                      ; 0                 ; 6       ;
;      - sumador_saldo:U_saldo|saldo_reg[10]                     ; 0                 ; 6       ;
;      - sumador_saldo:U_saldo|saldo_reg[11]                     ; 0                 ; 6       ;
;      - sumador_saldo:U_saldo|saldo_reg[12]                     ; 0                 ; 6       ;
;      - sumador_saldo:U_saldo|saldo_reg[13]                     ; 0                 ; 6       ;
;      - servo_giro180:U_SERVO1|pwm                              ; 0                 ; 6       ;
;      - servo_giro180:U_SERVO2|pwm                              ; 0                 ; 6       ;
;      - servos_monedas:U_SERVOS_MONEDAS|pwm_servo1              ; 0                 ; 6       ;
;      - servos_monedas:U_SERVOS_MONEDAS|pwm_servo2              ; 0                 ; 6       ;
;      - BUZZER:U_BUZZER|beep_sig                                ; 0                 ; 6       ;
;      - servo_giro180:U_SERVO1|duty_cycle[15]                   ; 0                 ; 6       ;
;      - servo_giro180:U_SERVO2|duty_cycle[15]                   ; 0                 ; 6       ;
;      - servos_monedas:U_SERVOS_MONEDAS|duty_cycle1[15]         ; 0                 ; 6       ;
;      - servos_monedas:U_SERVOS_MONEDAS|duty_cycle2[14]         ; 0                 ; 6       ;
;      - servo_giro180:U_SERVO1|active_turn                      ; 0                 ; 6       ;
;      - servo_giro180:U_SERVO2|active_turn                      ; 0                 ; 6       ;
;      - servos_monedas:U_SERVOS_MONEDAS|active_turn1            ; 0                 ; 6       ;
;      - servos_monedas:U_SERVOS_MONEDAS|active_turn2            ; 0                 ; 6       ;
;      - servo_giro180:U_SERVO1|turn_counter[31]                 ; 0                 ; 6       ;
;      - servo_giro180:U_SERVO2|turn_counter[31]                 ; 0                 ; 6       ;
;      - servos_monedas:U_SERVOS_MONEDAS|turn_counter1[31]       ; 0                 ; 6       ;
;      - servos_monedas:U_SERVOS_MONEDAS|turn_counter2[31]       ; 0                 ; 6       ;
;      - RESTADOR:URES|cambio_reg[14]                            ; 0                 ; 6       ;
;      - RESTADOR:URES|cambio_reg[13]                            ; 0                 ; 6       ;
;      - RESTADOR:URES|cambio_reg[12]                            ; 0                 ; 6       ;
;      - RESTADOR:URES|cambio_reg[11]                            ; 0                 ; 6       ;
;      - RESTADOR:URES|cambio_reg[10]                            ; 0                 ; 6       ;
;      - RESTADOR:URES|cambio_reg[9]                             ; 0                 ; 6       ;
;      - RESTADOR:URES|cambio_reg[8]                             ; 0                 ; 6       ;
;      - RESTADOR:URES|cambio_reg[7]                             ; 0                 ; 6       ;
;      - RESTADOR:URES|cambio_reg[6]                             ; 0                 ; 6       ;
;      - RESTADOR:URES|cambio_reg[5]                             ; 0                 ; 6       ;
;      - RESTADOR:URES|cambio_reg[4]                             ; 0                 ; 6       ;
;      - RESTADOR:URES|cambio_reg[3]                             ; 0                 ; 6       ;
;      - RESTADOR:URES|cambio_reg[2]                             ; 0                 ; 6       ;
;      - BUZZER:U_BUZZER|CONTADOR_NOTA[0]                        ; 0                 ; 6       ;
;      - BUZZER:U_BUZZER|CONTADOR_NOTA[1]                        ; 0                 ; 6       ;
;      - BUZZER:U_BUZZER|CONTADOR_NOTA[2]                        ; 0                 ; 6       ;
;      - BUZZER:U_BUZZER|CONTADOR_NOTA[3]                        ; 0                 ; 6       ;
;      - BUZZER:U_BUZZER|CONTADOR_NOTA[4]                        ; 0                 ; 6       ;
;      - BUZZER:U_BUZZER|CONTADOR_NOTA[5]                        ; 0                 ; 6       ;
;      - BUZZER:U_BUZZER|CONTADOR_NOTA[6]                        ; 0                 ; 6       ;
;      - BUZZER:U_BUZZER|CONTADOR_NOTA[7]                        ; 0                 ; 6       ;
;      - BUZZER:U_BUZZER|CONTADOR_NOTA[8]                        ; 0                 ; 6       ;
;      - BUZZER:U_BUZZER|CONTADOR_NOTA[9]                        ; 0                 ; 6       ;
;      - BUZZER:U_BUZZER|CONTADOR_NOTA[10]                       ; 0                 ; 6       ;
;      - BUZZER:U_BUZZER|CONTADOR_NOTA[11]                       ; 0                 ; 6       ;
;      - BUZZER:U_BUZZER|CONTADOR_NOTA[12]                       ; 0                 ; 6       ;
;      - BUZZER:U_BUZZER|CONTADOR_NOTA[13]                       ; 0                 ; 6       ;
;      - BUZZER:U_BUZZER|CONTADOR_NOTA[14]                       ; 0                 ; 6       ;
;      - BUZZER:U_BUZZER|CONTADOR_NOTA[15]                       ; 0                 ; 6       ;
;      - sumador_saldo:U_saldo|startup_delay[1]                  ; 0                 ; 6       ;
;      - sumador_saldo:U_saldo|startup_delay[2]                  ; 0                 ; 6       ;
;      - sumador_saldo:U_saldo|startup_delay[3]                  ; 0                 ; 6       ;
;      - sumador_saldo:U_saldo|startup_delay[4]                  ; 0                 ; 6       ;
;      - sumador_saldo:U_saldo|startup_delay[5]                  ; 0                 ; 6       ;
;      - sumador_saldo:U_saldo|startup_delay[6]                  ; 0                 ; 6       ;
;      - sumador_saldo:U_saldo|startup_delay[7]                  ; 0                 ; 6       ;
;      - sumador_saldo:U_saldo|startup_delay[8]                  ; 0                 ; 6       ;
;      - sumador_saldo:U_saldo|startup_delay[9]                  ; 0                 ; 6       ;
;      - sumador_saldo:U_saldo|startup_delay[10]                 ; 0                 ; 6       ;
;      - sumador_saldo:U_saldo|startup_delay[11]                 ; 0                 ; 6       ;
;      - sumador_saldo:U_saldo|startup_delay[12]                 ; 0                 ; 6       ;
;      - sumador_saldo:U_saldo|startup_delay[13]                 ; 0                 ; 6       ;
;      - sumador_saldo:U_saldo|startup_delay[14]                 ; 0                 ; 6       ;
;      - sumador_saldo:U_saldo|startup_delay[15]                 ; 0                 ; 6       ;
;      - sumador_saldo:U_saldo|startup_delay[16]                 ; 0                 ; 6       ;
;      - sumador_saldo:U_saldo|startup_delay[17]                 ; 0                 ; 6       ;
;      - sumador_saldo:U_saldo|startup_delay[18]                 ; 0                 ; 6       ;
;      - sumador_saldo:U_saldo|startup_delay[19]                 ; 0                 ; 6       ;
;      - sumador_saldo:U_saldo|startup_delay[20]                 ; 0                 ; 6       ;
;      - sumador_saldo:U_saldo|startup_delay[21]                 ; 0                 ; 6       ;
;      - sumador_saldo:U_saldo|startup_delay[22]                 ; 0                 ; 6       ;
;      - sumador_saldo:U_saldo|startup_delay[23]                 ; 0                 ; 6       ;
;      - sumador_saldo:U_saldo|cnt1000[0]                        ; 0                 ; 6       ;
;      - sumador_saldo:U_saldo|cnt1000[1]                        ; 0                 ; 6       ;
;      - sumador_saldo:U_saldo|cnt1000[2]                        ; 0                 ; 6       ;
;      - sumador_saldo:U_saldo|cnt1000[3]                        ; 0                 ; 6       ;
;      - sumador_saldo:U_saldo|cnt1000[4]                        ; 0                 ; 6       ;
;      - sumador_saldo:U_saldo|cnt1000[5]                        ; 0                 ; 6       ;
;      - sumador_saldo:U_saldo|cnt1000[6]                        ; 0                 ; 6       ;
;      - sumador_saldo:U_saldo|cnt1000[7]                        ; 0                 ; 6       ;
;      - sumador_saldo:U_saldo|cnt1000[8]                        ; 0                 ; 6       ;
;      - sumador_saldo:U_saldo|cnt1000[9]                        ; 0                 ; 6       ;
;      - sumador_saldo:U_saldo|cnt1000[10]                       ; 0                 ; 6       ;
;      - sumador_saldo:U_saldo|cnt1000[11]                       ; 0                 ; 6       ;
;      - sumador_saldo:U_saldo|cnt1000[12]                       ; 0                 ; 6       ;
;      - sumador_saldo:U_saldo|cnt1000[13]                       ; 0                 ; 6       ;
;      - sumador_saldo:U_saldo|cnt1000[14]                       ; 0                 ; 6       ;
;      - sumador_saldo:U_saldo|cnt1000[15]                       ; 0                 ; 6       ;
;      - sumador_saldo:U_saldo|cnt1000[16]                       ; 0                 ; 6       ;
;      - sumador_saldo:U_saldo|cnt1000[17]                       ; 0                 ; 6       ;
;      - sumador_saldo:U_saldo|cnt1000[18]                       ; 0                 ; 6       ;
;      - sumador_saldo:U_saldo|cnt1000[19]                       ; 0                 ; 6       ;
;      - sumador_saldo:U_saldo|cnt1000[20]                       ; 0                 ; 6       ;
;      - sumador_saldo:U_saldo|cnt1000[21]                       ; 0                 ; 6       ;
;      - sumador_saldo:U_saldo|cnt1000[22]                       ; 0                 ; 6       ;
;      - sumador_saldo:U_saldo|cnt500[0]                         ; 0                 ; 6       ;
;      - sumador_saldo:U_saldo|cnt500[1]                         ; 0                 ; 6       ;
;      - sumador_saldo:U_saldo|cnt500[2]                         ; 0                 ; 6       ;
;      - sumador_saldo:U_saldo|cnt500[3]                         ; 0                 ; 6       ;
;      - sumador_saldo:U_saldo|cnt500[4]                         ; 0                 ; 6       ;
;      - sumador_saldo:U_saldo|cnt500[5]                         ; 0                 ; 6       ;
;      - sumador_saldo:U_saldo|cnt500[6]                         ; 0                 ; 6       ;
;      - sumador_saldo:U_saldo|cnt500[7]                         ; 0                 ; 6       ;
;      - sumador_saldo:U_saldo|cnt500[8]                         ; 0                 ; 6       ;
;      - sumador_saldo:U_saldo|cnt500[9]                         ; 0                 ; 6       ;
;      - sumador_saldo:U_saldo|cnt500[10]                        ; 0                 ; 6       ;
;      - sumador_saldo:U_saldo|cnt500[11]                        ; 0                 ; 6       ;
;      - sumador_saldo:U_saldo|cnt500[12]                        ; 0                 ; 6       ;
;      - sumador_saldo:U_saldo|cnt500[13]                        ; 0                 ; 6       ;
;      - sumador_saldo:U_saldo|cnt500[14]                        ; 0                 ; 6       ;
;      - sumador_saldo:U_saldo|cnt500[15]                        ; 0                 ; 6       ;
;      - sumador_saldo:U_saldo|cnt500[16]                        ; 0                 ; 6       ;
;      - sumador_saldo:U_saldo|cnt500[17]                        ; 0                 ; 6       ;
;      - sumador_saldo:U_saldo|cnt500[18]                        ; 0                 ; 6       ;
;      - sumador_saldo:U_saldo|cnt500[19]                        ; 0                 ; 6       ;
;      - sumador_saldo:U_saldo|cnt500[20]                        ; 0                 ; 6       ;
;      - sumador_saldo:U_saldo|cnt500[21]                        ; 0                 ; 6       ;
;      - sumador_saldo:U_saldo|cnt500[22]                        ; 0                 ; 6       ;
;      - comb~0                                                  ; 0                 ; 6       ;
;      - sumador_saldo:U_saldo|prev1000                          ; 0                 ; 6       ;
;      - sumador_saldo:U_saldo|lock1000                          ; 0                 ; 6       ;
;      - sumador_saldo:U_saldo|startup_delay[0]                  ; 0                 ; 6       ;
;      - sumador_saldo:U_saldo|prev500                           ; 0                 ; 6       ;
;      - sumador_saldo:U_saldo|lock500                           ; 0                 ; 6       ;
;      - servo_giro180:U_SERVO1|counter[0]~59                    ; 0                 ; 6       ;
;      - servo_giro180:U_SERVO1|duty_cycle~1                     ; 0                 ; 6       ;
;      - servo_giro180:U_SERVO2|duty_cycle~1                     ; 0                 ; 6       ;
;      - servos_monedas:U_SERVOS_MONEDAS|duty_cycle1~1           ; 0                 ; 6       ;
;      - servos_monedas:U_SERVOS_MONEDAS|duty_cycle2~1           ; 0                 ; 6       ;
;      - entrega_done_sync1                                      ; 0                 ; 6       ;
;      - entrega_done_sync2                                      ; 0                 ; 6       ;
;      - fsm_maquina_expendedora:UFSM|r_ram_din[1]~0             ; 0                 ; 6       ;
;      - servo_giro180:U_SERVO1|turn_counter[7]~2                ; 0                 ; 6       ;
;      - servo_giro180:U_SERVO2|turn_counter[28]~2               ; 0                 ; 6       ;
;      - servos_monedas:U_SERVOS_MONEDAS|turn_counter1~2         ; 0                 ; 6       ;
;      - servos_monedas:U_SERVOS_MONEDAS|turn_counter1[6]~3      ; 0                 ; 6       ;
;      - servos_monedas:U_SERVOS_MONEDAS|turn_counter1~4         ; 0                 ; 6       ;
;      - servos_monedas:U_SERVOS_MONEDAS|turn_counter1~5         ; 0                 ; 6       ;
;      - servos_monedas:U_SERVOS_MONEDAS|turn_counter1~6         ; 0                 ; 6       ;
;      - servos_monedas:U_SERVOS_MONEDAS|turn_counter1~7         ; 0                 ; 6       ;
;      - servos_monedas:U_SERVOS_MONEDAS|turn_counter1~8         ; 0                 ; 6       ;
;      - servos_monedas:U_SERVOS_MONEDAS|turn_counter1~9         ; 0                 ; 6       ;
;      - servos_monedas:U_SERVOS_MONEDAS|turn_counter1~10        ; 0                 ; 6       ;
;      - servos_monedas:U_SERVOS_MONEDAS|turn_counter1~11        ; 0                 ; 6       ;
;      - servos_monedas:U_SERVOS_MONEDAS|turn_counter1~12        ; 0                 ; 6       ;
;      - servos_monedas:U_SERVOS_MONEDAS|turn_counter1~13        ; 0                 ; 6       ;
;      - servos_monedas:U_SERVOS_MONEDAS|turn_counter1~14        ; 0                 ; 6       ;
;      - servos_monedas:U_SERVOS_MONEDAS|turn_counter1~15        ; 0                 ; 6       ;
;      - servos_monedas:U_SERVOS_MONEDAS|turn_counter1~16        ; 0                 ; 6       ;
;      - servos_monedas:U_SERVOS_MONEDAS|turn_counter1~17        ; 0                 ; 6       ;
;      - servos_monedas:U_SERVOS_MONEDAS|turn_counter1~18        ; 0                 ; 6       ;
;      - servos_monedas:U_SERVOS_MONEDAS|turn_counter1~19        ; 0                 ; 6       ;
;      - servos_monedas:U_SERVOS_MONEDAS|turn_counter1~20        ; 0                 ; 6       ;
;      - servos_monedas:U_SERVOS_MONEDAS|turn_counter1~21        ; 0                 ; 6       ;
;      - servos_monedas:U_SERVOS_MONEDAS|turn_counter1~22        ; 0                 ; 6       ;
;      - servos_monedas:U_SERVOS_MONEDAS|turn_counter1~23        ; 0                 ; 6       ;
;      - servos_monedas:U_SERVOS_MONEDAS|turn_counter2~2         ; 0                 ; 6       ;
;      - servos_monedas:U_SERVOS_MONEDAS|turn_counter2[26]~3     ; 0                 ; 6       ;
;      - servos_monedas:U_SERVOS_MONEDAS|turn_counter2~4         ; 0                 ; 6       ;
;      - servos_monedas:U_SERVOS_MONEDAS|turn_counter2~5         ; 0                 ; 6       ;
;      - servos_monedas:U_SERVOS_MONEDAS|turn_counter2~6         ; 0                 ; 6       ;
;      - servos_monedas:U_SERVOS_MONEDAS|turn_counter2~7         ; 0                 ; 6       ;
;      - servos_monedas:U_SERVOS_MONEDAS|turn_counter2~8         ; 0                 ; 6       ;
;      - servos_monedas:U_SERVOS_MONEDAS|turn_counter2~9         ; 0                 ; 6       ;
;      - servos_monedas:U_SERVOS_MONEDAS|turn_counter2~10        ; 0                 ; 6       ;
;      - servos_monedas:U_SERVOS_MONEDAS|turn_counter2~11        ; 0                 ; 6       ;
;      - servos_monedas:U_SERVOS_MONEDAS|turn_counter2~12        ; 0                 ; 6       ;
;      - servos_monedas:U_SERVOS_MONEDAS|turn_counter2~13        ; 0                 ; 6       ;
;      - servos_monedas:U_SERVOS_MONEDAS|turn_counter2~14        ; 0                 ; 6       ;
;      - servos_monedas:U_SERVOS_MONEDAS|turn_counter2~15        ; 0                 ; 6       ;
;      - servos_monedas:U_SERVOS_MONEDAS|turn_counter2~16        ; 0                 ; 6       ;
;      - servos_monedas:U_SERVOS_MONEDAS|turn_counter2~17        ; 0                 ; 6       ;
;      - servos_monedas:U_SERVOS_MONEDAS|turn_counter2~18        ; 0                 ; 6       ;
;      - servos_monedas:U_SERVOS_MONEDAS|turn_counter2~19        ; 0                 ; 6       ;
;      - servos_monedas:U_SERVOS_MONEDAS|turn_counter2~20        ; 0                 ; 6       ;
;      - servos_monedas:U_SERVOS_MONEDAS|turn_counter2~21        ; 0                 ; 6       ;
;      - servos_monedas:U_SERVOS_MONEDAS|turn_counter2~22        ; 0                 ; 6       ;
;      - servos_monedas:U_SERVOS_MONEDAS|turn_counter2~23        ; 0                 ; 6       ;
;      - cont30:Ucont|done_int                                   ; 0                 ; 6       ;
;      - servo_giro180:U_SERVO1|prev_switch~1                    ; 0                 ; 6       ;
;      - servo_giro180:U_SERVO2|prev_switch~0                    ; 0                 ; 6       ;
;      - servos_monedas:U_SERVOS_MONEDAS|prev_sw1~0              ; 0                 ; 6       ;
;      - servos_monedas:U_SERVOS_MONEDAS|turn_counter1~29        ; 0                 ; 6       ;
;      - servos_monedas:U_SERVOS_MONEDAS|turn_counter1~30        ; 0                 ; 6       ;
;      - servos_monedas:U_SERVOS_MONEDAS|turn_counter1~31        ; 0                 ; 6       ;
;      - servos_monedas:U_SERVOS_MONEDAS|turn_counter1~32        ; 0                 ; 6       ;
;      - servos_monedas:U_SERVOS_MONEDAS|turn_counter1~33        ; 0                 ; 6       ;
;      - servos_monedas:U_SERVOS_MONEDAS|prev_sw2~0              ; 0                 ; 6       ;
;      - servos_monedas:U_SERVOS_MONEDAS|turn_counter2~29        ; 0                 ; 6       ;
;      - servos_monedas:U_SERVOS_MONEDAS|turn_counter2~30        ; 0                 ; 6       ;
;      - servos_monedas:U_SERVOS_MONEDAS|turn_counter2~31        ; 0                 ; 6       ;
;      - servos_monedas:U_SERVOS_MONEDAS|turn_counter2~32        ; 0                 ; 6       ;
;      - servos_monedas:U_SERVOS_MONEDAS|turn_counter2~33        ; 0                 ; 6       ;
;      - cont30:Ucont|counting                                   ; 0                 ; 6       ;
;      - cont30:Ucont|count[2]                                   ; 0                 ; 6       ;
;      - cont30:Ucont|count[1]                                   ; 0                 ; 6       ;
;      - cont30:Ucont|count[0]                                   ; 0                 ; 6       ;
; sel_prod[0]                                                    ;                   ;         ;
;      - ram_stock:URAM|Mux1~0                                   ; 1                 ; 6       ;
;      - ram_stock:URAM|Mux1~1                                   ; 1                 ; 6       ;
;      - ram_stock:URAM|Mux1~2                                   ; 1                 ; 6       ;
;      - ram_stock:URAM|Mux1~3                                   ; 1                 ; 6       ;
;      - ram_stock:URAM|Mux1~4                                   ; 1                 ; 6       ;
;      - ram_stock:URAM|Mux1~5                                   ; 1                 ; 6       ;
;      - ram_stock:URAM|Mux1~7                                   ; 1                 ; 6       ;
;      - ram_stock:URAM|Mux0~6                                   ; 1                 ; 6       ;
;      - rom_productos:UROM|Mux0~0                               ; 1                 ; 6       ;
;      - rom_productos:UROM|Mux2~0                               ; 1                 ; 6       ;
;      - rom_productos:UROM|Mux1~0                               ; 1                 ; 6       ;
;      - rom_productos:UROM|Mux3~0                               ; 1                 ; 6       ;
;      - rom_productos:UROM|Mux4~0                               ; 1                 ; 6       ;
;      - rom_productos:UROM|Mux5~0                               ; 1                 ; 6       ;
;      - rom_productos:UROM|Mux6~0                               ; 1                 ; 6       ;
;      - rom_productos:UROM|Mux7~0                               ; 1                 ; 6       ;
;      - rom_productos:UROM|Mux8~0                               ; 1                 ; 6       ;
;      - ram_stock:URAM|Decoder0~0                               ; 1                 ; 6       ;
;      - ram_stock:URAM|Decoder0~2                               ; 1                 ; 6       ;
;      - ram_stock:URAM|Decoder0~4                               ; 1                 ; 6       ;
;      - ram_stock:URAM|Decoder0~6                               ; 1                 ; 6       ;
;      - ram_stock:URAM|Decoder0~8                               ; 1                 ; 6       ;
;      - ram_stock:URAM|Decoder0~10                              ; 1                 ; 6       ;
;      - ram_stock:URAM|Decoder0~12                              ; 1                 ; 6       ;
;      - ram_stock:URAM|Decoder0~14                              ; 1                 ; 6       ;
;      - servo_giro180:U_SERVO1|DUTY_CYCLE_PROC~0                ; 1                 ; 6       ;
;      - servo_giro180:U_SERVO2|DUTY_CYCLE_PROC~0                ; 1                 ; 6       ;
;      - servo_giro180:U_SERVO1|prev_switch~1                    ; 1                 ; 6       ;
;      - servo_giro180:U_SERVO2|prev_switch~0                    ; 1                 ; 6       ;
;      - fsm_maquina_expendedora:UFSM|r_valor_producto[0]~feeder ; 1                 ; 6       ;
; sel_prod[1]                                                    ;                   ;         ;
;      - ram_stock:URAM|Mux1~0                                   ; 0                 ; 6       ;
;      - ram_stock:URAM|Mux1~2                                   ; 0                 ; 6       ;
;      - ram_stock:URAM|Mux1~4                                   ; 0                 ; 6       ;
;      - ram_stock:URAM|Mux1~7                                   ; 0                 ; 6       ;
;      - ram_stock:URAM|Mux1~8                                   ; 0                 ; 6       ;
;      - ram_stock:URAM|Mux0~0                                   ; 0                 ; 6       ;
;      - ram_stock:URAM|Mux0~2                                   ; 0                 ; 6       ;
;      - ram_stock:URAM|Mux0~4                                   ; 0                 ; 6       ;
;      - ram_stock:URAM|Mux0~7                                   ; 0                 ; 6       ;
;      - rom_productos:UROM|Mux0~0                               ; 0                 ; 6       ;
;      - rom_productos:UROM|Mux2~0                               ; 0                 ; 6       ;
;      - rom_productos:UROM|Mux1~0                               ; 0                 ; 6       ;
;      - rom_productos:UROM|Mux3~0                               ; 0                 ; 6       ;
;      - rom_productos:UROM|Mux4~0                               ; 0                 ; 6       ;
;      - rom_productos:UROM|Mux5~0                               ; 0                 ; 6       ;
;      - rom_productos:UROM|Mux6~0                               ; 0                 ; 6       ;
;      - rom_productos:UROM|Mux7~0                               ; 0                 ; 6       ;
;      - rom_productos:UROM|Mux8~0                               ; 0                 ; 6       ;
;      - ram_stock:URAM|Decoder0~0                               ; 0                 ; 6       ;
;      - ram_stock:URAM|Decoder0~2                               ; 0                 ; 6       ;
;      - ram_stock:URAM|Decoder0~4                               ; 0                 ; 6       ;
;      - ram_stock:URAM|Decoder0~6                               ; 0                 ; 6       ;
;      - ram_stock:URAM|Decoder0~8                               ; 0                 ; 6       ;
;      - ram_stock:URAM|Decoder0~10                              ; 0                 ; 6       ;
;      - ram_stock:URAM|Decoder0~12                              ; 0                 ; 6       ;
;      - ram_stock:URAM|Decoder0~14                              ; 0                 ; 6       ;
;      - servo_giro180:U_SERVO1|DUTY_CYCLE_PROC~0                ; 0                 ; 6       ;
;      - servo_giro180:U_SERVO2|DUTY_CYCLE_PROC~0                ; 0                 ; 6       ;
;      - servo_giro180:U_SERVO1|prev_switch~1                    ; 0                 ; 6       ;
;      - servo_giro180:U_SERVO2|prev_switch~0                    ; 0                 ; 6       ;
;      - fsm_maquina_expendedora:UFSM|r_valor_producto[1]~feeder ; 0                 ; 6       ;
; sel_prod[2]                                                    ;                   ;         ;
;      - ram_stock:URAM|Mux1~6                                   ; 0                 ; 6       ;
;      - ram_stock:URAM|Mux1~9                                   ; 0                 ; 6       ;
;      - ram_stock:URAM|Mux0~0                                   ; 0                 ; 6       ;
;      - ram_stock:URAM|Mux0~1                                   ; 0                 ; 6       ;
;      - ram_stock:URAM|Mux0~2                                   ; 0                 ; 6       ;
;      - ram_stock:URAM|Mux0~3                                   ; 0                 ; 6       ;
;      - ram_stock:URAM|Mux0~4                                   ; 0                 ; 6       ;
;      - ram_stock:URAM|Mux0~5                                   ; 0                 ; 6       ;
;      - ram_stock:URAM|Mux0~7                                   ; 0                 ; 6       ;
;      - ram_stock:URAM|Mux0~8                                   ; 0                 ; 6       ;
;      - rom_productos:UROM|Mux0~0                               ; 0                 ; 6       ;
;      - rom_productos:UROM|Mux2~0                               ; 0                 ; 6       ;
;      - rom_productos:UROM|Mux1~0                               ; 0                 ; 6       ;
;      - rom_productos:UROM|Mux3~0                               ; 0                 ; 6       ;
;      - rom_productos:UROM|Mux4~0                               ; 0                 ; 6       ;
;      - rom_productos:UROM|Mux5~0                               ; 0                 ; 6       ;
;      - rom_productos:UROM|Mux6~0                               ; 0                 ; 6       ;
;      - rom_productos:UROM|Mux7~0                               ; 0                 ; 6       ;
;      - rom_productos:UROM|Mux8~0                               ; 0                 ; 6       ;
;      - ram_stock:URAM|Decoder0~0                               ; 0                 ; 6       ;
;      - ram_stock:URAM|Decoder0~2                               ; 0                 ; 6       ;
;      - ram_stock:URAM|Decoder0~4                               ; 0                 ; 6       ;
;      - ram_stock:URAM|Decoder0~6                               ; 0                 ; 6       ;
;      - ram_stock:URAM|Decoder0~8                               ; 0                 ; 6       ;
;      - ram_stock:URAM|Decoder0~10                              ; 0                 ; 6       ;
;      - ram_stock:URAM|Decoder0~12                              ; 0                 ; 6       ;
;      - ram_stock:URAM|Decoder0~14                              ; 0                 ; 6       ;
;      - servo_giro180:U_SERVO1|prev_switch~0                    ; 0                 ; 6       ;
;      - fsm_maquina_expendedora:UFSM|r_valor_producto[2]~feeder ; 0                 ; 6       ;
; sel_prod[3]                                                    ;                   ;         ;
;      - ram_stock:URAM|Mux1~6                                   ; 0                 ; 6       ;
;      - ram_stock:URAM|Mux0~6                                   ; 0                 ; 6       ;
;      - ram_stock:URAM|Mux0~9                                   ; 0                 ; 6       ;
;      - rom_productos:UROM|Mux0~0                               ; 0                 ; 6       ;
;      - rom_productos:UROM|Mux2~0                               ; 0                 ; 6       ;
;      - rom_productos:UROM|Mux1~0                               ; 0                 ; 6       ;
;      - rom_productos:UROM|Mux3~0                               ; 0                 ; 6       ;
;      - rom_productos:UROM|Mux4~0                               ; 0                 ; 6       ;
;      - rom_productos:UROM|Mux5~0                               ; 0                 ; 6       ;
;      - rom_productos:UROM|Mux6~0                               ; 0                 ; 6       ;
;      - rom_productos:UROM|Mux7~0                               ; 0                 ; 6       ;
;      - rom_productos:UROM|Mux8~0                               ; 0                 ; 6       ;
;      - ram_stock:URAM|Decoder0~1                               ; 0                 ; 6       ;
;      - ram_stock:URAM|Decoder0~3                               ; 0                 ; 6       ;
;      - ram_stock:URAM|Decoder0~5                               ; 0                 ; 6       ;
;      - ram_stock:URAM|Decoder0~7                               ; 0                 ; 6       ;
;      - ram_stock:URAM|Decoder0~9                               ; 0                 ; 6       ;
;      - ram_stock:URAM|Decoder0~11                              ; 0                 ; 6       ;
;      - ram_stock:URAM|Decoder0~13                              ; 0                 ; 6       ;
;      - ram_stock:URAM|Decoder0~15                              ; 0                 ; 6       ;
;      - ram_stock:URAM|Decoder0~16                              ; 0                 ; 6       ;
;      - ram_stock:URAM|Decoder0~17                              ; 0                 ; 6       ;
;      - ram_stock:URAM|Decoder0~18                              ; 0                 ; 6       ;
;      - ram_stock:URAM|Decoder0~19                              ; 0                 ; 6       ;
;      - ram_stock:URAM|Decoder0~20                              ; 0                 ; 6       ;
;      - ram_stock:URAM|Decoder0~21                              ; 0                 ; 6       ;
;      - ram_stock:URAM|Decoder0~22                              ; 0                 ; 6       ;
;      - ram_stock:URAM|Decoder0~23                              ; 0                 ; 6       ;
;      - servo_giro180:U_SERVO1|prev_switch~0                    ; 0                 ; 6       ;
;      - fsm_maquina_expendedora:UFSM|r_valor_producto[3]~feeder ; 0                 ; 6       ;
; anomalia_sw                                                    ;                   ;         ;
;      - fsm_maquina_expendedora:UFSM|process_1~2                ; 0                 ; 6       ;
; sensorin1000                                                   ;                   ;         ;
;      - sumador_saldo:U_saldo|prev1000                          ; 0                 ; 6       ;
;      - sumador_saldo:U_saldo|process_0~0                       ; 0                 ; 6       ;
; sensorin500                                                    ;                   ;         ;
;      - sumador_saldo:U_saldo|prev500                           ; 1                 ; 6       ;
;      - sumador_saldo:U_saldo|process_0~1                       ; 1                 ; 6       ;
; confirmar                                                      ;                   ;         ;
;      - RESTADOR:URES|cambio_reg[14]                            ; 1                 ; 6       ;
;      - RESTADOR:URES|cambio_reg[13]                            ; 1                 ; 6       ;
;      - RESTADOR:URES|cambio_reg[12]                            ; 1                 ; 6       ;
;      - RESTADOR:URES|cambio_reg[11]                            ; 1                 ; 6       ;
;      - RESTADOR:URES|cambio_reg[10]                            ; 1                 ; 6       ;
;      - RESTADOR:URES|cambio_reg[9]                             ; 1                 ; 6       ;
;      - RESTADOR:URES|cambio_reg[8]                             ; 1                 ; 6       ;
;      - RESTADOR:URES|cambio_reg[7]                             ; 1                 ; 6       ;
;      - RESTADOR:URES|cambio_reg[6]                             ; 1                 ; 6       ;
;      - RESTADOR:URES|cambio_reg[5]                             ; 1                 ; 6       ;
;      - RESTADOR:URES|cambio_reg[4]                             ; 1                 ; 6       ;
;      - RESTADOR:URES|cambio_reg[3]                             ; 1                 ; 6       ;
;      - RESTADOR:URES|cambio_reg[2]                             ; 1                 ; 6       ;
;      - fsm_maquina_expendedora:UFSM|prev_confirmar             ; 1                 ; 6       ;
;      - fsm_maquina_expendedora:UFSM|process_0~0                ; 1                 ; 6       ;
+----------------------------------------------------------------+-------------------+---------+


+-----------------------------------------------------------------------------------------------------------------------------------------------------------------------------------------------+
; Control Signals                                                                                                                                                                               ;
+-----------------------------------------------------+--------------------+---------+---------------------------+--------+----------------------+------------------+---------------------------+
; Name                                                ; Location           ; Fan-Out ; Usage                     ; Global ; Global Resource Used ; Global Line Name ; Enable Signal Source Name ;
+-----------------------------------------------------+--------------------+---------+---------------------------+--------+----------------------+------------------+---------------------------+
; BUZZER:U_BUZZER|CONTADOR_NOTA[1]~18                 ; LCCOMB_X6_Y14_N0   ; 16      ; Sync. clear               ; no     ; --                   ; --               ; --                        ;
; clk                                                 ; PIN_G21            ; 530     ; Clock                     ; yes    ; Global Clock         ; GCLK9            ; --                        ;
; comb~0                                              ; LCCOMB_X8_Y13_N4   ; 81      ; Async. clear              ; no     ; --                   ; --               ; --                        ;
; confirmar                                           ; PIN_H5             ; 15      ; Clock enable              ; no     ; --                   ; --               ; --                        ;
; cont30:U_RESET_AUTO|counting~0                      ; LCCOMB_X7_Y11_N12  ; 3       ; Clock enable              ; no     ; --                   ; --               ; --                        ;
; cont30:Ucont|count[0]~3                             ; LCCOMB_X6_Y11_N18  ; 2       ; Clock enable              ; no     ; --                   ; --               ; --                        ;
; div_50millones:U1|clk_out                           ; FF_X20_Y4_N1       ; 10      ; Clock                     ; yes    ; Global Clock         ; GCLK18           ; --                        ;
; fsm_maquina_expendedora:UFSM|Selector17~1           ; LCCOMB_X7_Y14_N26  ; 7       ; Clock enable              ; no     ; --                   ; --               ; --                        ;
; fsm_maquina_expendedora:UFSM|change_timer[23]~96    ; LCCOMB_X6_Y11_N14  ; 32      ; Sync. load                ; no     ; --                   ; --               ; --                        ;
; fsm_maquina_expendedora:UFSM|change_timer[23]~97    ; LCCOMB_X6_Y11_N0   ; 32      ; Clock enable              ; no     ; --                   ; --               ; --                        ;
; fsm_maquina_expendedora:UFSM|giro_counter[2]~2      ; LCCOMB_X6_Y11_N30  ; 4       ; Clock enable              ; no     ; --                   ; --               ; --                        ;
; fsm_maquina_expendedora:UFSM|r_door_led             ; FF_X7_Y14_N17      ; 30      ; Sync. clear               ; no     ; --                   ; --               ; --                        ;
; fsm_maquina_expendedora:UFSM|r_ram_din[1]~1         ; LCCOMB_X7_Y14_N10  ; 2       ; Clock enable              ; no     ; --                   ; --               ; --                        ;
; fsm_maquina_expendedora:UFSM|r_valor_full[2]~36     ; LCCOMB_X6_Y11_N28  ; 12      ; Clock enable              ; no     ; --                   ; --               ; --                        ;
; fsm_maquina_expendedora:UFSM|state.DISPENSING       ; FF_X7_Y14_N15      ; 24      ; Sync. clear               ; no     ; --                   ; --               ; --                        ;
; ram_stock:URAM|Decoder0~1                           ; LCCOMB_X7_Y22_N12  ; 2       ; Clock enable              ; no     ; --                   ; --               ; --                        ;
; ram_stock:URAM|Decoder0~11                          ; LCCOMB_X7_Y22_N6   ; 2       ; Clock enable              ; no     ; --                   ; --               ; --                        ;
; ram_stock:URAM|Decoder0~13                          ; LCCOMB_X7_Y22_N8   ; 2       ; Clock enable              ; no     ; --                   ; --               ; --                        ;
; ram_stock:URAM|Decoder0~15                          ; LCCOMB_X7_Y21_N6   ; 2       ; Clock enable              ; no     ; --                   ; --               ; --                        ;
; ram_stock:URAM|Decoder0~16                          ; LCCOMB_X6_Y21_N10  ; 2       ; Clock enable              ; no     ; --                   ; --               ; --                        ;
; ram_stock:URAM|Decoder0~17                          ; LCCOMB_X6_Y22_N28  ; 2       ; Clock enable              ; no     ; --                   ; --               ; --                        ;
; ram_stock:URAM|Decoder0~18                          ; LCCOMB_X6_Y22_N22  ; 2       ; Clock enable              ; no     ; --                   ; --               ; --                        ;
; ram_stock:URAM|Decoder0~19                          ; LCCOMB_X6_Y21_N20  ; 2       ; Clock enable              ; no     ; --                   ; --               ; --                        ;
; ram_stock:URAM|Decoder0~20                          ; LCCOMB_X7_Y22_N2   ; 2       ; Clock enable              ; no     ; --                   ; --               ; --                        ;
; ram_stock:URAM|Decoder0~21                          ; LCCOMB_X7_Y22_N0   ; 2       ; Clock enable              ; no     ; --                   ; --               ; --                        ;
; ram_stock:URAM|Decoder0~22                          ; LCCOMB_X7_Y21_N0   ; 2       ; Clock enable              ; no     ; --                   ; --               ; --                        ;
; ram_stock:URAM|Decoder0~23                          ; LCCOMB_X7_Y21_N30  ; 2       ; Clock enable              ; no     ; --                   ; --               ; --                        ;
; ram_stock:URAM|Decoder0~3                           ; LCCOMB_X6_Y22_N6   ; 2       ; Clock enable              ; no     ; --                   ; --               ; --                        ;
; ram_stock:URAM|Decoder0~5                           ; LCCOMB_X6_Y21_N4   ; 2       ; Clock enable              ; no     ; --                   ; --               ; --                        ;
; ram_stock:URAM|Decoder0~7                           ; LCCOMB_X7_Y21_N12  ; 2       ; Clock enable              ; no     ; --                   ; --               ; --                        ;
; ram_stock:URAM|Decoder0~9                           ; LCCOMB_X7_Y21_N16  ; 2       ; Clock enable              ; no     ; --                   ; --               ; --                        ;
; reset                                               ; PIN_J6             ; 206     ; Async. clear, Sync. clear ; no     ; --                   ; --               ; --                        ;
; servo_giro180:U_SERVO1|counter[0]~59                ; LCCOMB_X12_Y15_N22 ; 20      ; Sync. clear               ; no     ; --                   ; --               ; --                        ;
; servo_giro180:U_SERVO1|turn_counter[7]~2            ; LCCOMB_X11_Y19_N2  ; 31      ; Clock enable              ; no     ; --                   ; --               ; --                        ;
; servo_giro180:U_SERVO2|turn_counter[28]~2           ; LCCOMB_X12_Y17_N4  ; 31      ; Clock enable              ; no     ; --                   ; --               ; --                        ;
; servo_puerta:U_SERVO_PUERTA|counter[10]~61          ; LCCOMB_X8_Y13_N30  ; 20      ; Sync. clear               ; no     ; --                   ; --               ; --                        ;
; servo_puerta:U_SERVO_PUERTA|turn_counter[3]~5       ; LCCOMB_X8_Y13_N22  ; 31      ; Clock enable              ; no     ; --                   ; --               ; --                        ;
; servos_monedas:U_SERVOS_MONEDAS|turn_counter1[6]~3  ; LCCOMB_X12_Y11_N0  ; 31      ; Clock enable              ; no     ; --                   ; --               ; --                        ;
; servos_monedas:U_SERVOS_MONEDAS|turn_counter2[26]~3 ; LCCOMB_X19_Y25_N20 ; 31      ; Clock enable              ; no     ; --                   ; --               ; --                        ;
; sumador_saldo:U_saldo|Equal0~7                      ; LCCOMB_X14_Y14_N12 ; 4       ; Clock enable              ; no     ; --                   ; --               ; --                        ;
; sumador_saldo:U_saldo|LessThan0~4                   ; LCCOMB_X15_Y12_N26 ; 24      ; Clock enable              ; no     ; --                   ; --               ; --                        ;
; sumador_saldo:U_saldo|cnt1000[22]~71                ; LCCOMB_X14_Y14_N30 ; 23      ; Clock enable              ; no     ; --                   ; --               ; --                        ;
; sumador_saldo:U_saldo|cnt500[22]~71                 ; LCCOMB_X14_Y14_N16 ; 23      ; Clock enable              ; no     ; --                   ; --               ; --                        ;
; sumador_saldo:U_saldo|process_0~0                   ; LCCOMB_X12_Y12_N8  ; 41      ; Sync. load                ; no     ; --                   ; --               ; --                        ;
; sumador_saldo:U_saldo|process_0~1                   ; LCCOMB_X15_Y13_N2  ; 26      ; Sync. load                ; no     ; --                   ; --               ; --                        ;
; sumador_saldo:U_saldo|saldo_reg[13]~3               ; LCCOMB_X15_Y19_N18 ; 11      ; Clock enable              ; no     ; --                   ; --               ; --                        ;
+-----------------------------------------------------+--------------------+---------+---------------------------+--------+----------------------+------------------+---------------------------+


+-----------------------------------------------------------------------------------------------------------------------------------------------------------------+
; Global & Other Fast Signals                                                                                                                                     ;
+---------------------------+--------------+---------+--------------------------------------+----------------------+------------------+---------------------------+
; Name                      ; Location     ; Fan-Out ; Fan-Out Using Intentional Clock Skew ; Global Resource Used ; Global Line Name ; Enable Signal Source Name ;
+---------------------------+--------------+---------+--------------------------------------+----------------------+------------------+---------------------------+
; clk                       ; PIN_G21      ; 530     ; 56                                   ; Global Clock         ; GCLK9            ; --                        ;
; div_50millones:U1|clk_out ; FF_X20_Y4_N1 ; 10      ; 0                                    ; Global Clock         ; GCLK18           ; --                        ;
+---------------------------+--------------+---------+--------------------------------------+----------------------+------------------+---------------------------+


+--------------------------------------------------------------------------------------------------------------------------------------------------------------------+
; Non-Global High Fan-Out Signals                                                                                                                                    ;
+----------------------------------------------------------------------------------------------------------------------------------------------------------+---------+
; Name                                                                                                                                                     ; Fan-Out ;
+----------------------------------------------------------------------------------------------------------------------------------------------------------+---------+
; reset~input                                                                                                                                              ; 206     ;
; comb~0                                                                                                                                                   ; 81      ;
; RESTADOR:URES|cambio_reg[14]                                                                                                                             ; 75      ;
; ~GND                                                                                                                                                     ; 56      ;
; bin_bcd:U_bcd3|lpm_divide:Mod1|lpm_divide_bbm:auto_generated|sign_div_unsign_9nh:divider|alt_u_div_t8f:divider|add_sub_13_result_int[14]~24              ; 48      ;
; bin_bcd:U_bcd3|lpm_divide:Mod0|lpm_divide_bbm:auto_generated|sign_div_unsign_9nh:divider|alt_u_div_t8f:divider|op_4~22                                   ; 48      ;
; bin_bcd:U_bcd1|lpm_divide:Mod1|lpm_divide_bbm:auto_generated|sign_div_unsign_9nh:divider|alt_u_div_t8f:divider|add_sub_13_result_int[14]~26              ; 48      ;
; sumador_saldo:U_saldo|process_0~0                                                                                                                        ; 41      ;
; cont30:U_RESET_AUTO|done_int                                                                                                                             ; 40      ;
; fsm_maquina_expendedora:UFSM|lpm_divide:Mod0|lpm_divide_5po:auto_generated|abs_divider_6dg:divider|alt_u_div_19f:divider|op_4~22                         ; 37      ;
; fsm_maquina_expendedora:UFSM|lpm_divide:Mod0|lpm_divide_5po:auto_generated|abs_divider_6dg:divider|alt_u_div_19f:divider|add_sub_12_result_int[13]~20    ; 37      ;
; bin_bcd:U_bcd3|lpm_divide:Mod2|lpm_divide_bbm:auto_generated|sign_div_unsign_9nh:divider|alt_u_div_t8f:divider|add_sub_11_result_int[12]~22              ; 36      ;
; bin_bcd:U_bcd3|lpm_divide:Mod1|lpm_divide_bbm:auto_generated|sign_div_unsign_9nh:divider|alt_u_div_t8f:divider|add_sub_12_result_int[13]~22              ; 36      ;
; bin_bcd:U_bcd3|lpm_divide:Mod1|lpm_divide_bbm:auto_generated|sign_div_unsign_9nh:divider|alt_u_div_t8f:divider|add_sub_11_result_int[12]~20              ; 36      ;
; bin_bcd:U_bcd3|lpm_divide:Mod0|lpm_divide_bbm:auto_generated|sign_div_unsign_9nh:divider|alt_u_div_t8f:divider|op_3~20                                   ; 36      ;
; bin_bcd:U_bcd1|lpm_divide:Mod2|lpm_divide_bbm:auto_generated|sign_div_unsign_9nh:divider|alt_u_div_t8f:divider|add_sub_11_result_int[12]~22              ; 36      ;
; bin_bcd:U_bcd3|lpm_divide:Mod0|lpm_divide_bbm:auto_generated|sign_div_unsign_9nh:divider|alt_u_div_t8f:divider|add_sub_11_result_int[12]~18              ; 35      ;
; servo_puerta:U_SERVO_PUERTA|active_turn                                                                                                                  ; 33      ;
; fsm_maquina_expendedora:UFSM|lpm_divide:Mod0|lpm_divide_5po:auto_generated|abs_divider_6dg:divider|alt_u_div_19f:divider|add_sub_11_result_int[12]~18    ; 33      ;
; fsm_maquina_expendedora:UFSM|lpm_divide:Div1|lpm_divide_u0p:auto_generated|abs_divider_2dg:divider|alt_u_div_p8f:divider|add_sub_11_result_int[12]~18    ; 33      ;
; bin_bcd:U_bcd3|lpm_divide:Mod2|lpm_divide_bbm:auto_generated|sign_div_unsign_9nh:divider|alt_u_div_t8f:divider|add_sub_10_result_int[11]~20              ; 33      ;
; bin_bcd:U_bcd3|lpm_divide:Mod1|lpm_divide_bbm:auto_generated|sign_div_unsign_9nh:divider|alt_u_div_t8f:divider|add_sub_10_result_int[11]~18              ; 33      ;
; bin_bcd:U_bcd1|lpm_divide:Mod2|lpm_divide_bbm:auto_generated|sign_div_unsign_9nh:divider|alt_u_div_t8f:divider|add_sub_10_result_int[11]~20              ; 33      ;
; fsm_maquina_expendedora:UFSM|change_timer[23]~97                                                                                                         ; 32      ;
; fsm_maquina_expendedora:UFSM|change_timer[23]~96                                                                                                         ; 32      ;
; servo_puerta:U_SERVO_PUERTA|LessThan2~7                                                                                                                  ; 32      ;
; servo_giro180:U_SERVO2|duty_cycle~1                                                                                                                      ; 32      ;
; servo_giro180:U_SERVO1|duty_cycle~1                                                                                                                      ; 32      ;
; bin_bcd:U_bcd3|lpm_divide:Mod0|lpm_divide_bbm:auto_generated|sign_div_unsign_9nh:divider|alt_u_div_t8f:divider|add_sub_10_result_int[11]~16              ; 32      ;
; sel_prod[1]~input                                                                                                                                        ; 31      ;
; servo_puerta:U_SERVO_PUERTA|turn_counter[3]~5                                                                                                            ; 31      ;
; servos_monedas:U_SERVOS_MONEDAS|turn_counter2[26]~3                                                                                                      ; 31      ;
; servos_monedas:U_SERVOS_MONEDAS|turn_counter1[6]~3                                                                                                       ; 31      ;
; servo_giro180:U_SERVO2|turn_counter[28]~2                                                                                                                ; 31      ;
; servo_giro180:U_SERVO1|turn_counter[7]~2                                                                                                                 ; 31      ;
; servos_monedas:U_SERVOS_MONEDAS|duty_cycle2~0                                                                                                            ; 31      ;
; servos_monedas:U_SERVOS_MONEDAS|duty_cycle1~0                                                                                                            ; 31      ;
; fsm_maquina_expendedora:UFSM|lpm_divide:Mod0|lpm_divide_5po:auto_generated|abs_divider_6dg:divider|alt_u_div_19f:divider|add_sub_10_result_int[11]~16    ; 31      ;
; fsm_maquina_expendedora:UFSM|lpm_divide:Div1|lpm_divide_u0p:auto_generated|abs_divider_2dg:divider|alt_u_div_p8f:divider|add_sub_12_result_int[12]~18    ; 31      ;
; fsm_maquina_expendedora:UFSM|lpm_divide:Div1|lpm_divide_u0p:auto_generated|abs_divider_2dg:divider|alt_u_div_p8f:divider|add_sub_10_result_int[11]~16    ; 31      ;
; sel_prod[3]~input                                                                                                                                        ; 30      ;
; sel_prod[0]~input                                                                                                                                        ; 30      ;
; fsm_maquina_expendedora:UFSM|r_door_led                                                                                                                  ; 30      ;
; bin_bcd:U_bcd3|lpm_divide:Mod2|lpm_divide_bbm:auto_generated|sign_div_unsign_9nh:divider|alt_u_div_t8f:divider|add_sub_9_result_int[10]~18               ; 30      ;
; bin_bcd:U_bcd3|lpm_divide:Mod1|lpm_divide_bbm:auto_generated|sign_div_unsign_9nh:divider|alt_u_div_t8f:divider|add_sub_9_result_int[10]~16               ; 30      ;
; bin_bcd:U_bcd1|lpm_divide:Mod2|lpm_divide_bbm:auto_generated|sign_div_unsign_9nh:divider|alt_u_div_t8f:divider|add_sub_9_result_int[10]~18               ; 30      ;
; sel_prod[2]~input                                                                                                                                        ; 29      ;
; bin_bcd:U_bcd3|lpm_divide:Div0|lpm_divide_4jm:auto_generated|sign_div_unsign_5nh:divider|alt_u_div_l8f:divider|add_sub_10_result_int[11]~16              ; 29      ;
; fsm_maquina_expendedora:UFSM|Add5~24                                                                                                                     ; 27      ;
; fsm_maquina_expendedora:UFSM|lpm_divide:Div1|lpm_divide_u0p:auto_generated|abs_divider_2dg:divider|alt_u_div_p8f:divider|add_sub_9_result_int[10]~14     ; 27      ;
; bin_bcd:U_bcd3|lpm_divide:Div0|lpm_divide_4jm:auto_generated|sign_div_unsign_5nh:divider|alt_u_div_l8f:divider|add_sub_11_result_int[11]~16              ; 27      ;
; bin_bcd:U_bcd3|lpm_divide:Mod2|lpm_divide_bbm:auto_generated|sign_div_unsign_9nh:divider|alt_u_div_t8f:divider|add_sub_8_result_int[9]~16                ; 27      ;
; bin_bcd:U_bcd3|lpm_divide:Mod1|lpm_divide_bbm:auto_generated|sign_div_unsign_9nh:divider|alt_u_div_t8f:divider|add_sub_8_result_int[9]~14                ; 27      ;
; bin_bcd:U_bcd3|lpm_divide:Mod0|lpm_divide_bbm:auto_generated|sign_div_unsign_9nh:divider|alt_u_div_t8f:divider|add_sub_9_result_int[10]~14               ; 27      ;
; bin_bcd:U_bcd1|lpm_divide:Mod2|lpm_divide_bbm:auto_generated|sign_div_unsign_9nh:divider|alt_u_div_t8f:divider|add_sub_8_result_int[9]~16                ; 27      ;
; sumador_saldo:U_saldo|process_0~1                                                                                                                        ; 26      ;
; fsm_maquina_expendedora:UFSM|lpm_divide:Mod0|lpm_divide_5po:auto_generated|abs_divider_6dg:divider|alt_u_div_19f:divider|op_5~24                         ; 26      ;
; bin_bcd:U_bcd3|lpm_divide:Div0|lpm_divide_4jm:auto_generated|sign_div_unsign_5nh:divider|alt_u_div_l8f:divider|add_sub_9_result_int[10]~14               ; 26      ;
; bin_bcd:U_bcd1|lpm_divide:Mod2|lpm_divide_bbm:auto_generated|sign_div_unsign_9nh:divider|alt_u_div_t8f:divider|add_sub_12_result_int[13]~24              ; 26      ;
; fsm_maquina_expendedora:UFSM|lpm_divide:Div2|lpm_divide_v0p:auto_generated|abs_divider_3dg:divider|alt_u_div_q8f:divider|add_sub_13_result_int[11]~18    ; 25      ;
; fsm_maquina_expendedora:UFSM|lpm_divide:Div2|lpm_divide_v0p:auto_generated|abs_divider_3dg:divider|alt_u_div_q8f:divider|add_sub_12_result_int[11]~18    ; 25      ;
; fsm_maquina_expendedora:UFSM|lpm_divide:Div2|lpm_divide_v0p:auto_generated|abs_divider_3dg:divider|alt_u_div_q8f:divider|add_sub_11_result_int[11]~18    ; 25      ;
; fsm_maquina_expendedora:UFSM|lpm_divide:Div2|lpm_divide_v0p:auto_generated|abs_divider_3dg:divider|alt_u_div_q8f:divider|add_sub_10_result_int[11]~18    ; 25      ;
; fsm_maquina_expendedora:UFSM|lpm_divide:Div2|lpm_divide_v0p:auto_generated|abs_divider_3dg:divider|alt_u_div_q8f:divider|add_sub_9_result_int[10]~16     ; 25      ;
; fsm_maquina_expendedora:UFSM|lpm_divide:Mod0|lpm_divide_5po:auto_generated|abs_divider_6dg:divider|alt_u_div_19f:divider|add_sub_9_result_int[10]~14     ; 25      ;
; sumador_saldo:U_saldo|LessThan0~4                                                                                                                        ; 24      ;
; fsm_maquina_expendedora:UFSM|state.DISPENSING                                                                                                            ; 24      ;
; bin_bcd:U_bcd3|lpm_divide:Mod2|lpm_divide_bbm:auto_generated|sign_div_unsign_9nh:divider|alt_u_div_t8f:divider|add_sub_12_result_int[13]~24              ; 24      ;
; bin_bcd:U_bcd3|lpm_divide:Mod2|lpm_divide_bbm:auto_generated|sign_div_unsign_9nh:divider|alt_u_div_t8f:divider|add_sub_7_result_int[8]~14                ; 24      ;
; bin_bcd:U_bcd3|lpm_divide:Mod1|lpm_divide_bbm:auto_generated|sign_div_unsign_9nh:divider|alt_u_div_t8f:divider|add_sub_7_result_int[8]~12                ; 24      ;
; bin_bcd:U_bcd1|lpm_divide:Mod2|lpm_divide_bbm:auto_generated|sign_div_unsign_9nh:divider|alt_u_div_t8f:divider|add_sub_7_result_int[8]~14                ; 24      ;
; sumador_saldo:U_saldo|cnt500[22]~71                                                                                                                      ; 23      ;
; sumador_saldo:U_saldo|cnt1000[22]~71                                                                                                                     ; 23      ;
; fsm_maquina_expendedora:UFSM|lpm_divide:Div2|lpm_divide_v0p:auto_generated|abs_divider_3dg:divider|alt_u_div_q8f:divider|add_sub_8_result_int[9]~14      ; 23      ;
; bin_bcd:U_bcd3|lpm_divide:Div1|lpm_divide_qhm:auto_generated|sign_div_unsign_rlh:divider|alt_u_div_16f:divider|add_sub_11_result_int[8]~12               ; 21      ;
; bin_bcd:U_bcd3|lpm_divide:Div1|lpm_divide_qhm:auto_generated|sign_div_unsign_rlh:divider|alt_u_div_16f:divider|add_sub_10_result_int[8]~12               ; 21      ;
; bin_bcd:U_bcd3|lpm_divide:Mod2|lpm_divide_bbm:auto_generated|sign_div_unsign_9nh:divider|alt_u_div_t8f:divider|add_sub_6_result_int[7]~12                ; 21      ;
; bin_bcd:U_bcd3|lpm_divide:Mod1|lpm_divide_bbm:auto_generated|sign_div_unsign_9nh:divider|alt_u_div_t8f:divider|add_sub_6_result_int[7]~10                ; 21      ;
; bin_bcd:U_bcd1|lpm_divide:Mod2|lpm_divide_bbm:auto_generated|sign_div_unsign_9nh:divider|alt_u_div_t8f:divider|add_sub_6_result_int[7]~12                ; 21      ;
; servo_puerta:U_SERVO_PUERTA|counter[10]~61                                                                                                               ; 20      ;
; servo_giro180:U_SERVO1|counter[0]~59                                                                                                                     ; 20      ;
; fsm_maquina_expendedora:UFSM|lpm_divide:Div1|lpm_divide_u0p:auto_generated|abs_divider_2dg:divider|alt_u_div_p8f:divider|op_4~18                         ; 20      ;
; fsm_maquina_expendedora:UFSM|lpm_divide:Div0|lpm_divide_qhm:auto_generated|sign_div_unsign_rlh:divider|alt_u_div_16f:divider|add_sub_11_result_int[8]~12 ; 20      ;
; fsm_maquina_expendedora:UFSM|lpm_divide:Div0|lpm_divide_qhm:auto_generated|sign_div_unsign_rlh:divider|alt_u_div_16f:divider|add_sub_10_result_int[8]~12 ; 20      ;
; fsm_maquina_expendedora:UFSM|lpm_divide:Div0|lpm_divide_qhm:auto_generated|sign_div_unsign_rlh:divider|alt_u_div_16f:divider|add_sub_9_result_int[8]~12  ; 20      ;
; fsm_maquina_expendedora:UFSM|lpm_divide:Div0|lpm_divide_qhm:auto_generated|sign_div_unsign_rlh:divider|alt_u_div_16f:divider|add_sub_8_result_int[8]~12  ; 20      ;
; fsm_maquina_expendedora:UFSM|lpm_divide:Div0|lpm_divide_qhm:auto_generated|sign_div_unsign_rlh:divider|alt_u_div_16f:divider|add_sub_7_result_int[8]~12  ; 20      ;
; bin_bcd:U_bcd3|lpm_divide:Div1|lpm_divide_qhm:auto_generated|sign_div_unsign_rlh:divider|alt_u_div_16f:divider|add_sub_9_result_int[8]~12                ; 20      ;
; bin_bcd:U_bcd3|lpm_divide:Div1|lpm_divide_qhm:auto_generated|sign_div_unsign_rlh:divider|alt_u_div_16f:divider|add_sub_8_result_int[8]~12                ; 20      ;
; bin_bcd:U_bcd3|lpm_divide:Div1|lpm_divide_qhm:auto_generated|sign_div_unsign_rlh:divider|alt_u_div_16f:divider|add_sub_7_result_int[8]~12                ; 20      ;
; bin_bcd:U_bcd3|lpm_divide:Div1|lpm_divide_qhm:auto_generated|sign_div_unsign_rlh:divider|alt_u_div_16f:divider|add_sub_6_result_int[7]~10                ; 20      ;
; fsm_maquina_expendedora:UFSM|lpm_divide:Div2|lpm_divide_v0p:auto_generated|abs_divider_3dg:divider|alt_u_div_q8f:divider|add_sub_14_result_int[11]~18    ; 18      ;
; fsm_maquina_expendedora:UFSM|lpm_divide:Div0|lpm_divide_qhm:auto_generated|sign_div_unsign_rlh:divider|alt_u_div_16f:divider|add_sub_6_result_int[7]~10  ; 18      ;
; bin_bcd:U_bcd3|lpm_divide:Mod2|lpm_divide_bbm:auto_generated|sign_div_unsign_9nh:divider|alt_u_div_t8f:divider|add_sub_5_result_int[6]~10                ; 18      ;
; bin_bcd:U_bcd1|lpm_divide:Mod2|lpm_divide_bbm:auto_generated|sign_div_unsign_9nh:divider|alt_u_div_t8f:divider|add_sub_5_result_int[6]~10                ; 18      ;
; bin_bcd:U_bcd3|lpm_divide:Div0|lpm_divide_4jm:auto_generated|sign_div_unsign_5nh:divider|alt_u_div_l8f:divider|op_3~16                                   ; 17      ;
; BUZZER:U_BUZZER|CONTADOR_NOTA[1]~18                                                                                                                      ; 16      ;
; fsm_maquina_expendedora:UFSM|r_ram_din[1]                                                                                                                ; 16      ;
; fsm_maquina_expendedora:UFSM|r_ram_din[0]                                                                                                                ; 16      ;
; confirmar~input                                                                                                                                          ; 15      ;
; RESTADOR:URES|cambio_reg[2]                                                                                                                              ; 15      ;
; bin_bcd:U_bcd3|lpm_divide:Mod2|lpm_divide_bbm:auto_generated|sign_div_unsign_9nh:divider|alt_u_div_t8f:divider|add_sub_4_result_int[5]~8                 ; 15      ;
; bin_bcd:U_bcd1|lpm_divide:Mod2|lpm_divide_bbm:auto_generated|sign_div_unsign_9nh:divider|alt_u_div_t8f:divider|add_sub_4_result_int[5]~8                 ; 15      ;
; div_50millones:U1|Equal0~6                                                                                                                               ; 13      ;
; div_500ms:U2|Equal0~6                                                                                                                                    ; 13      ;
; div_2seg:U3|Equal0~8                                                                                                                                     ; 13      ;
; fsm_maquina_expendedora:UFSM|lpm_divide:Div0|lpm_divide_qhm:auto_generated|sign_div_unsign_rlh:divider|alt_u_div_16f:divider|op_3~12                     ; 13      ;
; bin_bcd:U_bcd3|lpm_divide:Div1|lpm_divide_qhm:auto_generated|sign_div_unsign_rlh:divider|alt_u_div_16f:divider|add_sub_12_result_int[8]~12               ; 13      ;
; fsm_maquina_expendedora:UFSM|r_valor_full[2]~36                                                                                                          ; 12      ;
; fsm_maquina_expendedora:UFSM|process_1~5                                                                                                                 ; 12      ;
; RESTADOR:URES|cambio_reg[3]                                                                                                                              ; 12      ;
; RESTADOR:URES|cambio_reg[5]                                                                                                                              ; 12      ;
; bin_bcd:U_bcd1|lpm_divide:Div2|lpm_divide_nhm:auto_generated|sign_div_unsign_olh:divider|alt_u_div_r5f:divider|add_sub_11_result_int[5]~8                ; 12      ;
; bin_bcd:U_bcd1|lpm_divide:Div2|lpm_divide_nhm:auto_generated|sign_div_unsign_olh:divider|alt_u_div_r5f:divider|add_sub_10_result_int[5]~8                ; 12      ;
; bin_bcd:U_bcd3|lpm_divide:Div2|lpm_divide_nhm:auto_generated|sign_div_unsign_olh:divider|alt_u_div_r5f:divider|add_sub_11_result_int[5]~8                ; 12      ;
; bin_bcd:U_bcd3|lpm_divide:Div2|lpm_divide_nhm:auto_generated|sign_div_unsign_olh:divider|alt_u_div_r5f:divider|add_sub_10_result_int[5]~8                ; 12      ;
; bin_bcd:U_bcd3|lpm_divide:Mod2|lpm_divide_bbm:auto_generated|sign_div_unsign_9nh:divider|alt_u_div_t8f:divider|add_sub_3_result_int[4]~6                 ; 12      ;
; bin_bcd:U_bcd1|lpm_divide:Mod2|lpm_divide_bbm:auto_generated|sign_div_unsign_9nh:divider|alt_u_div_t8f:divider|add_sub_3_result_int[4]~6                 ; 12      ;
; sumador_saldo:U_saldo|saldo_reg[13]~3                                                                                                                    ; 11      ;
; sumador_saldo:U_saldo|saldo_reg~2                                                                                                                        ; 11      ;
; bin_bcd:U_bcd1|lpm_divide:Div2|lpm_divide_nhm:auto_generated|sign_div_unsign_olh:divider|alt_u_div_r5f:divider|add_sub_9_result_int[5]~8                 ; 11      ;
; bin_bcd:U_bcd1|lpm_divide:Div2|lpm_divide_nhm:auto_generated|sign_div_unsign_olh:divider|alt_u_div_r5f:divider|add_sub_8_result_int[5]~8                 ; 11      ;
; bin_bcd:U_bcd1|lpm_divide:Div2|lpm_divide_nhm:auto_generated|sign_div_unsign_olh:divider|alt_u_div_r5f:divider|add_sub_7_result_int[5]~8                 ; 11      ;
; bin_bcd:U_bcd1|lpm_divide:Div2|lpm_divide_nhm:auto_generated|sign_div_unsign_olh:divider|alt_u_div_r5f:divider|add_sub_6_result_int[5]~8                 ; 11      ;
; bin_bcd:U_bcd1|lpm_divide:Div2|lpm_divide_nhm:auto_generated|sign_div_unsign_olh:divider|alt_u_div_r5f:divider|add_sub_5_result_int[5]~8                 ; 11      ;
; bin_bcd:U_bcd1|lpm_divide:Div2|lpm_divide_nhm:auto_generated|sign_div_unsign_olh:divider|alt_u_div_r5f:divider|add_sub_4_result_int[5]~8                 ; 11      ;
; bin_bcd:U_bcd1|lpm_divide:Div2|lpm_divide_nhm:auto_generated|sign_div_unsign_olh:divider|alt_u_div_r5f:divider|add_sub_3_result_int[4]~6                 ; 11      ;
; bin_bcd:U_bcd3|lpm_divide:Div2|lpm_divide_nhm:auto_generated|sign_div_unsign_olh:divider|alt_u_div_r5f:divider|add_sub_9_result_int[5]~8                 ; 11      ;
; bin_bcd:U_bcd3|lpm_divide:Div2|lpm_divide_nhm:auto_generated|sign_div_unsign_olh:divider|alt_u_div_r5f:divider|add_sub_8_result_int[5]~8                 ; 11      ;
; bin_bcd:U_bcd3|lpm_divide:Div2|lpm_divide_nhm:auto_generated|sign_div_unsign_olh:divider|alt_u_div_r5f:divider|add_sub_7_result_int[5]~8                 ; 11      ;
; bin_bcd:U_bcd3|lpm_divide:Div2|lpm_divide_nhm:auto_generated|sign_div_unsign_olh:divider|alt_u_div_r5f:divider|add_sub_6_result_int[5]~8                 ; 11      ;
; bin_bcd:U_bcd3|lpm_divide:Div2|lpm_divide_nhm:auto_generated|sign_div_unsign_olh:divider|alt_u_div_r5f:divider|add_sub_5_result_int[5]~8                 ; 11      ;
; bin_bcd:U_bcd3|lpm_divide:Div2|lpm_divide_nhm:auto_generated|sign_div_unsign_olh:divider|alt_u_div_r5f:divider|add_sub_4_result_int[5]~8                 ; 11      ;
; bin_bcd:U_bcd3|lpm_divide:Div2|lpm_divide_nhm:auto_generated|sign_div_unsign_olh:divider|alt_u_div_r5f:divider|add_sub_3_result_int[4]~6                 ; 11      ;
; sumador_saldo:U_saldo|saldo_reg[3]                                                                                                                       ; 10      ;
; sumador_saldo:U_saldo|saldo_reg[4]                                                                                                                       ; 10      ;
; sumador_saldo:U_saldo|saldo_reg[5]                                                                                                                       ; 10      ;
; sumador_saldo:U_saldo|saldo_reg[8]                                                                                                                       ; 10      ;
; sumador_saldo:U_saldo|saldo_reg[11]                                                                                                                      ; 10      ;
; sumador_saldo:U_saldo|saldo_reg[12]                                                                                                                      ; 10      ;
; sumador_saldo:U_saldo|saldo_reg[13]                                                                                                                      ; 10      ;
; sumador_saldo:U_saldo|saldo_reg[6]                                                                                                                       ; 9       ;
; sumador_saldo:U_saldo|saldo_reg[7]                                                                                                                       ; 9       ;
; sumador_saldo:U_saldo|saldo_reg[9]                                                                                                                       ; 9       ;
; sumador_saldo:U_saldo|saldo_reg[10]                                                                                                                      ; 9       ;
; bin_bcd:U_bcd1|lpm_divide:Div2|lpm_divide_nhm:auto_generated|sign_div_unsign_olh:divider|alt_u_div_r5f:divider|add_sub_12_result_int[5]~8                ; 9       ;
; fsm_maquina_expendedora:UFSM|lpm_divide:Mod0|lpm_divide_5po:auto_generated|abs_divider_6dg:divider|lpm_abs_av9:my_abs_num|cs2a[7]~13                     ; 8       ;
; fsm_maquina_expendedora:UFSM|lpm_divide:Div1|lpm_divide_u0p:auto_generated|abs_divider_2dg:divider|lpm_abs_av9:my_abs_num|cs2a[6]~18                     ; 8       ;
; fsm_maquina_expendedora:UFSM|lpm_divide:Div1|lpm_divide_u0p:auto_generated|abs_divider_2dg:divider|lpm_abs_av9:my_abs_num|cs2a[4]~16                     ; 8       ;
; fsm_maquina_expendedora:UFSM|lpm_divide:Div1|lpm_divide_u0p:auto_generated|abs_divider_2dg:divider|lpm_abs_av9:my_abs_num|cs2a[4]~15                     ; 8       ;
; fsm_maquina_expendedora:UFSM|r_ram_we                                                                                                                    ; 8       ;
; fsm_maquina_expendedora:UFSM|state.WAITING_SELECTION                                                                                                     ; 8       ;
; sumador_saldo:U_saldo|saldo_reg[2]                                                                                                                       ; 8       ;
; RESTADOR:URES|cambio_reg[8]                                                                                                                              ; 8       ;
; RESTADOR:URES|cambio_reg[11]                                                                                                                             ; 8       ;
; fsm_maquina_expendedora:UFSM|r_valor_full[3]                                                                                                             ; 8       ;
; fsm_maquina_expendedora:UFSM|r_valor_full[4]                                                                                                             ; 8       ;
; fsm_maquina_expendedora:UFSM|r_valor_full[5]                                                                                                             ; 8       ;
; fsm_maquina_expendedora:UFSM|r_valor_full[6]                                                                                                             ; 8       ;
; cont30:Ucont|counting                                                                                                                                    ; 7       ;
; fsm_maquina_expendedora:UFSM|lpm_divide:Div2|lpm_divide_v0p:auto_generated|abs_divider_3dg:divider|lpm_abs_bv9:my_abs_num|cs2a[7]~33                     ; 7       ;
; fsm_maquina_expendedora:UFSM|lpm_divide:Mod0|lpm_divide_5po:auto_generated|abs_divider_6dg:divider|remainder[2]~12                                       ; 7       ;
; fsm_maquina_expendedora:UFSM|r_start_entrega                                                                                                             ; 7       ;
; servo_puerta:U_SERVO_PUERTA|duty_cycle~0                                                                                                                 ; 7       ;
; fsm_maquina_expendedora:UFSM|Selector17~1                                                                                                                ; 7       ;
; dd3[3]~3                                                                                                                                                 ; 7       ;
; dd3[2]~2                                                                                                                                                 ; 7       ;
; dd3[1]~1                                                                                                                                                 ; 7       ;
; dd3[0]~0                                                                                                                                                 ; 7       ;
; dd2[3]~7                                                                                                                                                 ; 7       ;
; dd2[2]~5                                                                                                                                                 ; 7       ;
; dd2[1]~3                                                                                                                                                 ; 7       ;
; dd2[0]~1                                                                                                                                                 ; 7       ;
; dd1[3]~3                                                                                                                                                 ; 7       ;
; dd1[2]~2                                                                                                                                                 ; 7       ;
; dd1[1]~1                                                                                                                                                 ; 7       ;
; dd1[0]~0                                                                                                                                                 ; 7       ;
; dd0[3]~10                                                                                                                                                ; 7       ;
; dd0[2]~7                                                                                                                                                 ; 7       ;
; dd0[1]~3                                                                                                                                                 ; 7       ;
; dd0[0]~1                                                                                                                                                 ; 7       ;
; bin_bcd:U_bcd3|lpm_divide:Div2|lpm_divide_nhm:auto_generated|sign_div_unsign_olh:divider|alt_u_div_r5f:divider|add_sub_12_result_int[5]~8                ; 7       ;
; fsm_maquina_expendedora:UFSM|lpm_divide:Mod0|lpm_divide_5po:auto_generated|abs_divider_6dg:divider|lpm_abs_av9:my_abs_num|cs2a[9]~11                     ; 6       ;
; fsm_maquina_expendedora:UFSM|num500~0                                                                                                                    ; 6       ;
; fsm_maquina_expendedora:UFSM|lpm_divide:Div1|lpm_divide_u0p:auto_generated|abs_divider_2dg:divider|lpm_abs_av9:my_abs_num|cs2a[10]~14                    ; 6       ;
; fsm_maquina_expendedora:UFSM|lpm_divide:Mod0|lpm_divide_5po:auto_generated|abs_divider_6dg:divider|lpm_abs_av9:my_abs_num|cs2a[12]~10                    ; 6       ;
; fsm_maquina_expendedora:UFSM|lpm_divide:Div1|lpm_divide_u0p:auto_generated|abs_divider_2dg:divider|lpm_abs_av9:my_abs_num|cs2a[13]~12                    ; 6       ;
; fsm_maquina_expendedora:UFSM|lpm_divide:Div1|lpm_divide_u0p:auto_generated|abs_divider_2dg:divider|lpm_abs_av9:my_abs_num|cs2a[13]~11                    ; 6       ;
; fsm_maquina_expendedora:UFSM|lpm_divide:Div1|lpm_divide_u0p:auto_generated|abs_divider_2dg:divider|lpm_abs_av9:my_abs_num|cs2a[10]~10                    ; 6       ;
; fsm_maquina_expendedora:UFSM|lpm_divide:Mod0|lpm_divide_5po:auto_generated|abs_divider_6dg:divider|lpm_abs_av9:my_abs_num|cs2a[7]~9                      ; 6       ;
; servos_monedas:U_SERVOS_MONEDAS|duty_cycle2~1                                                                                                            ; 6       ;
; servos_monedas:U_SERVOS_MONEDAS|duty_cycle1~1                                                                                                            ; 6       ;
; div_2seg:U3|count1[0]                                                                                                                                    ; 6       ;
; fsm_maquina_expendedora:UFSM|giro_counter[0]                                                                                                             ; 6       ;
; cont30:U_RESET_AUTO|counting                                                                                                                             ; 6       ;
; fsm_maquina_expendedora:UFSM|Add5~10                                                                                                                     ; 6       ;
; servo_giro180:U_SERVO1|counter[13]                                                                                                                       ; 6       ;
; servo_giro180:U_SERVO1|counter[8]                                                                                                                        ; 6       ;
; servo_giro180:U_SERVO1|counter[10]                                                                                                                       ; 6       ;
; servo_giro180:U_SERVO1|counter[9]                                                                                                                        ; 6       ;
; servo_giro180:U_SERVO1|counter[14]                                                                                                                       ; 6       ;
; servo_giro180:U_SERVO1|counter[15]                                                                                                                       ; 6       ;
; servo_giro180:U_SERVO1|counter[16]                                                                                                                       ; 6       ;
; RESTADOR:URES|cambio_reg[4]                                                                                                                              ; 6       ;
; RESTADOR:URES|cambio_reg[6]                                                                                                                              ; 6       ;
; fsm_maquina_expendedora:UFSM|r_valor_full[7]                                                                                                             ; 6       ;
; fsm_maquina_expendedora:UFSM|r_valor_full[8]                                                                                                             ; 6       ;
; fsm_maquina_expendedora:UFSM|r_valor_full[9]                                                                                                             ; 6       ;
; fsm_maquina_expendedora:UFSM|r_valor_full[10]                                                                                                            ; 6       ;
; fsm_maquina_expendedora:UFSM|r_valor_full[11]                                                                                                            ; 6       ;
; fsm_maquina_expendedora:UFSM|r_valor_full[12]                                                                                                            ; 6       ;
; fsm_maquina_expendedora:UFSM|lpm_divide:Div2|lpm_divide_v0p:auto_generated|abs_divider_3dg:divider|lpm_abs_bv9:my_abs_num|cs2a[10]~34                    ; 5       ;
; fsm_maquina_expendedora:UFSM|LessThan3~3                                                                                                                 ; 5       ;
; entrega_done_sync1                                                                                                                                       ; 5       ;
; fsm_maquina_expendedora:UFSM|change_started                                                                                                              ; 5       ;
; ram_stock:URAM|Mux0~9                                                                                                                                    ; 5       ;
; ram_stock:URAM|Mux1~9                                                                                                                                    ; 5       ;
; fsm_maquina_expendedora:UFSM|Add5~16                                                                                                                     ; 5       ;
; fsm_maquina_expendedora:UFSM|Add5~4                                                                                                                      ; 5       ;
; fsm_maquina_expendedora:UFSM|Add5~0                                                                                                                      ; 5       ;
; fsm_maquina_expendedora:UFSM|change_timer[31]                                                                                                            ; 5       ;
; servo_giro180:U_SERVO2|turn_counter[31]                                                                                                                  ; 5       ;
; servo_giro180:U_SERVO1|turn_counter[31]                                                                                                                  ; 5       ;
; fsm_maquina_expendedora:UFSM|giro_counter[1]                                                                                                             ; 5       ;
; servo_giro180:U_SERVO1|counter[7]                                                                                                                        ; 5       ;
; servo_giro180:U_SERVO1|counter[5]                                                                                                                        ; 5       ;
; servo_giro180:U_SERVO1|counter[6]                                                                                                                        ; 5       ;
; RESTADOR:URES|cambio_reg[7]                                                                                                                              ; 5       ;
; RESTADOR:URES|cambio_reg[9]                                                                                                                              ; 5       ;
; RESTADOR:URES|cambio_reg[12]                                                                                                                             ; 5       ;
; fsm_maquina_expendedora:UFSM|r_valor_full[13]                                                                                                            ; 5       ;
; fsm_maquina_expendedora:UFSM|lpm_divide:Div2|lpm_divide_v0p:auto_generated|abs_divider_3dg:divider|lpm_abs_bv9:my_abs_num|cs2a[6]~48                     ; 4       ;
; bin_bcd:U_bcd3|lpm_divide:Mod0|lpm_divide_bbm:auto_generated|sign_div_unsign_9nh:divider|alt_u_div_t8f:divider|StageOut[184]~265                         ; 4       ;
; bin_bcd:U_bcd3|lpm_divide:Mod1|lpm_divide_bbm:auto_generated|sign_div_unsign_9nh:divider|alt_u_div_t8f:divider|StageOut[184]~323                         ; 4       ;
; bin_bcd:U_bcd3|lpm_divide:Mod1|lpm_divide_bbm:auto_generated|sign_div_unsign_9nh:divider|alt_u_div_t8f:divider|StageOut[185]~322                         ; 4       ;
; bin_bcd:U_bcd3|lpm_divide:Mod1|lpm_divide_bbm:auto_generated|sign_div_unsign_9nh:divider|alt_u_div_t8f:divider|StageOut[186]~321                         ; 4       ;
; bin_bcd:U_bcd3|lpm_divide:Mod1|lpm_divide_bbm:auto_generated|sign_div_unsign_9nh:divider|alt_u_div_t8f:divider|StageOut[187]~320                         ; 4       ;
; bin_bcd:U_bcd3|lpm_divide:Mod1|lpm_divide_bbm:auto_generated|sign_div_unsign_9nh:divider|alt_u_div_t8f:divider|StageOut[188]~319                         ; 4       ;
; bin_bcd:U_bcd3|lpm_divide:Mod1|lpm_divide_bbm:auto_generated|sign_div_unsign_9nh:divider|alt_u_div_t8f:divider|StageOut[189]~318                         ; 4       ;
; bin_bcd:U_bcd3|lpm_divide:Mod1|lpm_divide_bbm:auto_generated|sign_div_unsign_9nh:divider|alt_u_div_t8f:divider|StageOut[190]~317                         ; 4       ;
; bin_bcd:U_bcd3|lpm_divide:Mod1|lpm_divide_bbm:auto_generated|sign_div_unsign_9nh:divider|alt_u_div_t8f:divider|StageOut[191]~316                         ; 4       ;
; bin_bcd:U_bcd3|lpm_divide:Mod1|lpm_divide_bbm:auto_generated|sign_div_unsign_9nh:divider|alt_u_div_t8f:divider|StageOut[192]~315                         ; 4       ;
; bin_bcd:U_bcd3|lpm_divide:Mod1|lpm_divide_bbm:auto_generated|sign_div_unsign_9nh:divider|alt_u_div_t8f:divider|StageOut[193]~314                         ; 4       ;
; bin_bcd:U_bcd3|lpm_divide:Mod1|lpm_divide_bbm:auto_generated|sign_div_unsign_9nh:divider|alt_u_div_t8f:divider|StageOut[194]~313                         ; 4       ;
; bin_bcd:U_bcd3|lpm_divide:Mod1|lpm_divide_bbm:auto_generated|sign_div_unsign_9nh:divider|alt_u_div_t8f:divider|StageOut[195]~312                         ; 4       ;
; bin_bcd:U_bcd3|lpm_divide:Mod0|lpm_divide_bbm:auto_generated|sign_div_unsign_9nh:divider|alt_u_div_t8f:divider|StageOut[185]~253                         ; 4       ;
; bin_bcd:U_bcd3|lpm_divide:Mod0|lpm_divide_bbm:auto_generated|sign_div_unsign_9nh:divider|alt_u_div_t8f:divider|StageOut[186]~252                         ; 4       ;
; bin_bcd:U_bcd3|lpm_divide:Mod0|lpm_divide_bbm:auto_generated|sign_div_unsign_9nh:divider|alt_u_div_t8f:divider|StageOut[187]~251                         ; 4       ;
; bin_bcd:U_bcd3|lpm_divide:Mod0|lpm_divide_bbm:auto_generated|sign_div_unsign_9nh:divider|alt_u_div_t8f:divider|StageOut[188]~250                         ; 4       ;
; bin_bcd:U_bcd3|lpm_divide:Mod0|lpm_divide_bbm:auto_generated|sign_div_unsign_9nh:divider|alt_u_div_t8f:divider|StageOut[189]~249                         ; 4       ;
; bin_bcd:U_bcd3|lpm_divide:Mod0|lpm_divide_bbm:auto_generated|sign_div_unsign_9nh:divider|alt_u_div_t8f:divider|StageOut[190]~248                         ; 4       ;
; bin_bcd:U_bcd3|lpm_divide:Mod0|lpm_divide_bbm:auto_generated|sign_div_unsign_9nh:divider|alt_u_div_t8f:divider|StageOut[191]~247                         ; 4       ;
; bin_bcd:U_bcd3|lpm_divide:Mod0|lpm_divide_bbm:auto_generated|sign_div_unsign_9nh:divider|alt_u_div_t8f:divider|StageOut[192]~246                         ; 4       ;
; bin_bcd:U_bcd3|lpm_divide:Mod0|lpm_divide_bbm:auto_generated|sign_div_unsign_9nh:divider|alt_u_div_t8f:divider|StageOut[193]~245                         ; 4       ;
; bin_bcd:U_bcd3|lpm_divide:Mod0|lpm_divide_bbm:auto_generated|sign_div_unsign_9nh:divider|alt_u_div_t8f:divider|StageOut[194]~244                         ; 4       ;
; bin_bcd:U_bcd3|lpm_divide:Mod0|lpm_divide_bbm:auto_generated|sign_div_unsign_9nh:divider|alt_u_div_t8f:divider|StageOut[195]~243                         ; 4       ;
; cont30:Ucont|count[2]                                                                                                                                    ; 4       ;
; servo_giro180:U_SERVO1|prev_switch~0                                                                                                                     ; 4       ;
; fsm_maquina_expendedora:UFSM|lpm_divide:Div2|lpm_divide_v0p:auto_generated|abs_divider_3dg:divider|lpm_abs_bv9:my_abs_num|cs2a[4]~41                     ; 4       ;
; fsm_maquina_expendedora:UFSM|lpm_divide:Div2|lpm_divide_v0p:auto_generated|abs_divider_3dg:divider|lpm_abs_bv9:my_abs_num|cs2a[4]~40                     ; 4       ;
; fsm_maquina_expendedora:UFSM|giro_counter[2]~2                                                                                                           ; 4       ;
; entrega_done_sync2                                                                                                                                       ; 4       ;
; div_2seg:U3|count1[1]                                                                                                                                    ; 4       ;
; div_2seg:U3|count1[2]                                                                                                                                    ; 4       ;
; div_2seg:U3|count1[3]                                                                                                                                    ; 4       ;
; div_2seg:U3|count1[4]                                                                                                                                    ; 4       ;
; div_2seg:U3|count1[5]                                                                                                                                    ; 4       ;
; fsm_maquina_expendedora:UFSM|LessThan4~2                                                                                                                 ; 4       ;
; sumador_saldo:U_saldo|Equal0~7                                                                                                                           ; 4       ;
; servo_puerta:U_SERVO_PUERTA|duty_cycle[10]                                                                                                               ; 4       ;
; servos_monedas:U_SERVOS_MONEDAS|duty_cycle2[10]                                                                                                          ; 4       ;
; servo_giro180:U_SERVO1|LessThan1~4                                                                                                                       ; 4       ;
; servo_giro180:U_SERVO1|LessThan1~0                                                                                                                       ; 4       ;
; servos_monedas:U_SERVOS_MONEDAS|LessThan2~0                                                                                                              ; 4       ;
; rom_productos:UROM|Mux3~0                                                                                                                                ; 4       ;
; rom_productos:UROM|Mux1~0                                                                                                                                ; 4       ;
; rom_productos:UROM|Mux0~0                                                                                                                                ; 4       ;
; fsm_maquina_expendedora:UFSM|r_valor_saldo[1]                                                                                                            ; 4       ;
; fsm_maquina_expendedora:UFSM|r_valor_saldo[2]                                                                                                            ; 4       ;
; fsm_maquina_expendedora:UFSM|r_valor_saldo[3]                                                                                                            ; 4       ;
; fsm_maquina_expendedora:UFSM|r_valor_saldo[4]                                                                                                            ; 4       ;
; fsm_maquina_expendedora:UFSM|r_valor_saldo[5]                                                                                                            ; 4       ;
; fsm_maquina_expendedora:UFSM|r_valor_saldo[6]                                                                                                            ; 4       ;
; fsm_maquina_expendedora:UFSM|r_servo500_sw                                                                                                               ; 4       ;
; fsm_maquina_expendedora:UFSM|r_servo1000_sw                                                                                                              ; 4       ;
; fsm_maquina_expendedora:UFSM|change_timer[0]                                                                                                             ; 4       ;
; servo_giro180:U_SERVO2|active_turn                                                                                                                       ; 4       ;
; servo_giro180:U_SERVO1|active_turn                                                                                                                       ; 4       ;
; fsm_maquina_expendedora:UFSM|giro_counter[2]                                                                                                             ; 4       ;
; servo_puerta:U_SERVO_PUERTA|counter[13]                                                                                                                  ; 4       ;
; servo_giro180:U_SERVO1|counter[4]                                                                                                                        ; 4       ;
; RESTADOR:URES|cambio_reg[10]                                                                                                                             ; 4       ;
; RESTADOR:URES|cambio_reg[13]                                                                                                                             ; 4       ;
; bin_bcd:U_bcd2|lpm_divide:Mod2|lpm_divide_bbm:auto_generated|sign_div_unsign_9nh:divider|alt_u_div_t8f:divider|add_sub_13_result_int[14]~28              ; 4       ;
; bin_bcd:U_bcd3|lpm_divide:Mod2|lpm_divide_bbm:auto_generated|sign_div_unsign_9nh:divider|alt_u_div_t8f:divider|add_sub_13_result_int[14]~24              ; 4       ;
; fsm_maquina_expendedora:UFSM|r_valor_full[2]                                                                                                             ; 4       ;
; bin_bcd:U_bcd1|lpm_divide:Mod2|lpm_divide_bbm:auto_generated|sign_div_unsign_9nh:divider|alt_u_div_t8f:divider|add_sub_13_result_int[14]~28              ; 4       ;
; fsm_maquina_expendedora:UFSM|lpm_divide:Div2|lpm_divide_v0p:auto_generated|abs_divider_3dg:divider|lpm_abs_bv9:my_abs_num|cs2a[9]~46                     ; 3       ;
; fsm_maquina_expendedora:UFSM|lpm_divide:Div2|lpm_divide_v0p:auto_generated|abs_divider_3dg:divider|lpm_abs_bv9:my_abs_num|cs2a[13]~44                    ; 3       ;
; fsm_maquina_expendedora:UFSM|lpm_divide:Div2|lpm_divide_v0p:auto_generated|abs_divider_3dg:divider|lpm_abs_bv9:my_abs_num|cs2a[14]~43                    ; 3       ;
; fsm_maquina_expendedora:UFSM|lpm_divide:Div2|lpm_divide_v0p:auto_generated|abs_divider_3dg:divider|lpm_abs_bv9:my_abs_num|cs2a[14]~42                    ; 3       ;
; fsm_maquina_expendedora:UFSM|lpm_divide:Div1|lpm_divide_u0p:auto_generated|abs_divider_2dg:divider|lpm_abs_av9:my_abs_num|cs2a[8]~17                     ; 3       ;
; cont30:Ucont|count[0]                                                                                                                                    ; 3       ;
; servo_puerta:U_SERVO_PUERTA|prev_ccw                                                                                                                     ; 3       ;
; servo_puerta:U_SERVO_PUERTA|prev_cw                                                                                                                      ; 3       ;
; servos_monedas:U_SERVOS_MONEDAS|prev_sw2                                                                                                                 ; 3       ;
; servos_monedas:U_SERVOS_MONEDAS|prev_sw1                                                                                                                 ; 3       ;
; servo_giro180:U_SERVO2|DUTY_CYCLE_PROC~0                                                                                                                 ; 3       ;
; servo_giro180:U_SERVO1|DUTY_CYCLE_PROC~0                                                                                                                 ; 3       ;
; fsm_maquina_expendedora:UFSM|write_done_this_confirm                                                                                                     ; 3       ;
; fsm_maquina_expendedora:UFSM|lpm_divide:Div2|lpm_divide_v0p:auto_generated|abs_divider_3dg:divider|lpm_abs_bv9:my_abs_num|cs2a[10]~39                    ; 3       ;
; fsm_maquina_expendedora:UFSM|lpm_divide:Div2|lpm_divide_v0p:auto_generated|abs_divider_3dg:divider|lpm_abs_bv9:my_abs_num|cs2a[12]~37                    ; 3       ;
; fsm_maquina_expendedora:UFSM|LessThan6~9                                                                                                                 ; 3       ;
; fsm_maquina_expendedora:UFSM|lpm_divide:Div1|lpm_divide_u0p:auto_generated|abs_divider_2dg:divider|lpm_abs_av9:my_abs_num|cs2a[11]~13                    ; 3       ;
; cont30:U_RESET_AUTO|count[0]                                                                                                                             ; 3       ;
; cont30:U_RESET_AUTO|counting~0                                                                                                                           ; 3       ;
; servo_puerta:U_SERVO_PUERTA|direction                                                                                                                    ; 3       ;
; servo_puerta:U_SERVO_PUERTA|turn_counter[30]                                                                                                             ; 3       ;
; servo_puerta:U_SERVO_PUERTA|turn_counter[29]                                                                                                             ; 3       ;
; servo_puerta:U_SERVO_PUERTA|turn_counter[28]                                                                                                             ; 3       ;
; servo_puerta:U_SERVO_PUERTA|turn_counter[27]                                                                                                             ; 3       ;
; servo_puerta:U_SERVO_PUERTA|turn_counter[26]                                                                                                             ; 3       ;
; servo_puerta:U_SERVO_PUERTA|turn_counter[31]                                                                                                             ; 3       ;
; servos_monedas:U_SERVOS_MONEDAS|turn_counter2[30]                                                                                                        ; 3       ;
; servos_monedas:U_SERVOS_MONEDAS|turn_counter2[29]                                                                                                        ; 3       ;
; servos_monedas:U_SERVOS_MONEDAS|turn_counter2[28]                                                                                                        ; 3       ;
; servos_monedas:U_SERVOS_MONEDAS|turn_counter2[27]                                                                                                        ; 3       ;
; servos_monedas:U_SERVOS_MONEDAS|turn_counter2[26]                                                                                                        ; 3       ;
; servos_monedas:U_SERVOS_MONEDAS|turn_counter1[30]                                                                                                        ; 3       ;
; servos_monedas:U_SERVOS_MONEDAS|turn_counter1[29]                                                                                                        ; 3       ;
; servos_monedas:U_SERVOS_MONEDAS|turn_counter1[28]                                                                                                        ; 3       ;
; servos_monedas:U_SERVOS_MONEDAS|turn_counter1[27]                                                                                                        ; 3       ;
; servos_monedas:U_SERVOS_MONEDAS|turn_counter1[26]                                                                                                        ; 3       ;
; servo_giro180:U_SERVO2|duty_cycle~0                                                                                                                      ; 3       ;
; servo_giro180:U_SERVO2|LessThan2~7                                                                                                                       ; 3       ;
; servo_giro180:U_SERVO2|turn_counter[30]                                                                                                                  ; 3       ;
; servo_giro180:U_SERVO2|turn_counter[29]                                                                                                                  ; 3       ;
; servo_giro180:U_SERVO2|turn_counter[28]                                                                                                                  ; 3       ;
; servo_giro180:U_SERVO2|turn_counter[27]                                                                                                                  ; 3       ;
; servo_giro180:U_SERVO2|turn_counter[26]                                                                                                                  ; 3       ;
; servo_giro180:U_SERVO1|duty_cycle~0                                                                                                                      ; 3       ;
; servo_giro180:U_SERVO1|LessThan2~7                                                                                                                       ; 3       ;
; servo_giro180:U_SERVO1|turn_counter[30]                                                                                                                  ; 3       ;
; servo_giro180:U_SERVO1|turn_counter[29]                                                                                                                  ; 3       ;
; servo_giro180:U_SERVO1|turn_counter[28]                                                                                                                  ; 3       ;
; servo_giro180:U_SERVO1|turn_counter[27]                                                                                                                  ; 3       ;
; servo_giro180:U_SERVO1|turn_counter[26]                                                                                                                  ; 3       ;
; div_2seg:U3|Equal0~0                                                                                                                                     ; 3       ;
; fsm_maquina_expendedora:UFSM|Selector71~0                                                                                                                ; 3       ;
; fsm_maquina_expendedora:UFSM|LessThan5~2                                                                                                                 ; 3       ;
; cont30:U_RESET_AUTO|count[2]                                                                                                                             ; 3       ;
; sumador_saldo:U_saldo|Equal0~6                                                                                                                           ; 3       ;
; sumador_saldo:U_saldo|Equal0~5                                                                                                                           ; 3       ;
; sumador_saldo:U_saldo|Equal0~4                                                                                                                           ; 3       ;
; sumador_saldo:U_saldo|startup_delay[0]                                                                                                                   ; 3       ;
; servo_puerta:U_SERVO_PUERTA|duty_cycle[13]                                                                                                               ; 3       ;
; servo_giro180:U_SERVO1|LessThan1~1                                                                                                                       ; 3       ;
; rom_productos:UROM|Mux2~0                                                                                                                                ; 3       ;
; fsm_maquina_expendedora:UFSM|r_valor_producto[1]                                                                                                         ; 3       ;
; fsm_maquina_expendedora:UFSM|r_valor_producto[2]                                                                                                         ; 3       ;
; fsm_maquina_expendedora:UFSM|r_valor_producto[3]                                                                                                         ; 3       ;
; fsm_maquina_expendedora:UFSM|Add5~20                                                                                                                     ; 3       ;
; fsm_maquina_expendedora:UFSM|Add5~18                                                                                                                     ; 3       ;
; fsm_maquina_expendedora:UFSM|Add5~8                                                                                                                      ; 3       ;
; fsm_maquina_expendedora:UFSM|Add5~6                                                                                                                      ; 3       ;
; fsm_maquina_expendedora:UFSM|Add5~2                                                                                                                      ; 3       ;
; servos_monedas:U_SERVOS_MONEDAS|turn_counter2[31]                                                                                                        ; 3       ;
; servos_monedas:U_SERVOS_MONEDAS|active_turn2                                                                                                             ; 3       ;
; servos_monedas:U_SERVOS_MONEDAS|turn_counter1[31]                                                                                                        ; 3       ;
; servos_monedas:U_SERVOS_MONEDAS|active_turn1                                                                                                             ; 3       ;
; fsm_maquina_expendedora:UFSM|giro_counter[3]                                                                                                             ; 3       ;
; sumador_saldo:U_saldo|startup_delay[11]                                                                                                                  ; 3       ;
; sumador_saldo:U_saldo|startup_delay[23]                                                                                                                  ; 3       ;
; sumador_saldo:U_saldo|startup_delay[15]                                                                                                                  ; 3       ;
; sumador_saldo:U_saldo|startup_delay[12]                                                                                                                  ; 3       ;
; sumador_saldo:U_saldo|startup_delay[8]                                                                                                                   ; 3       ;
; sumador_saldo:U_saldo|startup_delay[7]                                                                                                                   ; 3       ;
; sumador_saldo:U_saldo|startup_delay[18]                                                                                                                  ; 3       ;
; sumador_saldo:U_saldo|startup_delay[17]                                                                                                                  ; 3       ;
; sumador_saldo:U_saldo|startup_delay[16]                                                                                                                  ; 3       ;
; sumador_saldo:U_saldo|startup_delay[22]                                                                                                                  ; 3       ;
; sumador_saldo:U_saldo|startup_delay[21]                                                                                                                  ; 3       ;
; sumador_saldo:U_saldo|startup_delay[20]                                                                                                                  ; 3       ;
; sumador_saldo:U_saldo|startup_delay[19]                                                                                                                  ; 3       ;
; sumador_saldo:U_saldo|startup_delay[14]                                                                                                                  ; 3       ;
; sumador_saldo:U_saldo|startup_delay[13]                                                                                                                  ; 3       ;
; sumador_saldo:U_saldo|startup_delay[10]                                                                                                                  ; 3       ;
; sumador_saldo:U_saldo|startup_delay[9]                                                                                                                   ; 3       ;
; servo_puerta:U_SERVO_PUERTA|counter[16]                                                                                                                  ; 3       ;
; servo_puerta:U_SERVO_PUERTA|counter[15]                                                                                                                  ; 3       ;
; servo_puerta:U_SERVO_PUERTA|counter[14]                                                                                                                  ; 3       ;
; servo_puerta:U_SERVO_PUERTA|counter[10]                                                                                                                  ; 3       ;
; servo_puerta:U_SERVO_PUERTA|counter[9]                                                                                                                   ; 3       ;
; servo_puerta:U_SERVO_PUERTA|counter[8]                                                                                                                   ; 3       ;
; servo_puerta:U_SERVO_PUERTA|counter[7]                                                                                                                   ; 3       ;
; servo_puerta:U_SERVO_PUERTA|counter[6]                                                                                                                   ; 3       ;
; servo_puerta:U_SERVO_PUERTA|counter[5]                                                                                                                   ; 3       ;
; servo_puerta:U_SERVO_PUERTA|counter[4]                                                                                                                   ; 3       ;
; servo_puerta:U_SERVO_PUERTA|counter[3]                                                                                                                   ; 3       ;
; servo_puerta:U_SERVO_PUERTA|counter[12]                                                                                                                  ; 3       ;
; servo_puerta:U_SERVO_PUERTA|counter[11]                                                                                                                  ; 3       ;
; servo_puerta:U_SERVO_PUERTA|counter[19]                                                                                                                  ; 3       ;
; servo_puerta:U_SERVO_PUERTA|counter[18]                                                                                                                  ; 3       ;
; servo_puerta:U_SERVO_PUERTA|counter[17]                                                                                                                  ; 3       ;
; servo_giro180:U_SERVO1|counter[12]                                                                                                                       ; 3       ;
; servo_giro180:U_SERVO1|counter[11]                                                                                                                       ; 3       ;
; servo_giro180:U_SERVO1|counter[3]                                                                                                                        ; 3       ;
; servo_giro180:U_SERVO1|counter[19]                                                                                                                       ; 3       ;
; servo_giro180:U_SERVO1|counter[18]                                                                                                                       ; 3       ;
; servo_giro180:U_SERVO1|counter[17]                                                                                                                       ; 3       ;
; bin_bcd:U_bcd3|lpm_divide:Mod1|lpm_divide_bbm:auto_generated|sign_div_unsign_9nh:divider|alt_u_div_t8f:divider|add_sub_13_result_int[13]~22              ; 3       ;
; bin_bcd:U_bcd3|lpm_divide:Mod1|lpm_divide_bbm:auto_generated|sign_div_unsign_9nh:divider|alt_u_div_t8f:divider|add_sub_13_result_int[12]~20              ; 3       ;
; bin_bcd:U_bcd3|lpm_divide:Mod1|lpm_divide_bbm:auto_generated|sign_div_unsign_9nh:divider|alt_u_div_t8f:divider|add_sub_13_result_int[11]~18              ; 3       ;
; bin_bcd:U_bcd3|lpm_divide:Mod1|lpm_divide_bbm:auto_generated|sign_div_unsign_9nh:divider|alt_u_div_t8f:divider|add_sub_13_result_int[10]~16              ; 3       ;
; bin_bcd:U_bcd3|lpm_divide:Mod1|lpm_divide_bbm:auto_generated|sign_div_unsign_9nh:divider|alt_u_div_t8f:divider|add_sub_13_result_int[9]~14               ; 3       ;
; bin_bcd:U_bcd3|lpm_divide:Mod1|lpm_divide_bbm:auto_generated|sign_div_unsign_9nh:divider|alt_u_div_t8f:divider|add_sub_13_result_int[8]~12               ; 3       ;
; bin_bcd:U_bcd3|lpm_divide:Mod1|lpm_divide_bbm:auto_generated|sign_div_unsign_9nh:divider|alt_u_div_t8f:divider|add_sub_13_result_int[7]~10               ; 3       ;
; bin_bcd:U_bcd3|lpm_divide:Mod1|lpm_divide_bbm:auto_generated|sign_div_unsign_9nh:divider|alt_u_div_t8f:divider|add_sub_13_result_int[6]~8                ; 3       ;
; bin_bcd:U_bcd3|lpm_divide:Mod1|lpm_divide_bbm:auto_generated|sign_div_unsign_9nh:divider|alt_u_div_t8f:divider|add_sub_13_result_int[5]~6                ; 3       ;
; bin_bcd:U_bcd3|lpm_divide:Mod1|lpm_divide_bbm:auto_generated|sign_div_unsign_9nh:divider|alt_u_div_t8f:divider|add_sub_13_result_int[4]~4                ; 3       ;
; bin_bcd:U_bcd3|lpm_divide:Mod1|lpm_divide_bbm:auto_generated|sign_div_unsign_9nh:divider|alt_u_div_t8f:divider|add_sub_13_result_int[3]~2                ; 3       ;
; bin_bcd:U_bcd3|lpm_divide:Mod1|lpm_divide_bbm:auto_generated|sign_div_unsign_9nh:divider|alt_u_div_t8f:divider|add_sub_13_result_int[2]~0                ; 3       ;
; bin_bcd:U_bcd3|lpm_divide:Mod0|lpm_divide_bbm:auto_generated|sign_div_unsign_9nh:divider|alt_u_div_t8f:divider|op_4~24                                   ; 3       ;
; bin_bcd:U_bcd3|lpm_divide:Mod0|lpm_divide_bbm:auto_generated|sign_div_unsign_9nh:divider|alt_u_div_t8f:divider|op_4~20                                   ; 3       ;
; bin_bcd:U_bcd3|lpm_divide:Mod0|lpm_divide_bbm:auto_generated|sign_div_unsign_9nh:divider|alt_u_div_t8f:divider|op_4~18                                   ; 3       ;
; bin_bcd:U_bcd3|lpm_divide:Mod0|lpm_divide_bbm:auto_generated|sign_div_unsign_9nh:divider|alt_u_div_t8f:divider|op_4~16                                   ; 3       ;
; bin_bcd:U_bcd3|lpm_divide:Mod0|lpm_divide_bbm:auto_generated|sign_div_unsign_9nh:divider|alt_u_div_t8f:divider|op_4~14                                   ; 3       ;
; bin_bcd:U_bcd3|lpm_divide:Mod0|lpm_divide_bbm:auto_generated|sign_div_unsign_9nh:divider|alt_u_div_t8f:divider|op_4~12                                   ; 3       ;
; bin_bcd:U_bcd3|lpm_divide:Mod0|lpm_divide_bbm:auto_generated|sign_div_unsign_9nh:divider|alt_u_div_t8f:divider|op_4~10                                   ; 3       ;
; bin_bcd:U_bcd3|lpm_divide:Mod0|lpm_divide_bbm:auto_generated|sign_div_unsign_9nh:divider|alt_u_div_t8f:divider|op_4~8                                    ; 3       ;
; bin_bcd:U_bcd3|lpm_divide:Mod0|lpm_divide_bbm:auto_generated|sign_div_unsign_9nh:divider|alt_u_div_t8f:divider|op_4~6                                    ; 3       ;
; bin_bcd:U_bcd3|lpm_divide:Mod0|lpm_divide_bbm:auto_generated|sign_div_unsign_9nh:divider|alt_u_div_t8f:divider|op_4~4                                    ; 3       ;
; bin_bcd:U_bcd3|lpm_divide:Mod0|lpm_divide_bbm:auto_generated|sign_div_unsign_9nh:divider|alt_u_div_t8f:divider|op_4~2                                    ; 3       ;
; bin_bcd:U_bcd3|lpm_divide:Mod0|lpm_divide_bbm:auto_generated|sign_div_unsign_9nh:divider|alt_u_div_t8f:divider|op_4~0                                    ; 3       ;
; bin_bcd:U_bcd1|lpm_divide:Mod1|lpm_divide_bbm:auto_generated|sign_div_unsign_9nh:divider|alt_u_div_t8f:divider|add_sub_13_result_int[1]~28               ; 3       ;
; bin_bcd:U_bcd1|lpm_divide:Mod1|lpm_divide_bbm:auto_generated|sign_div_unsign_9nh:divider|alt_u_div_t8f:divider|add_sub_13_result_int[13]~24              ; 3       ;
; bin_bcd:U_bcd1|lpm_divide:Mod1|lpm_divide_bbm:auto_generated|sign_div_unsign_9nh:divider|alt_u_div_t8f:divider|add_sub_13_result_int[12]~22              ; 3       ;
; bin_bcd:U_bcd1|lpm_divide:Mod1|lpm_divide_bbm:auto_generated|sign_div_unsign_9nh:divider|alt_u_div_t8f:divider|add_sub_13_result_int[11]~20              ; 3       ;
; bin_bcd:U_bcd1|lpm_divide:Mod1|lpm_divide_bbm:auto_generated|sign_div_unsign_9nh:divider|alt_u_div_t8f:divider|add_sub_13_result_int[10]~18              ; 3       ;
; bin_bcd:U_bcd1|lpm_divide:Mod1|lpm_divide_bbm:auto_generated|sign_div_unsign_9nh:divider|alt_u_div_t8f:divider|add_sub_13_result_int[9]~16               ; 3       ;
; bin_bcd:U_bcd1|lpm_divide:Mod1|lpm_divide_bbm:auto_generated|sign_div_unsign_9nh:divider|alt_u_div_t8f:divider|add_sub_13_result_int[8]~14               ; 3       ;
; bin_bcd:U_bcd1|lpm_divide:Mod1|lpm_divide_bbm:auto_generated|sign_div_unsign_9nh:divider|alt_u_div_t8f:divider|add_sub_13_result_int[7]~12               ; 3       ;
; bin_bcd:U_bcd1|lpm_divide:Mod1|lpm_divide_bbm:auto_generated|sign_div_unsign_9nh:divider|alt_u_div_t8f:divider|add_sub_13_result_int[6]~10               ; 3       ;
; bin_bcd:U_bcd1|lpm_divide:Mod1|lpm_divide_bbm:auto_generated|sign_div_unsign_9nh:divider|alt_u_div_t8f:divider|add_sub_13_result_int[5]~8                ; 3       ;
; bin_bcd:U_bcd1|lpm_divide:Mod1|lpm_divide_bbm:auto_generated|sign_div_unsign_9nh:divider|alt_u_div_t8f:divider|add_sub_13_result_int[4]~6                ; 3       ;
; bin_bcd:U_bcd1|lpm_divide:Mod1|lpm_divide_bbm:auto_generated|sign_div_unsign_9nh:divider|alt_u_div_t8f:divider|add_sub_13_result_int[3]~4                ; 3       ;
; bin_bcd:U_bcd1|lpm_divide:Mod1|lpm_divide_bbm:auto_generated|sign_div_unsign_9nh:divider|alt_u_div_t8f:divider|add_sub_13_result_int[2]~2                ; 3       ;
; fsm_maquina_expendedora:UFSM|r_valor_saldo[0]                                                                                                            ; 3       ;
; sensorin500~input                                                                                                                                        ; 2       ;
; sensorin1000~input                                                                                                                                       ; 2       ;
; fsm_maquina_expendedora:UFSM|lpm_divide:Div2|lpm_divide_v0p:auto_generated|abs_divider_3dg:divider|alt_u_div_q8f:divider|StageOut[135]~242               ; 2       ;
; fsm_maquina_expendedora:UFSM|lpm_divide:Mod0|lpm_divide_5po:auto_generated|abs_divider_6dg:divider|alt_u_div_19f:divider|StageOut[184]~273               ; 2       ;
; fsm_maquina_expendedora:UFSM|lpm_divide:Div2|lpm_divide_v0p:auto_generated|abs_divider_3dg:divider|lpm_abs_bv9:my_abs_num|cs2a[6]~47                     ; 2       ;
; fsm_maquina_expendedora:UFSM|lpm_divide:Div2|lpm_divide_v0p:auto_generated|abs_divider_3dg:divider|alt_u_div_q8f:divider|StageOut[106]~239               ; 2       ;
; fsm_maquina_expendedora:UFSM|lpm_divide:Mod0|lpm_divide_5po:auto_generated|abs_divider_6dg:divider|alt_u_div_19f:divider|StageOut[212]~272               ; 2       ;
; fsm_maquina_expendedora:UFSM|lpm_divide:Mod0|lpm_divide_5po:auto_generated|abs_divider_6dg:divider|alt_u_div_19f:divider|StageOut[212]~271               ; 2       ;
; fsm_maquina_expendedora:UFSM|lpm_divide:Mod0|lpm_divide_5po:auto_generated|abs_divider_6dg:divider|alt_u_div_19f:divider|StageOut[182]~270               ; 2       ;
; fsm_maquina_expendedora:UFSM|lpm_divide:Mod0|lpm_divide_5po:auto_generated|abs_divider_6dg:divider|alt_u_div_19f:divider|StageOut[182]~269               ; 2       ;
; fsm_maquina_expendedora:UFSM|lpm_divide:Div1|lpm_divide_u0p:auto_generated|abs_divider_2dg:divider|alt_u_div_p8f:divider|StageOut[146]~233               ; 2       ;
; fsm_maquina_expendedora:UFSM|lpm_divide:Div1|lpm_divide_u0p:auto_generated|abs_divider_2dg:divider|alt_u_div_p8f:divider|StageOut[135]~232               ; 2       ;
; fsm_maquina_expendedora:UFSM|lpm_divide:Div1|lpm_divide_u0p:auto_generated|abs_divider_2dg:divider|alt_u_div_p8f:divider|StageOut[136]~231               ; 2       ;
; fsm_maquina_expendedora:UFSM|lpm_divide:Div1|lpm_divide_u0p:auto_generated|abs_divider_2dg:divider|alt_u_div_p8f:divider|StageOut[125]~230               ; 2       ;
; fsm_maquina_expendedora:UFSM|lpm_divide:Div1|lpm_divide_u0p:auto_generated|abs_divider_2dg:divider|alt_u_div_p8f:divider|StageOut[126]~229               ; 2       ;
; fsm_maquina_expendedora:UFSM|lpm_divide:Div1|lpm_divide_u0p:auto_generated|abs_divider_2dg:divider|alt_u_div_p8f:divider|StageOut[128]~228               ; 2       ;
; fsm_maquina_expendedora:UFSM|lpm_divide:Div1|lpm_divide_u0p:auto_generated|abs_divider_2dg:divider|alt_u_div_p8f:divider|StageOut[129]~227               ; 2       ;
; fsm_maquina_expendedora:UFSM|lpm_divide:Div0|lpm_divide_qhm:auto_generated|sign_div_unsign_rlh:divider|alt_u_div_16f:divider|StageOut[90]~212            ; 2       ;
; fsm_maquina_expendedora:UFSM|lpm_divide:Div0|lpm_divide_qhm:auto_generated|sign_div_unsign_rlh:divider|alt_u_div_16f:divider|StageOut[82]~211            ; 2       ;
; fsm_maquina_expendedora:UFSM|lpm_divide:Div0|lpm_divide_qhm:auto_generated|sign_div_unsign_rlh:divider|alt_u_div_16f:divider|StageOut[74]~210            ; 2       ;
; fsm_maquina_expendedora:UFSM|lpm_divide:Div0|lpm_divide_qhm:auto_generated|sign_div_unsign_rlh:divider|alt_u_div_16f:divider|StageOut[66]~209            ; 2       ;
; fsm_maquina_expendedora:UFSM|lpm_divide:Div0|lpm_divide_qhm:auto_generated|sign_div_unsign_rlh:divider|alt_u_div_16f:divider|StageOut[67]~208            ; 2       ;
; fsm_maquina_expendedora:UFSM|lpm_divide:Div0|lpm_divide_qhm:auto_generated|sign_div_unsign_rlh:divider|alt_u_div_16f:divider|StageOut[59]~207            ; 2       ;
; fsm_maquina_expendedora:UFSM|lpm_divide:Div0|lpm_divide_qhm:auto_generated|sign_div_unsign_rlh:divider|alt_u_div_16f:divider|StageOut[60]~206            ; 2       ;
; fsm_maquina_expendedora:UFSM|lpm_divide:Div0|lpm_divide_qhm:auto_generated|sign_div_unsign_rlh:divider|alt_u_div_16f:divider|StageOut[61]~205            ; 2       ;
; bin_bcd:U_bcd3|lpm_divide:Div0|lpm_divide_4jm:auto_generated|sign_div_unsign_5nh:divider|alt_u_div_l8f:divider|StageOut[123]~176                         ; 2       ;
; bin_bcd:U_bcd3|lpm_divide:Div0|lpm_divide_4jm:auto_generated|sign_div_unsign_5nh:divider|alt_u_div_l8f:divider|StageOut[124]~175                         ; 2       ;
; bin_bcd:U_bcd3|lpm_divide:Div0|lpm_divide_4jm:auto_generated|sign_div_unsign_5nh:divider|alt_u_div_l8f:divider|StageOut[125]~174                         ; 2       ;
; bin_bcd:U_bcd3|lpm_divide:Div0|lpm_divide_4jm:auto_generated|sign_div_unsign_5nh:divider|alt_u_div_l8f:divider|StageOut[114]~173                         ; 2       ;
; bin_bcd:U_bcd3|lpm_divide:Div0|lpm_divide_4jm:auto_generated|sign_div_unsign_5nh:divider|alt_u_div_l8f:divider|StageOut[115]~172                         ; 2       ;
; bin_bcd:U_bcd3|lpm_divide:Div0|lpm_divide_4jm:auto_generated|sign_div_unsign_5nh:divider|alt_u_div_l8f:divider|StageOut[116]~171                         ; 2       ;
; bin_bcd:U_bcd3|lpm_divide:Div0|lpm_divide_4jm:auto_generated|sign_div_unsign_5nh:divider|alt_u_div_l8f:divider|StageOut[117]~170                         ; 2       ;
; bin_bcd:U_bcd3|lpm_divide:Div0|lpm_divide_4jm:auto_generated|sign_div_unsign_5nh:divider|alt_u_div_l8f:divider|StageOut[118]~169                         ; 2       ;
; bin_bcd:U_bcd1|lpm_divide:Div2|lpm_divide_nhm:auto_generated|sign_div_unsign_olh:divider|alt_u_div_r5f:divider|StageOut[55]~194                          ; 2       ;
; bin_bcd:U_bcd1|lpm_divide:Div2|lpm_divide_nhm:auto_generated|sign_div_unsign_olh:divider|alt_u_div_r5f:divider|StageOut[50]~193                          ; 2       ;
; bin_bcd:U_bcd1|lpm_divide:Div2|lpm_divide_nhm:auto_generated|sign_div_unsign_olh:divider|alt_u_div_r5f:divider|StageOut[45]~192                          ; 2       ;
; bin_bcd:U_bcd1|lpm_divide:Div2|lpm_divide_nhm:auto_generated|sign_div_unsign_olh:divider|alt_u_div_r5f:divider|StageOut[40]~191                          ; 2       ;
; bin_bcd:U_bcd1|lpm_divide:Div2|lpm_divide_nhm:auto_generated|sign_div_unsign_olh:divider|alt_u_div_r5f:divider|StageOut[35]~190                          ; 2       ;
; bin_bcd:U_bcd3|lpm_divide:Mod0|lpm_divide_bbm:auto_generated|sign_div_unsign_9nh:divider|alt_u_div_t8f:divider|StageOut[170]~264                         ; 2       ;
; bin_bcd:U_bcd3|lpm_divide:Mod0|lpm_divide_bbm:auto_generated|sign_div_unsign_9nh:divider|alt_u_div_t8f:divider|StageOut[156]~263                         ; 2       ;
; bin_bcd:U_bcd3|lpm_divide:Mod0|lpm_divide_bbm:auto_generated|sign_div_unsign_9nh:divider|alt_u_div_t8f:divider|StageOut[157]~262                         ; 2       ;
; bin_bcd:U_bcd3|lpm_divide:Mod0|lpm_divide_bbm:auto_generated|sign_div_unsign_9nh:divider|alt_u_div_t8f:divider|StageOut[158]~261                         ; 2       ;
; bin_bcd:U_bcd3|lpm_divide:Mod0|lpm_divide_bbm:auto_generated|sign_div_unsign_9nh:divider|alt_u_div_t8f:divider|StageOut[144]~260                         ; 2       ;
; bin_bcd:U_bcd3|lpm_divide:Mod0|lpm_divide_bbm:auto_generated|sign_div_unsign_9nh:divider|alt_u_div_t8f:divider|StageOut[145]~259                         ; 2       ;
; bin_bcd:U_bcd3|lpm_divide:Mod0|lpm_divide_bbm:auto_generated|sign_div_unsign_9nh:divider|alt_u_div_t8f:divider|StageOut[146]~258                         ; 2       ;
; bin_bcd:U_bcd3|lpm_divide:Mod0|lpm_divide_bbm:auto_generated|sign_div_unsign_9nh:divider|alt_u_div_t8f:divider|StageOut[147]~257                         ; 2       ;
; bin_bcd:U_bcd3|lpm_divide:Mod0|lpm_divide_bbm:auto_generated|sign_div_unsign_9nh:divider|alt_u_div_t8f:divider|StageOut[148]~256                         ; 2       ;
; bin_bcd:U_bcd3|lpm_divide:Mod0|lpm_divide_bbm:auto_generated|sign_div_unsign_9nh:divider|alt_u_div_t8f:divider|StageOut[149]~255                         ; 2       ;
; bin_bcd:U_bcd3|lpm_divide:Mod0|lpm_divide_bbm:auto_generated|sign_div_unsign_9nh:divider|alt_u_div_t8f:divider|StageOut[150]~254                         ; 2       ;
; bin_bcd:U_bcd1|lpm_divide:Mod2|lpm_divide_bbm:auto_generated|sign_div_unsign_9nh:divider|alt_u_div_t8f:divider|StageOut[168]~375                         ; 2       ;
; bin_bcd:U_bcd1|lpm_divide:Mod2|lpm_divide_bbm:auto_generated|sign_div_unsign_9nh:divider|alt_u_div_t8f:divider|StageOut[154]~374                         ; 2       ;
; bin_bcd:U_bcd1|lpm_divide:Mod2|lpm_divide_bbm:auto_generated|sign_div_unsign_9nh:divider|alt_u_div_t8f:divider|StageOut[140]~373                         ; 2       ;
; bin_bcd:U_bcd1|lpm_divide:Mod2|lpm_divide_bbm:auto_generated|sign_div_unsign_9nh:divider|alt_u_div_t8f:divider|StageOut[126]~372                         ; 2       ;
; bin_bcd:U_bcd1|lpm_divide:Mod2|lpm_divide_bbm:auto_generated|sign_div_unsign_9nh:divider|alt_u_div_t8f:divider|StageOut[112]~371                         ; 2       ;
; bin_bcd:U_bcd1|lpm_divide:Mod2|lpm_divide_bbm:auto_generated|sign_div_unsign_9nh:divider|alt_u_div_t8f:divider|StageOut[98]~370                          ; 2       ;
; fsm_maquina_expendedora:UFSM|lpm_divide:Div2|lpm_divide_v0p:auto_generated|abs_divider_3dg:divider|alt_u_div_q8f:divider|StageOut[146]~231               ; 2       ;
; fsm_maquina_expendedora:UFSM|lpm_divide:Div2|lpm_divide_v0p:auto_generated|abs_divider_3dg:divider|alt_u_div_q8f:divider|StageOut[147]~230               ; 2       ;
; fsm_maquina_expendedora:UFSM|lpm_divide:Div2|lpm_divide_v0p:auto_generated|abs_divider_3dg:divider|alt_u_div_q8f:divider|StageOut[148]~229               ; 2       ;
; fsm_maquina_expendedora:UFSM|lpm_divide:Div2|lpm_divide_v0p:auto_generated|abs_divider_3dg:divider|alt_u_div_q8f:divider|StageOut[149]~228               ; 2       ;
; fsm_maquina_expendedora:UFSM|lpm_divide:Div2|lpm_divide_v0p:auto_generated|abs_divider_3dg:divider|alt_u_div_q8f:divider|StageOut[150]~227               ; 2       ;
; fsm_maquina_expendedora:UFSM|lpm_divide:Div2|lpm_divide_v0p:auto_generated|abs_divider_3dg:divider|alt_u_div_q8f:divider|StageOut[151]~226               ; 2       ;
; fsm_maquina_expendedora:UFSM|lpm_divide:Div2|lpm_divide_v0p:auto_generated|abs_divider_3dg:divider|alt_u_div_q8f:divider|StageOut[136]~224               ; 2       ;
; fsm_maquina_expendedora:UFSM|lpm_divide:Div2|lpm_divide_v0p:auto_generated|abs_divider_3dg:divider|alt_u_div_q8f:divider|StageOut[137]~223               ; 2       ;
; fsm_maquina_expendedora:UFSM|lpm_divide:Div2|lpm_divide_v0p:auto_generated|abs_divider_3dg:divider|alt_u_div_q8f:divider|StageOut[138]~222               ; 2       ;
; fsm_maquina_expendedora:UFSM|lpm_divide:Div2|lpm_divide_v0p:auto_generated|abs_divider_3dg:divider|alt_u_div_q8f:divider|StageOut[139]~221               ; 2       ;
; fsm_maquina_expendedora:UFSM|lpm_divide:Div2|lpm_divide_v0p:auto_generated|abs_divider_3dg:divider|alt_u_div_q8f:divider|StageOut[140]~220               ; 2       ;
; fsm_maquina_expendedora:UFSM|lpm_divide:Div2|lpm_divide_v0p:auto_generated|abs_divider_3dg:divider|alt_u_div_q8f:divider|StageOut[122]~218               ; 2       ;
; fsm_maquina_expendedora:UFSM|lpm_divide:Div2|lpm_divide_v0p:auto_generated|abs_divider_3dg:divider|alt_u_div_q8f:divider|StageOut[122]~217               ; 2       ;
; fsm_maquina_expendedora:UFSM|lpm_divide:Div2|lpm_divide_v0p:auto_generated|abs_divider_3dg:divider|alt_u_div_q8f:divider|StageOut[124]~216               ; 2       ;
; fsm_maquina_expendedora:UFSM|lpm_divide:Div2|lpm_divide_v0p:auto_generated|abs_divider_3dg:divider|alt_u_div_q8f:divider|StageOut[125]~215               ; 2       ;
; fsm_maquina_expendedora:UFSM|lpm_divide:Div2|lpm_divide_v0p:auto_generated|abs_divider_3dg:divider|alt_u_div_q8f:divider|StageOut[126]~214               ; 2       ;
; fsm_maquina_expendedora:UFSM|lpm_divide:Div2|lpm_divide_v0p:auto_generated|abs_divider_3dg:divider|alt_u_div_q8f:divider|StageOut[127]~213               ; 2       ;
; fsm_maquina_expendedora:UFSM|lpm_divide:Div2|lpm_divide_v0p:auto_generated|abs_divider_3dg:divider|alt_u_div_q8f:divider|StageOut[128]~212               ; 2       ;
; fsm_maquina_expendedora:UFSM|lpm_divide:Div2|lpm_divide_v0p:auto_generated|abs_divider_3dg:divider|alt_u_div_q8f:divider|StageOut[129]~211               ; 2       ;
; fsm_maquina_expendedora:UFSM|lpm_divide:Div2|lpm_divide_v0p:auto_generated|abs_divider_3dg:divider|alt_u_div_q8f:divider|StageOut[114]~209               ; 2       ;
; fsm_maquina_expendedora:UFSM|lpm_divide:Div2|lpm_divide_v0p:auto_generated|abs_divider_3dg:divider|alt_u_div_q8f:divider|StageOut[115]~208               ; 2       ;
; fsm_maquina_expendedora:UFSM|lpm_divide:Div2|lpm_divide_v0p:auto_generated|abs_divider_3dg:divider|alt_u_div_q8f:divider|StageOut[116]~207               ; 2       ;
; fsm_maquina_expendedora:UFSM|lpm_divide:Div2|lpm_divide_v0p:auto_generated|abs_divider_3dg:divider|alt_u_div_q8f:divider|StageOut[117]~206               ; 2       ;
; fsm_maquina_expendedora:UFSM|lpm_divide:Div2|lpm_divide_v0p:auto_generated|abs_divider_3dg:divider|alt_u_div_q8f:divider|StageOut[118]~205               ; 2       ;
; fsm_maquina_expendedora:UFSM|lpm_divide:Div2|lpm_divide_v0p:auto_generated|abs_divider_3dg:divider|alt_u_div_q8f:divider|StageOut[100]~203               ; 2       ;
; fsm_maquina_expendedora:UFSM|lpm_divide:Div2|lpm_divide_v0p:auto_generated|abs_divider_3dg:divider|alt_u_div_q8f:divider|StageOut[100]~202               ; 2       ;
; fsm_maquina_expendedora:UFSM|lpm_divide:Mod0|lpm_divide_5po:auto_generated|abs_divider_6dg:divider|alt_u_div_19f:divider|StageOut[217]~267               ; 2       ;
; fsm_maquina_expendedora:UFSM|lpm_divide:Mod0|lpm_divide_5po:auto_generated|abs_divider_6dg:divider|alt_u_div_19f:divider|StageOut[218]~266               ; 2       ;
; fsm_maquina_expendedora:UFSM|lpm_divide:Mod0|lpm_divide_5po:auto_generated|abs_divider_6dg:divider|alt_u_div_19f:divider|StageOut[219]~265               ; 2       ;
; fsm_maquina_expendedora:UFSM|lpm_divide:Mod0|lpm_divide_5po:auto_generated|abs_divider_6dg:divider|alt_u_div_19f:divider|StageOut[220]~264               ; 2       ;
; fsm_maquina_expendedora:UFSM|lpm_divide:Mod0|lpm_divide_5po:auto_generated|abs_divider_6dg:divider|alt_u_div_19f:divider|StageOut[221]~263               ; 2       ;
; fsm_maquina_expendedora:UFSM|lpm_divide:Mod0|lpm_divide_5po:auto_generated|abs_divider_6dg:divider|alt_u_div_19f:divider|StageOut[222]~262               ; 2       ;
; fsm_maquina_expendedora:UFSM|lpm_divide:Mod0|lpm_divide_5po:auto_generated|abs_divider_6dg:divider|alt_u_div_19f:divider|StageOut[223]~261               ; 2       ;
; fsm_maquina_expendedora:UFSM|lpm_divide:Mod0|lpm_divide_5po:auto_generated|abs_divider_6dg:divider|alt_u_div_19f:divider|StageOut[224]~260               ; 2       ;
; fsm_maquina_expendedora:UFSM|lpm_divide:Mod0|lpm_divide_5po:auto_generated|abs_divider_6dg:divider|alt_u_div_19f:divider|StageOut[214]~259               ; 2       ;
; fsm_maquina_expendedora:UFSM|lpm_divide:Mod0|lpm_divide_5po:auto_generated|abs_divider_6dg:divider|alt_u_div_19f:divider|StageOut[216]~258               ; 2       ;
; fsm_maquina_expendedora:UFSM|lpm_divide:Mod0|lpm_divide_5po:auto_generated|abs_divider_6dg:divider|alt_u_div_19f:divider|StageOut[197]~257               ; 2       ;
; fsm_maquina_expendedora:UFSM|lpm_divide:Mod0|lpm_divide_5po:auto_generated|abs_divider_6dg:divider|alt_u_div_19f:divider|StageOut[197]~256               ; 2       ;
; fsm_maquina_expendedora:UFSM|lpm_divide:Mod0|lpm_divide_5po:auto_generated|abs_divider_6dg:divider|alt_u_div_19f:divider|StageOut[181]~253               ; 2       ;
; fsm_maquina_expendedora:UFSM|lpm_divide:Mod0|lpm_divide_5po:auto_generated|abs_divider_6dg:divider|alt_u_div_19f:divider|StageOut[199]~252               ; 2       ;
; fsm_maquina_expendedora:UFSM|lpm_divide:Mod0|lpm_divide_5po:auto_generated|abs_divider_6dg:divider|alt_u_div_19f:divider|StageOut[200]~251               ; 2       ;
; fsm_maquina_expendedora:UFSM|lpm_divide:Mod0|lpm_divide_5po:auto_generated|abs_divider_6dg:divider|alt_u_div_19f:divider|StageOut[201]~250               ; 2       ;
; fsm_maquina_expendedora:UFSM|lpm_divide:Mod0|lpm_divide_5po:auto_generated|abs_divider_6dg:divider|alt_u_div_19f:divider|StageOut[202]~249               ; 2       ;
; fsm_maquina_expendedora:UFSM|lpm_divide:Mod0|lpm_divide_5po:auto_generated|abs_divider_6dg:divider|alt_u_div_19f:divider|StageOut[203]~248               ; 2       ;
; fsm_maquina_expendedora:UFSM|lpm_divide:Mod0|lpm_divide_5po:auto_generated|abs_divider_6dg:divider|alt_u_div_19f:divider|StageOut[204]~247               ; 2       ;
; fsm_maquina_expendedora:UFSM|lpm_divide:Mod0|lpm_divide_5po:auto_generated|abs_divider_6dg:divider|alt_u_div_19f:divider|StageOut[205]~246               ; 2       ;
; fsm_maquina_expendedora:UFSM|lpm_divide:Mod0|lpm_divide_5po:auto_generated|abs_divider_6dg:divider|alt_u_div_19f:divider|StageOut[206]~245               ; 2       ;
; fsm_maquina_expendedora:UFSM|lpm_divide:Mod0|lpm_divide_5po:auto_generated|abs_divider_6dg:divider|alt_u_div_19f:divider|StageOut[207]~244               ; 2       ;
; fsm_maquina_expendedora:UFSM|lpm_divide:Mod0|lpm_divide_5po:auto_generated|abs_divider_6dg:divider|alt_u_div_19f:divider|StageOut[208]~243               ; 2       ;
; fsm_maquina_expendedora:UFSM|lpm_divide:Mod0|lpm_divide_5po:auto_generated|abs_divider_6dg:divider|alt_u_div_19f:divider|StageOut[185]~242               ; 2       ;
; fsm_maquina_expendedora:UFSM|lpm_divide:Mod0|lpm_divide_5po:auto_generated|abs_divider_6dg:divider|alt_u_div_19f:divider|StageOut[186]~241               ; 2       ;
; fsm_maquina_expendedora:UFSM|lpm_divide:Mod0|lpm_divide_5po:auto_generated|abs_divider_6dg:divider|alt_u_div_19f:divider|StageOut[187]~240               ; 2       ;
; fsm_maquina_expendedora:UFSM|lpm_divide:Mod0|lpm_divide_5po:auto_generated|abs_divider_6dg:divider|alt_u_div_19f:divider|StageOut[188]~239               ; 2       ;
; fsm_maquina_expendedora:UFSM|lpm_divide:Mod0|lpm_divide_5po:auto_generated|abs_divider_6dg:divider|alt_u_div_19f:divider|StageOut[189]~238               ; 2       ;
; fsm_maquina_expendedora:UFSM|lpm_divide:Mod0|lpm_divide_5po:auto_generated|abs_divider_6dg:divider|alt_u_div_19f:divider|StageOut[190]~237               ; 2       ;
; fsm_maquina_expendedora:UFSM|lpm_divide:Mod0|lpm_divide_5po:auto_generated|abs_divider_6dg:divider|alt_u_div_19f:divider|StageOut[191]~236               ; 2       ;
; fsm_maquina_expendedora:UFSM|lpm_divide:Mod0|lpm_divide_5po:auto_generated|abs_divider_6dg:divider|alt_u_div_19f:divider|StageOut[192]~235               ; 2       ;
; fsm_maquina_expendedora:UFSM|lpm_divide:Mod0|lpm_divide_5po:auto_generated|abs_divider_6dg:divider|alt_u_div_19f:divider|StageOut[167]~234               ; 2       ;
; fsm_maquina_expendedora:UFSM|lpm_divide:Mod0|lpm_divide_5po:auto_generated|abs_divider_6dg:divider|alt_u_div_19f:divider|StageOut[167]~233               ; 2       ;
; fsm_maquina_expendedora:UFSM|lpm_divide:Mod0|lpm_divide_5po:auto_generated|abs_divider_6dg:divider|alt_u_div_19f:divider|StageOut[151]~230               ; 2       ;
; fsm_maquina_expendedora:UFSM|lpm_divide:Mod0|lpm_divide_5po:auto_generated|abs_divider_6dg:divider|alt_u_div_19f:divider|StageOut[170]~229               ; 2       ;
; fsm_maquina_expendedora:UFSM|lpm_divide:Mod0|lpm_divide_5po:auto_generated|abs_divider_6dg:divider|alt_u_div_19f:divider|StageOut[171]~228               ; 2       ;
; fsm_maquina_expendedora:UFSM|lpm_divide:Mod0|lpm_divide_5po:auto_generated|abs_divider_6dg:divider|alt_u_div_19f:divider|StageOut[172]~227               ; 2       ;
; fsm_maquina_expendedora:UFSM|lpm_divide:Mod0|lpm_divide_5po:auto_generated|abs_divider_6dg:divider|alt_u_div_19f:divider|StageOut[173]~226               ; 2       ;
; fsm_maquina_expendedora:UFSM|lpm_divide:Mod0|lpm_divide_5po:auto_generated|abs_divider_6dg:divider|alt_u_div_19f:divider|StageOut[174]~225               ; 2       ;
; fsm_maquina_expendedora:UFSM|lpm_divide:Mod0|lpm_divide_5po:auto_generated|abs_divider_6dg:divider|alt_u_div_19f:divider|StageOut[175]~224               ; 2       ;
; fsm_maquina_expendedora:UFSM|lpm_divide:Mod0|lpm_divide_5po:auto_generated|abs_divider_6dg:divider|alt_u_div_19f:divider|StageOut[176]~223               ; 2       ;
; fsm_maquina_expendedora:UFSM|lpm_divide:Div1|lpm_divide_u0p:auto_generated|abs_divider_2dg:divider|alt_u_div_p8f:divider|StageOut[145]~222               ; 2       ;
; fsm_maquina_expendedora:UFSM|lpm_divide:Div1|lpm_divide_u0p:auto_generated|abs_divider_2dg:divider|alt_u_div_p8f:divider|StageOut[147]~213               ; 2       ;
; fsm_maquina_expendedora:UFSM|lpm_divide:Div1|lpm_divide_u0p:auto_generated|abs_divider_2dg:divider|alt_u_div_p8f:divider|StageOut[148]~212               ; 2       ;
; fsm_maquina_expendedora:UFSM|lpm_divide:Div1|lpm_divide_u0p:auto_generated|abs_divider_2dg:divider|alt_u_div_p8f:divider|StageOut[149]~211               ; 2       ;
; fsm_maquina_expendedora:UFSM|lpm_divide:Div1|lpm_divide_u0p:auto_generated|abs_divider_2dg:divider|alt_u_div_p8f:divider|StageOut[150]~210               ; 2       ;
; fsm_maquina_expendedora:UFSM|lpm_divide:Div1|lpm_divide_u0p:auto_generated|abs_divider_2dg:divider|alt_u_div_p8f:divider|StageOut[151]~209               ; 2       ;
; fsm_maquina_expendedora:UFSM|lpm_divide:Div1|lpm_divide_u0p:auto_generated|abs_divider_2dg:divider|alt_u_div_p8f:divider|StageOut[152]~208               ; 2       ;
; fsm_maquina_expendedora:UFSM|lpm_divide:Div1|lpm_divide_u0p:auto_generated|abs_divider_2dg:divider|alt_u_div_p8f:divider|StageOut[153]~207               ; 2       ;
; fsm_maquina_expendedora:UFSM|lpm_divide:Div1|lpm_divide_u0p:auto_generated|abs_divider_2dg:divider|alt_u_div_p8f:divider|StageOut[134]~205               ; 2       ;
; fsm_maquina_expendedora:UFSM|lpm_divide:Div1|lpm_divide_u0p:auto_generated|abs_divider_2dg:divider|alt_u_div_p8f:divider|StageOut[121]~202               ; 2       ;
; fsm_maquina_expendedora:UFSM|lpm_divide:Div1|lpm_divide_u0p:auto_generated|abs_divider_2dg:divider|alt_u_div_p8f:divider|StageOut[137]~201               ; 2       ;
; fsm_maquina_expendedora:UFSM|lpm_divide:Div1|lpm_divide_u0p:auto_generated|abs_divider_2dg:divider|alt_u_div_p8f:divider|StageOut[138]~200               ; 2       ;
; fsm_maquina_expendedora:UFSM|lpm_divide:Div1|lpm_divide_u0p:auto_generated|abs_divider_2dg:divider|alt_u_div_p8f:divider|StageOut[139]~199               ; 2       ;
; fsm_maquina_expendedora:UFSM|lpm_divide:Div1|lpm_divide_u0p:auto_generated|abs_divider_2dg:divider|alt_u_div_p8f:divider|StageOut[140]~198               ; 2       ;
; fsm_maquina_expendedora:UFSM|lpm_divide:Div1|lpm_divide_u0p:auto_generated|abs_divider_2dg:divider|alt_u_div_p8f:divider|StageOut[141]~197               ; 2       ;
; fsm_maquina_expendedora:UFSM|lpm_divide:Div1|lpm_divide_u0p:auto_generated|abs_divider_2dg:divider|alt_u_div_p8f:divider|StageOut[124]~195               ; 2       ;
; fsm_maquina_expendedora:UFSM|lpm_divide:Div1|lpm_divide_u0p:auto_generated|abs_divider_2dg:divider|alt_u_div_p8f:divider|StageOut[127]~194               ; 2       ;
; fsm_maquina_expendedora:UFSM|lpm_divide:Div1|lpm_divide_u0p:auto_generated|abs_divider_2dg:divider|alt_u_div_p8f:divider|StageOut[111]~193               ; 2       ;
; fsm_maquina_expendedora:UFSM|lpm_divide:Div1|lpm_divide_u0p:auto_generated|abs_divider_2dg:divider|alt_u_div_p8f:divider|StageOut[114]~192               ; 2       ;
; fsm_maquina_expendedora:UFSM|lpm_divide:Div0|lpm_divide_qhm:auto_generated|sign_div_unsign_rlh:divider|alt_u_div_16f:divider|StageOut[91]~199            ; 2       ;
; fsm_maquina_expendedora:UFSM|lpm_divide:Div0|lpm_divide_qhm:auto_generated|sign_div_unsign_rlh:divider|alt_u_div_16f:divider|StageOut[92]~198            ; 2       ;
; fsm_maquina_expendedora:UFSM|lpm_divide:Div0|lpm_divide_qhm:auto_generated|sign_div_unsign_rlh:divider|alt_u_div_16f:divider|StageOut[93]~197            ; 2       ;
; fsm_maquina_expendedora:UFSM|lpm_divide:Div0|lpm_divide_qhm:auto_generated|sign_div_unsign_rlh:divider|alt_u_div_16f:divider|StageOut[83]~195            ; 2       ;
; fsm_maquina_expendedora:UFSM|lpm_divide:Div0|lpm_divide_qhm:auto_generated|sign_div_unsign_rlh:divider|alt_u_div_16f:divider|StageOut[84]~194            ; 2       ;
; fsm_maquina_expendedora:UFSM|lpm_divide:Div0|lpm_divide_qhm:auto_generated|sign_div_unsign_rlh:divider|alt_u_div_16f:divider|StageOut[85]~193            ; 2       ;
; fsm_maquina_expendedora:UFSM|lpm_divide:Div0|lpm_divide_qhm:auto_generated|sign_div_unsign_rlh:divider|alt_u_div_16f:divider|StageOut[75]~191            ; 2       ;
; fsm_maquina_expendedora:UFSM|lpm_divide:Div0|lpm_divide_qhm:auto_generated|sign_div_unsign_rlh:divider|alt_u_div_16f:divider|StageOut[76]~190            ; 2       ;
; fsm_maquina_expendedora:UFSM|lpm_divide:Div0|lpm_divide_qhm:auto_generated|sign_div_unsign_rlh:divider|alt_u_div_16f:divider|StageOut[77]~189            ; 2       ;
; fsm_maquina_expendedora:UFSM|lpm_divide:Div0|lpm_divide_qhm:auto_generated|sign_div_unsign_rlh:divider|alt_u_div_16f:divider|StageOut[68]~187            ; 2       ;
; fsm_maquina_expendedora:UFSM|lpm_divide:Div0|lpm_divide_qhm:auto_generated|sign_div_unsign_rlh:divider|alt_u_div_16f:divider|StageOut[69]~186            ; 2       ;
; bin_bcd:U_bcd3|lpm_divide:Div0|lpm_divide_4jm:auto_generated|sign_div_unsign_5nh:divider|alt_u_div_l8f:divider|StageOut[126]~160                         ; 2       ;
; bin_bcd:U_bcd3|lpm_divide:Div0|lpm_divide_4jm:auto_generated|sign_div_unsign_5nh:divider|alt_u_div_l8f:divider|StageOut[127]~159                         ; 2       ;
; bin_bcd:U_bcd3|lpm_divide:Div0|lpm_divide_4jm:auto_generated|sign_div_unsign_5nh:divider|alt_u_div_l8f:divider|StageOut[128]~158                         ; 2       ;
; bin_bcd:U_bcd3|lpm_divide:Div0|lpm_divide_4jm:auto_generated|sign_div_unsign_5nh:divider|alt_u_div_l8f:divider|StageOut[129]~157                         ; 2       ;
; bin_bcd:U_bcd3|lpm_divide:Div1|lpm_divide_qhm:auto_generated|sign_div_unsign_rlh:divider|alt_u_div_16f:divider|StageOut[88]~190                          ; 2       ;
; bin_bcd:U_bcd3|lpm_divide:Div1|lpm_divide_qhm:auto_generated|sign_div_unsign_rlh:divider|alt_u_div_16f:divider|StageOut[89]~184                          ; 2       ;
; bin_bcd:U_bcd3|lpm_divide:Div1|lpm_divide_qhm:auto_generated|sign_div_unsign_rlh:divider|alt_u_div_16f:divider|StageOut[80]~183                          ; 2       ;
; bin_bcd:U_bcd3|lpm_divide:Div1|lpm_divide_qhm:auto_generated|sign_div_unsign_rlh:divider|alt_u_div_16f:divider|StageOut[90]~182                          ; 2       ;
; bin_bcd:U_bcd3|lpm_divide:Div1|lpm_divide_qhm:auto_generated|sign_div_unsign_rlh:divider|alt_u_div_16f:divider|StageOut[91]~181                          ; 2       ;
; bin_bcd:U_bcd3|lpm_divide:Div1|lpm_divide_qhm:auto_generated|sign_div_unsign_rlh:divider|alt_u_div_16f:divider|StageOut[92]~180                          ; 2       ;
; bin_bcd:U_bcd3|lpm_divide:Div1|lpm_divide_qhm:auto_generated|sign_div_unsign_rlh:divider|alt_u_div_16f:divider|StageOut[93]~179                          ; 2       ;
; bin_bcd:U_bcd3|lpm_divide:Div1|lpm_divide_qhm:auto_generated|sign_div_unsign_rlh:divider|alt_u_div_16f:divider|StageOut[81]~177                          ; 2       ;
; bin_bcd:U_bcd3|lpm_divide:Div1|lpm_divide_qhm:auto_generated|sign_div_unsign_rlh:divider|alt_u_div_16f:divider|StageOut[72]~176                          ; 2       ;
; bin_bcd:U_bcd3|lpm_divide:Div1|lpm_divide_qhm:auto_generated|sign_div_unsign_rlh:divider|alt_u_div_16f:divider|StageOut[82]~175                          ; 2       ;
; bin_bcd:U_bcd3|lpm_divide:Div1|lpm_divide_qhm:auto_generated|sign_div_unsign_rlh:divider|alt_u_div_16f:divider|StageOut[83]~174                          ; 2       ;
; bin_bcd:U_bcd3|lpm_divide:Div1|lpm_divide_qhm:auto_generated|sign_div_unsign_rlh:divider|alt_u_div_16f:divider|StageOut[84]~173                          ; 2       ;
; bin_bcd:U_bcd3|lpm_divide:Div1|lpm_divide_qhm:auto_generated|sign_div_unsign_rlh:divider|alt_u_div_16f:divider|StageOut[85]~172                          ; 2       ;
; bin_bcd:U_bcd3|lpm_divide:Div1|lpm_divide_qhm:auto_generated|sign_div_unsign_rlh:divider|alt_u_div_16f:divider|StageOut[73]~170                          ; 2       ;
; bin_bcd:U_bcd3|lpm_divide:Div1|lpm_divide_qhm:auto_generated|sign_div_unsign_rlh:divider|alt_u_div_16f:divider|StageOut[64]~169                          ; 2       ;
; bin_bcd:U_bcd3|lpm_divide:Div1|lpm_divide_qhm:auto_generated|sign_div_unsign_rlh:divider|alt_u_div_16f:divider|StageOut[74]~168                          ; 2       ;
; bin_bcd:U_bcd3|lpm_divide:Div1|lpm_divide_qhm:auto_generated|sign_div_unsign_rlh:divider|alt_u_div_16f:divider|StageOut[75]~167                          ; 2       ;
; bin_bcd:U_bcd3|lpm_divide:Div1|lpm_divide_qhm:auto_generated|sign_div_unsign_rlh:divider|alt_u_div_16f:divider|StageOut[76]~166                          ; 2       ;
; bin_bcd:U_bcd3|lpm_divide:Div1|lpm_divide_qhm:auto_generated|sign_div_unsign_rlh:divider|alt_u_div_16f:divider|StageOut[77]~165                          ; 2       ;
; bin_bcd:U_bcd3|lpm_divide:Div1|lpm_divide_qhm:auto_generated|sign_div_unsign_rlh:divider|alt_u_div_16f:divider|StageOut[65]~163                          ; 2       ;
; bin_bcd:U_bcd3|lpm_divide:Div1|lpm_divide_qhm:auto_generated|sign_div_unsign_rlh:divider|alt_u_div_16f:divider|StageOut[56]~162                          ; 2       ;
; bin_bcd:U_bcd3|lpm_divide:Div1|lpm_divide_qhm:auto_generated|sign_div_unsign_rlh:divider|alt_u_div_16f:divider|StageOut[66]~161                          ; 2       ;
; bin_bcd:U_bcd3|lpm_divide:Div1|lpm_divide_qhm:auto_generated|sign_div_unsign_rlh:divider|alt_u_div_16f:divider|StageOut[67]~160                          ; 2       ;
; bin_bcd:U_bcd3|lpm_divide:Div1|lpm_divide_qhm:auto_generated|sign_div_unsign_rlh:divider|alt_u_div_16f:divider|StageOut[68]~159                          ; 2       ;
; bin_bcd:U_bcd3|lpm_divide:Div1|lpm_divide_qhm:auto_generated|sign_div_unsign_rlh:divider|alt_u_div_16f:divider|StageOut[69]~158                          ; 2       ;
; bin_bcd:U_bcd3|lpm_divide:Div1|lpm_divide_qhm:auto_generated|sign_div_unsign_rlh:divider|alt_u_div_16f:divider|StageOut[57]~156                          ; 2       ;
; bin_bcd:U_bcd3|lpm_divide:Div1|lpm_divide_qhm:auto_generated|sign_div_unsign_rlh:divider|alt_u_div_16f:divider|StageOut[48]~155                          ; 2       ;
; bin_bcd:U_bcd3|lpm_divide:Div1|lpm_divide_qhm:auto_generated|sign_div_unsign_rlh:divider|alt_u_div_16f:divider|StageOut[58]~154                          ; 2       ;
; bin_bcd:U_bcd3|lpm_divide:Div1|lpm_divide_qhm:auto_generated|sign_div_unsign_rlh:divider|alt_u_div_16f:divider|StageOut[59]~153                          ; 2       ;
; bin_bcd:U_bcd3|lpm_divide:Div1|lpm_divide_qhm:auto_generated|sign_div_unsign_rlh:divider|alt_u_div_16f:divider|StageOut[60]~152                          ; 2       ;
; bin_bcd:U_bcd3|lpm_divide:Div1|lpm_divide_qhm:auto_generated|sign_div_unsign_rlh:divider|alt_u_div_16f:divider|StageOut[61]~151                          ; 2       ;
; bin_bcd:U_bcd3|lpm_divide:Div1|lpm_divide_qhm:auto_generated|sign_div_unsign_rlh:divider|alt_u_div_16f:divider|StageOut[49]~149                          ; 2       ;
; bin_bcd:U_bcd3|lpm_divide:Div1|lpm_divide_qhm:auto_generated|sign_div_unsign_rlh:divider|alt_u_div_16f:divider|StageOut[50]~148                          ; 2       ;
; bin_bcd:U_bcd3|lpm_divide:Div1|lpm_divide_qhm:auto_generated|sign_div_unsign_rlh:divider|alt_u_div_16f:divider|StageOut[51]~147                          ; 2       ;
; bin_bcd:U_bcd3|lpm_divide:Div1|lpm_divide_qhm:auto_generated|sign_div_unsign_rlh:divider|alt_u_div_16f:divider|StageOut[52]~146                          ; 2       ;
; bin_bcd:U_bcd3|lpm_divide:Div1|lpm_divide_qhm:auto_generated|sign_div_unsign_rlh:divider|alt_u_div_16f:divider|StageOut[53]~145                          ; 2       ;
; bin_bcd:U_bcd1|lpm_divide:Div2|lpm_divide_nhm:auto_generated|sign_div_unsign_olh:divider|alt_u_div_r5f:divider|StageOut[56]~186                          ; 2       ;
; bin_bcd:U_bcd1|lpm_divide:Div2|lpm_divide_nhm:auto_generated|sign_div_unsign_olh:divider|alt_u_div_r5f:divider|StageOut[57]~185                          ; 2       ;
; bin_bcd:U_bcd1|lpm_divide:Div2|lpm_divide_nhm:auto_generated|sign_div_unsign_olh:divider|alt_u_div_r5f:divider|StageOut[51]~183                          ; 2       ;
; bin_bcd:U_bcd1|lpm_divide:Div2|lpm_divide_nhm:auto_generated|sign_div_unsign_olh:divider|alt_u_div_r5f:divider|StageOut[52]~182                          ; 2       ;
; bin_bcd:U_bcd1|lpm_divide:Div2|lpm_divide_nhm:auto_generated|sign_div_unsign_olh:divider|alt_u_div_r5f:divider|StageOut[46]~180                          ; 2       ;
; bin_bcd:U_bcd1|lpm_divide:Div2|lpm_divide_nhm:auto_generated|sign_div_unsign_olh:divider|alt_u_div_r5f:divider|StageOut[47]~179                          ; 2       ;
; bin_bcd:U_bcd1|lpm_divide:Div2|lpm_divide_nhm:auto_generated|sign_div_unsign_olh:divider|alt_u_div_r5f:divider|StageOut[41]~177                          ; 2       ;
; bin_bcd:U_bcd1|lpm_divide:Div2|lpm_divide_nhm:auto_generated|sign_div_unsign_olh:divider|alt_u_div_r5f:divider|StageOut[42]~176                          ; 2       ;
; bin_bcd:U_bcd1|lpm_divide:Div2|lpm_divide_nhm:auto_generated|sign_div_unsign_olh:divider|alt_u_div_r5f:divider|StageOut[36]~174                          ; 2       ;
; bin_bcd:U_bcd1|lpm_divide:Div2|lpm_divide_nhm:auto_generated|sign_div_unsign_olh:divider|alt_u_div_r5f:divider|StageOut[37]~173                          ; 2       ;
; bin_bcd:U_bcd1|lpm_divide:Div2|lpm_divide_nhm:auto_generated|sign_div_unsign_olh:divider|alt_u_div_r5f:divider|StageOut[30]~171                          ; 2       ;
; bin_bcd:U_bcd1|lpm_divide:Div2|lpm_divide_nhm:auto_generated|sign_div_unsign_olh:divider|alt_u_div_r5f:divider|StageOut[31]~170                          ; 2       ;
; bin_bcd:U_bcd1|lpm_divide:Div2|lpm_divide_nhm:auto_generated|sign_div_unsign_olh:divider|alt_u_div_r5f:divider|StageOut[32]~169                          ; 2       ;
; bin_bcd:U_bcd1|lpm_divide:Div2|lpm_divide_nhm:auto_generated|sign_div_unsign_olh:divider|alt_u_div_r5f:divider|StageOut[25]~167                          ; 2       ;
; bin_bcd:U_bcd1|lpm_divide:Div2|lpm_divide_nhm:auto_generated|sign_div_unsign_olh:divider|alt_u_div_r5f:divider|StageOut[26]~166                          ; 2       ;
; bin_bcd:U_bcd1|lpm_divide:Div2|lpm_divide_nhm:auto_generated|sign_div_unsign_olh:divider|alt_u_div_r5f:divider|StageOut[27]~165                          ; 2       ;
; bin_bcd:U_bcd1|lpm_divide:Div2|lpm_divide_nhm:auto_generated|sign_div_unsign_olh:divider|alt_u_div_r5f:divider|StageOut[20]~163                          ; 2       ;
; bin_bcd:U_bcd1|lpm_divide:Div2|lpm_divide_nhm:auto_generated|sign_div_unsign_olh:divider|alt_u_div_r5f:divider|StageOut[21]~162                          ; 2       ;
; bin_bcd:U_bcd1|lpm_divide:Div2|lpm_divide_nhm:auto_generated|sign_div_unsign_olh:divider|alt_u_div_r5f:divider|StageOut[22]~161                          ; 2       ;
; bin_bcd:U_bcd1|lpm_divide:Div2|lpm_divide_nhm:auto_generated|sign_div_unsign_olh:divider|alt_u_div_r5f:divider|StageOut[15]~159                          ; 2       ;
; bin_bcd:U_bcd1|lpm_divide:Div2|lpm_divide_nhm:auto_generated|sign_div_unsign_olh:divider|alt_u_div_r5f:divider|StageOut[16]~158                          ; 2       ;
; bin_bcd:U_bcd1|lpm_divide:Div2|lpm_divide_nhm:auto_generated|sign_div_unsign_olh:divider|alt_u_div_r5f:divider|StageOut[17]~157                          ; 2       ;
; bin_bcd:U_bcd3|lpm_divide:Div2|lpm_divide_nhm:auto_generated|sign_div_unsign_olh:divider|alt_u_div_r5f:divider|StageOut[55]~152                          ; 2       ;
; bin_bcd:U_bcd3|lpm_divide:Div2|lpm_divide_nhm:auto_generated|sign_div_unsign_olh:divider|alt_u_div_r5f:divider|StageOut[56]~151                          ; 2       ;
; bin_bcd:U_bcd3|lpm_divide:Div2|lpm_divide_nhm:auto_generated|sign_div_unsign_olh:divider|alt_u_div_r5f:divider|StageOut[57]~150                          ; 2       ;
; bin_bcd:U_bcd3|lpm_divide:Div2|lpm_divide_nhm:auto_generated|sign_div_unsign_olh:divider|alt_u_div_r5f:divider|StageOut[50]~148                          ; 2       ;
; bin_bcd:U_bcd3|lpm_divide:Div2|lpm_divide_nhm:auto_generated|sign_div_unsign_olh:divider|alt_u_div_r5f:divider|StageOut[51]~147                          ; 2       ;
; bin_bcd:U_bcd3|lpm_divide:Div2|lpm_divide_nhm:auto_generated|sign_div_unsign_olh:divider|alt_u_div_r5f:divider|StageOut[52]~146                          ; 2       ;
; bin_bcd:U_bcd3|lpm_divide:Div2|lpm_divide_nhm:auto_generated|sign_div_unsign_olh:divider|alt_u_div_r5f:divider|StageOut[45]~144                          ; 2       ;
; bin_bcd:U_bcd3|lpm_divide:Div2|lpm_divide_nhm:auto_generated|sign_div_unsign_olh:divider|alt_u_div_r5f:divider|StageOut[46]~143                          ; 2       ;
; bin_bcd:U_bcd3|lpm_divide:Div2|lpm_divide_nhm:auto_generated|sign_div_unsign_olh:divider|alt_u_div_r5f:divider|StageOut[47]~142                          ; 2       ;
; bin_bcd:U_bcd3|lpm_divide:Div2|lpm_divide_nhm:auto_generated|sign_div_unsign_olh:divider|alt_u_div_r5f:divider|StageOut[40]~140                          ; 2       ;
; bin_bcd:U_bcd3|lpm_divide:Div2|lpm_divide_nhm:auto_generated|sign_div_unsign_olh:divider|alt_u_div_r5f:divider|StageOut[41]~139                          ; 2       ;
; bin_bcd:U_bcd3|lpm_divide:Div2|lpm_divide_nhm:auto_generated|sign_div_unsign_olh:divider|alt_u_div_r5f:divider|StageOut[42]~138                          ; 2       ;
; bin_bcd:U_bcd3|lpm_divide:Div2|lpm_divide_nhm:auto_generated|sign_div_unsign_olh:divider|alt_u_div_r5f:divider|StageOut[35]~136                          ; 2       ;
; bin_bcd:U_bcd3|lpm_divide:Div2|lpm_divide_nhm:auto_generated|sign_div_unsign_olh:divider|alt_u_div_r5f:divider|StageOut[36]~135                          ; 2       ;
; bin_bcd:U_bcd3|lpm_divide:Div2|lpm_divide_nhm:auto_generated|sign_div_unsign_olh:divider|alt_u_div_r5f:divider|StageOut[37]~134                          ; 2       ;
; bin_bcd:U_bcd3|lpm_divide:Div2|lpm_divide_nhm:auto_generated|sign_div_unsign_olh:divider|alt_u_div_r5f:divider|StageOut[30]~132                          ; 2       ;
; bin_bcd:U_bcd3|lpm_divide:Div2|lpm_divide_nhm:auto_generated|sign_div_unsign_olh:divider|alt_u_div_r5f:divider|StageOut[31]~131                          ; 2       ;
; bin_bcd:U_bcd3|lpm_divide:Div2|lpm_divide_nhm:auto_generated|sign_div_unsign_olh:divider|alt_u_div_r5f:divider|StageOut[32]~130                          ; 2       ;
; bin_bcd:U_bcd3|lpm_divide:Div2|lpm_divide_nhm:auto_generated|sign_div_unsign_olh:divider|alt_u_div_r5f:divider|StageOut[25]~128                          ; 2       ;
; bin_bcd:U_bcd3|lpm_divide:Div2|lpm_divide_nhm:auto_generated|sign_div_unsign_olh:divider|alt_u_div_r5f:divider|StageOut[26]~127                          ; 2       ;
; bin_bcd:U_bcd3|lpm_divide:Div2|lpm_divide_nhm:auto_generated|sign_div_unsign_olh:divider|alt_u_div_r5f:divider|StageOut[27]~126                          ; 2       ;
; bin_bcd:U_bcd3|lpm_divide:Div2|lpm_divide_nhm:auto_generated|sign_div_unsign_olh:divider|alt_u_div_r5f:divider|StageOut[20]~124                          ; 2       ;
; bin_bcd:U_bcd3|lpm_divide:Div2|lpm_divide_nhm:auto_generated|sign_div_unsign_olh:divider|alt_u_div_r5f:divider|StageOut[21]~123                          ; 2       ;
; bin_bcd:U_bcd3|lpm_divide:Div2|lpm_divide_nhm:auto_generated|sign_div_unsign_olh:divider|alt_u_div_r5f:divider|StageOut[22]~122                          ; 2       ;
; bin_bcd:U_bcd3|lpm_divide:Div2|lpm_divide_nhm:auto_generated|sign_div_unsign_olh:divider|alt_u_div_r5f:divider|StageOut[15]~120                          ; 2       ;
; bin_bcd:U_bcd3|lpm_divide:Div2|lpm_divide_nhm:auto_generated|sign_div_unsign_olh:divider|alt_u_div_r5f:divider|StageOut[16]~119                          ; 2       ;
; bin_bcd:U_bcd3|lpm_divide:Div2|lpm_divide_nhm:auto_generated|sign_div_unsign_olh:divider|alt_u_div_r5f:divider|StageOut[17]~118                          ; 2       ;
; bin_bcd:U_bcd3|lpm_divide:Mod2|lpm_divide_bbm:auto_generated|sign_div_unsign_9nh:divider|alt_u_div_t8f:divider|StageOut[169]~335                         ; 2       ;
; bin_bcd:U_bcd3|lpm_divide:Mod2|lpm_divide_bbm:auto_generated|sign_div_unsign_9nh:divider|alt_u_div_t8f:divider|StageOut[170]~334                         ; 2       ;
; bin_bcd:U_bcd3|lpm_divide:Mod2|lpm_divide_bbm:auto_generated|sign_div_unsign_9nh:divider|alt_u_div_t8f:divider|StageOut[154]~323                         ; 2       ;
; bin_bcd:U_bcd3|lpm_divide:Mod2|lpm_divide_bbm:auto_generated|sign_div_unsign_9nh:divider|alt_u_div_t8f:divider|StageOut[155]~322                         ; 2       ;
; bin_bcd:U_bcd3|lpm_divide:Mod2|lpm_divide_bbm:auto_generated|sign_div_unsign_9nh:divider|alt_u_div_t8f:divider|StageOut[156]~321                         ; 2       ;
; bin_bcd:U_bcd3|lpm_divide:Mod2|lpm_divide_bbm:auto_generated|sign_div_unsign_9nh:divider|alt_u_div_t8f:divider|StageOut[157]~320                         ; 2       ;
; bin_bcd:U_bcd3|lpm_divide:Mod2|lpm_divide_bbm:auto_generated|sign_div_unsign_9nh:divider|alt_u_div_t8f:divider|StageOut[158]~319                         ; 2       ;
; bin_bcd:U_bcd3|lpm_divide:Mod2|lpm_divide_bbm:auto_generated|sign_div_unsign_9nh:divider|alt_u_div_t8f:divider|StageOut[159]~318                         ; 2       ;
; bin_bcd:U_bcd3|lpm_divide:Mod2|lpm_divide_bbm:auto_generated|sign_div_unsign_9nh:divider|alt_u_div_t8f:divider|StageOut[160]~317                         ; 2       ;
; bin_bcd:U_bcd3|lpm_divide:Mod2|lpm_divide_bbm:auto_generated|sign_div_unsign_9nh:divider|alt_u_div_t8f:divider|StageOut[161]~316                         ; 2       ;
; bin_bcd:U_bcd3|lpm_divide:Mod2|lpm_divide_bbm:auto_generated|sign_div_unsign_9nh:divider|alt_u_div_t8f:divider|StageOut[162]~315                         ; 2       ;
; bin_bcd:U_bcd3|lpm_divide:Mod2|lpm_divide_bbm:auto_generated|sign_div_unsign_9nh:divider|alt_u_div_t8f:divider|StageOut[163]~314                         ; 2       ;
; bin_bcd:U_bcd3|lpm_divide:Mod2|lpm_divide_bbm:auto_generated|sign_div_unsign_9nh:divider|alt_u_div_t8f:divider|StageOut[164]~313                         ; 2       ;
; bin_bcd:U_bcd3|lpm_divide:Mod2|lpm_divide_bbm:auto_generated|sign_div_unsign_9nh:divider|alt_u_div_t8f:divider|StageOut[165]~312                         ; 2       ;
; bin_bcd:U_bcd3|lpm_divide:Mod2|lpm_divide_bbm:auto_generated|sign_div_unsign_9nh:divider|alt_u_div_t8f:divider|StageOut[140]~311                         ; 2       ;
; bin_bcd:U_bcd3|lpm_divide:Mod2|lpm_divide_bbm:auto_generated|sign_div_unsign_9nh:divider|alt_u_div_t8f:divider|StageOut[141]~310                         ; 2       ;
; bin_bcd:U_bcd3|lpm_divide:Mod2|lpm_divide_bbm:auto_generated|sign_div_unsign_9nh:divider|alt_u_div_t8f:divider|StageOut[142]~309                         ; 2       ;
; bin_bcd:U_bcd3|lpm_divide:Mod2|lpm_divide_bbm:auto_generated|sign_div_unsign_9nh:divider|alt_u_div_t8f:divider|StageOut[143]~308                         ; 2       ;
; bin_bcd:U_bcd3|lpm_divide:Mod2|lpm_divide_bbm:auto_generated|sign_div_unsign_9nh:divider|alt_u_div_t8f:divider|StageOut[144]~307                         ; 2       ;
; bin_bcd:U_bcd3|lpm_divide:Mod2|lpm_divide_bbm:auto_generated|sign_div_unsign_9nh:divider|alt_u_div_t8f:divider|StageOut[145]~306                         ; 2       ;
; bin_bcd:U_bcd3|lpm_divide:Mod2|lpm_divide_bbm:auto_generated|sign_div_unsign_9nh:divider|alt_u_div_t8f:divider|StageOut[146]~305                         ; 2       ;
; bin_bcd:U_bcd3|lpm_divide:Mod2|lpm_divide_bbm:auto_generated|sign_div_unsign_9nh:divider|alt_u_div_t8f:divider|StageOut[147]~304                         ; 2       ;
; bin_bcd:U_bcd3|lpm_divide:Mod2|lpm_divide_bbm:auto_generated|sign_div_unsign_9nh:divider|alt_u_div_t8f:divider|StageOut[148]~303                         ; 2       ;
; bin_bcd:U_bcd3|lpm_divide:Mod2|lpm_divide_bbm:auto_generated|sign_div_unsign_9nh:divider|alt_u_div_t8f:divider|StageOut[149]~302                         ; 2       ;
; bin_bcd:U_bcd3|lpm_divide:Mod2|lpm_divide_bbm:auto_generated|sign_div_unsign_9nh:divider|alt_u_div_t8f:divider|StageOut[150]~301                         ; 2       ;
; bin_bcd:U_bcd3|lpm_divide:Mod2|lpm_divide_bbm:auto_generated|sign_div_unsign_9nh:divider|alt_u_div_t8f:divider|StageOut[126]~300                         ; 2       ;
; bin_bcd:U_bcd3|lpm_divide:Mod2|lpm_divide_bbm:auto_generated|sign_div_unsign_9nh:divider|alt_u_div_t8f:divider|StageOut[127]~299                         ; 2       ;
; bin_bcd:U_bcd3|lpm_divide:Mod2|lpm_divide_bbm:auto_generated|sign_div_unsign_9nh:divider|alt_u_div_t8f:divider|StageOut[128]~298                         ; 2       ;
; bin_bcd:U_bcd3|lpm_divide:Mod2|lpm_divide_bbm:auto_generated|sign_div_unsign_9nh:divider|alt_u_div_t8f:divider|StageOut[129]~297                         ; 2       ;
; bin_bcd:U_bcd3|lpm_divide:Mod2|lpm_divide_bbm:auto_generated|sign_div_unsign_9nh:divider|alt_u_div_t8f:divider|StageOut[130]~296                         ; 2       ;
; bin_bcd:U_bcd3|lpm_divide:Mod2|lpm_divide_bbm:auto_generated|sign_div_unsign_9nh:divider|alt_u_div_t8f:divider|StageOut[131]~295                         ; 2       ;
; bin_bcd:U_bcd3|lpm_divide:Mod2|lpm_divide_bbm:auto_generated|sign_div_unsign_9nh:divider|alt_u_div_t8f:divider|StageOut[132]~294                         ; 2       ;
; bin_bcd:U_bcd3|lpm_divide:Mod2|lpm_divide_bbm:auto_generated|sign_div_unsign_9nh:divider|alt_u_div_t8f:divider|StageOut[133]~293                         ; 2       ;
; bin_bcd:U_bcd3|lpm_divide:Mod2|lpm_divide_bbm:auto_generated|sign_div_unsign_9nh:divider|alt_u_div_t8f:divider|StageOut[134]~292                         ; 2       ;
; bin_bcd:U_bcd3|lpm_divide:Mod2|lpm_divide_bbm:auto_generated|sign_div_unsign_9nh:divider|alt_u_div_t8f:divider|StageOut[135]~291                         ; 2       ;
; bin_bcd:U_bcd3|lpm_divide:Mod2|lpm_divide_bbm:auto_generated|sign_div_unsign_9nh:divider|alt_u_div_t8f:divider|StageOut[112]~290                         ; 2       ;
; bin_bcd:U_bcd3|lpm_divide:Mod2|lpm_divide_bbm:auto_generated|sign_div_unsign_9nh:divider|alt_u_div_t8f:divider|StageOut[113]~289                         ; 2       ;
; bin_bcd:U_bcd3|lpm_divide:Mod2|lpm_divide_bbm:auto_generated|sign_div_unsign_9nh:divider|alt_u_div_t8f:divider|StageOut[114]~288                         ; 2       ;
; bin_bcd:U_bcd3|lpm_divide:Mod2|lpm_divide_bbm:auto_generated|sign_div_unsign_9nh:divider|alt_u_div_t8f:divider|StageOut[115]~287                         ; 2       ;
; bin_bcd:U_bcd3|lpm_divide:Mod2|lpm_divide_bbm:auto_generated|sign_div_unsign_9nh:divider|alt_u_div_t8f:divider|StageOut[116]~286                         ; 2       ;
; bin_bcd:U_bcd3|lpm_divide:Mod2|lpm_divide_bbm:auto_generated|sign_div_unsign_9nh:divider|alt_u_div_t8f:divider|StageOut[117]~285                         ; 2       ;
; bin_bcd:U_bcd3|lpm_divide:Mod2|lpm_divide_bbm:auto_generated|sign_div_unsign_9nh:divider|alt_u_div_t8f:divider|StageOut[118]~284                         ; 2       ;
; bin_bcd:U_bcd3|lpm_divide:Mod2|lpm_divide_bbm:auto_generated|sign_div_unsign_9nh:divider|alt_u_div_t8f:divider|StageOut[119]~283                         ; 2       ;
; bin_bcd:U_bcd3|lpm_divide:Mod2|lpm_divide_bbm:auto_generated|sign_div_unsign_9nh:divider|alt_u_div_t8f:divider|StageOut[120]~282                         ; 2       ;
; bin_bcd:U_bcd3|lpm_divide:Mod2|lpm_divide_bbm:auto_generated|sign_div_unsign_9nh:divider|alt_u_div_t8f:divider|StageOut[98]~281                          ; 2       ;
; bin_bcd:U_bcd3|lpm_divide:Mod2|lpm_divide_bbm:auto_generated|sign_div_unsign_9nh:divider|alt_u_div_t8f:divider|StageOut[99]~280                          ; 2       ;
; bin_bcd:U_bcd3|lpm_divide:Mod2|lpm_divide_bbm:auto_generated|sign_div_unsign_9nh:divider|alt_u_div_t8f:divider|StageOut[100]~279                         ; 2       ;
; bin_bcd:U_bcd3|lpm_divide:Mod2|lpm_divide_bbm:auto_generated|sign_div_unsign_9nh:divider|alt_u_div_t8f:divider|StageOut[101]~278                         ; 2       ;
; bin_bcd:U_bcd3|lpm_divide:Mod2|lpm_divide_bbm:auto_generated|sign_div_unsign_9nh:divider|alt_u_div_t8f:divider|StageOut[102]~277                         ; 2       ;
; bin_bcd:U_bcd3|lpm_divide:Mod2|lpm_divide_bbm:auto_generated|sign_div_unsign_9nh:divider|alt_u_div_t8f:divider|StageOut[103]~276                         ; 2       ;
; bin_bcd:U_bcd3|lpm_divide:Mod2|lpm_divide_bbm:auto_generated|sign_div_unsign_9nh:divider|alt_u_div_t8f:divider|StageOut[104]~275                         ; 2       ;
; bin_bcd:U_bcd3|lpm_divide:Mod2|lpm_divide_bbm:auto_generated|sign_div_unsign_9nh:divider|alt_u_div_t8f:divider|StageOut[105]~274                         ; 2       ;
; bin_bcd:U_bcd3|lpm_divide:Mod2|lpm_divide_bbm:auto_generated|sign_div_unsign_9nh:divider|alt_u_div_t8f:divider|StageOut[84]~273                          ; 2       ;
; bin_bcd:U_bcd3|lpm_divide:Mod2|lpm_divide_bbm:auto_generated|sign_div_unsign_9nh:divider|alt_u_div_t8f:divider|StageOut[85]~272                          ; 2       ;
; bin_bcd:U_bcd3|lpm_divide:Mod2|lpm_divide_bbm:auto_generated|sign_div_unsign_9nh:divider|alt_u_div_t8f:divider|StageOut[86]~271                          ; 2       ;
; bin_bcd:U_bcd3|lpm_divide:Mod2|lpm_divide_bbm:auto_generated|sign_div_unsign_9nh:divider|alt_u_div_t8f:divider|StageOut[87]~270                          ; 2       ;
; bin_bcd:U_bcd3|lpm_divide:Mod2|lpm_divide_bbm:auto_generated|sign_div_unsign_9nh:divider|alt_u_div_t8f:divider|StageOut[88]~269                          ; 2       ;
; bin_bcd:U_bcd3|lpm_divide:Mod2|lpm_divide_bbm:auto_generated|sign_div_unsign_9nh:divider|alt_u_div_t8f:divider|StageOut[89]~268                          ; 2       ;
; bin_bcd:U_bcd3|lpm_divide:Mod2|lpm_divide_bbm:auto_generated|sign_div_unsign_9nh:divider|alt_u_div_t8f:divider|StageOut[90]~267                          ; 2       ;
; bin_bcd:U_bcd3|lpm_divide:Mod2|lpm_divide_bbm:auto_generated|sign_div_unsign_9nh:divider|alt_u_div_t8f:divider|StageOut[70]~266                          ; 2       ;
; bin_bcd:U_bcd3|lpm_divide:Mod2|lpm_divide_bbm:auto_generated|sign_div_unsign_9nh:divider|alt_u_div_t8f:divider|StageOut[71]~265                          ; 2       ;
; bin_bcd:U_bcd3|lpm_divide:Mod2|lpm_divide_bbm:auto_generated|sign_div_unsign_9nh:divider|alt_u_div_t8f:divider|StageOut[72]~264                          ; 2       ;
; bin_bcd:U_bcd3|lpm_divide:Mod2|lpm_divide_bbm:auto_generated|sign_div_unsign_9nh:divider|alt_u_div_t8f:divider|StageOut[73]~263                          ; 2       ;
; bin_bcd:U_bcd3|lpm_divide:Mod2|lpm_divide_bbm:auto_generated|sign_div_unsign_9nh:divider|alt_u_div_t8f:divider|StageOut[74]~262                          ; 2       ;
; bin_bcd:U_bcd3|lpm_divide:Mod2|lpm_divide_bbm:auto_generated|sign_div_unsign_9nh:divider|alt_u_div_t8f:divider|StageOut[75]~261                          ; 2       ;
; bin_bcd:U_bcd3|lpm_divide:Mod2|lpm_divide_bbm:auto_generated|sign_div_unsign_9nh:divider|alt_u_div_t8f:divider|StageOut[56]~260                          ; 2       ;
; bin_bcd:U_bcd3|lpm_divide:Mod2|lpm_divide_bbm:auto_generated|sign_div_unsign_9nh:divider|alt_u_div_t8f:divider|StageOut[57]~259                          ; 2       ;
; bin_bcd:U_bcd3|lpm_divide:Mod2|lpm_divide_bbm:auto_generated|sign_div_unsign_9nh:divider|alt_u_div_t8f:divider|StageOut[58]~258                          ; 2       ;
; bin_bcd:U_bcd3|lpm_divide:Mod2|lpm_divide_bbm:auto_generated|sign_div_unsign_9nh:divider|alt_u_div_t8f:divider|StageOut[59]~257                          ; 2       ;
; bin_bcd:U_bcd3|lpm_divide:Mod2|lpm_divide_bbm:auto_generated|sign_div_unsign_9nh:divider|alt_u_div_t8f:divider|StageOut[60]~256                          ; 2       ;
; bin_bcd:U_bcd3|lpm_divide:Mod2|lpm_divide_bbm:auto_generated|sign_div_unsign_9nh:divider|alt_u_div_t8f:divider|StageOut[42]~255                          ; 2       ;
; bin_bcd:U_bcd3|lpm_divide:Mod2|lpm_divide_bbm:auto_generated|sign_div_unsign_9nh:divider|alt_u_div_t8f:divider|StageOut[43]~254                          ; 2       ;
; bin_bcd:U_bcd3|lpm_divide:Mod2|lpm_divide_bbm:auto_generated|sign_div_unsign_9nh:divider|alt_u_div_t8f:divider|StageOut[44]~253                          ; 2       ;
; bin_bcd:U_bcd3|lpm_divide:Mod2|lpm_divide_bbm:auto_generated|sign_div_unsign_9nh:divider|alt_u_div_t8f:divider|StageOut[45]~252                          ; 2       ;
; bin_bcd:U_bcd3|lpm_divide:Mod1|lpm_divide_bbm:auto_generated|sign_div_unsign_9nh:divider|alt_u_div_t8f:divider|StageOut[169]~311                         ; 2       ;
; bin_bcd:U_bcd3|lpm_divide:Mod1|lpm_divide_bbm:auto_generated|sign_div_unsign_9nh:divider|alt_u_div_t8f:divider|StageOut[154]~310                         ; 2       ;
; bin_bcd:U_bcd3|lpm_divide:Mod1|lpm_divide_bbm:auto_generated|sign_div_unsign_9nh:divider|alt_u_div_t8f:divider|StageOut[170]~309                         ; 2       ;
; bin_bcd:U_bcd3|lpm_divide:Mod1|lpm_divide_bbm:auto_generated|sign_div_unsign_9nh:divider|alt_u_div_t8f:divider|StageOut[171]~308                         ; 2       ;
; bin_bcd:U_bcd3|lpm_divide:Mod1|lpm_divide_bbm:auto_generated|sign_div_unsign_9nh:divider|alt_u_div_t8f:divider|StageOut[172]~307                         ; 2       ;
; bin_bcd:U_bcd3|lpm_divide:Mod1|lpm_divide_bbm:auto_generated|sign_div_unsign_9nh:divider|alt_u_div_t8f:divider|StageOut[173]~306                         ; 2       ;
; bin_bcd:U_bcd3|lpm_divide:Mod1|lpm_divide_bbm:auto_generated|sign_div_unsign_9nh:divider|alt_u_div_t8f:divider|StageOut[174]~305                         ; 2       ;
; bin_bcd:U_bcd3|lpm_divide:Mod1|lpm_divide_bbm:auto_generated|sign_div_unsign_9nh:divider|alt_u_div_t8f:divider|StageOut[175]~304                         ; 2       ;
; bin_bcd:U_bcd3|lpm_divide:Mod1|lpm_divide_bbm:auto_generated|sign_div_unsign_9nh:divider|alt_u_div_t8f:divider|StageOut[176]~303                         ; 2       ;
; bin_bcd:U_bcd3|lpm_divide:Mod1|lpm_divide_bbm:auto_generated|sign_div_unsign_9nh:divider|alt_u_div_t8f:divider|StageOut[177]~302                         ; 2       ;
; bin_bcd:U_bcd3|lpm_divide:Mod1|lpm_divide_bbm:auto_generated|sign_div_unsign_9nh:divider|alt_u_div_t8f:divider|StageOut[178]~301                         ; 2       ;
; bin_bcd:U_bcd3|lpm_divide:Mod1|lpm_divide_bbm:auto_generated|sign_div_unsign_9nh:divider|alt_u_div_t8f:divider|StageOut[179]~300                         ; 2       ;
; bin_bcd:U_bcd3|lpm_divide:Mod1|lpm_divide_bbm:auto_generated|sign_div_unsign_9nh:divider|alt_u_div_t8f:divider|StageOut[180]~299                         ; 2       ;
; bin_bcd:U_bcd3|lpm_divide:Mod1|lpm_divide_bbm:auto_generated|sign_div_unsign_9nh:divider|alt_u_div_t8f:divider|StageOut[155]~298                         ; 2       ;
; bin_bcd:U_bcd3|lpm_divide:Mod1|lpm_divide_bbm:auto_generated|sign_div_unsign_9nh:divider|alt_u_div_t8f:divider|StageOut[140]~297                         ; 2       ;
; bin_bcd:U_bcd3|lpm_divide:Mod1|lpm_divide_bbm:auto_generated|sign_div_unsign_9nh:divider|alt_u_div_t8f:divider|StageOut[156]~296                         ; 2       ;
; bin_bcd:U_bcd3|lpm_divide:Mod1|lpm_divide_bbm:auto_generated|sign_div_unsign_9nh:divider|alt_u_div_t8f:divider|StageOut[157]~295                         ; 2       ;
; bin_bcd:U_bcd3|lpm_divide:Mod1|lpm_divide_bbm:auto_generated|sign_div_unsign_9nh:divider|alt_u_div_t8f:divider|StageOut[158]~294                         ; 2       ;
; bin_bcd:U_bcd3|lpm_divide:Mod1|lpm_divide_bbm:auto_generated|sign_div_unsign_9nh:divider|alt_u_div_t8f:divider|StageOut[159]~293                         ; 2       ;
; bin_bcd:U_bcd3|lpm_divide:Mod1|lpm_divide_bbm:auto_generated|sign_div_unsign_9nh:divider|alt_u_div_t8f:divider|StageOut[160]~292                         ; 2       ;
; bin_bcd:U_bcd3|lpm_divide:Mod1|lpm_divide_bbm:auto_generated|sign_div_unsign_9nh:divider|alt_u_div_t8f:divider|StageOut[161]~291                         ; 2       ;
; bin_bcd:U_bcd3|lpm_divide:Mod1|lpm_divide_bbm:auto_generated|sign_div_unsign_9nh:divider|alt_u_div_t8f:divider|StageOut[162]~290                         ; 2       ;
; bin_bcd:U_bcd3|lpm_divide:Mod1|lpm_divide_bbm:auto_generated|sign_div_unsign_9nh:divider|alt_u_div_t8f:divider|StageOut[163]~289                         ; 2       ;
; bin_bcd:U_bcd3|lpm_divide:Mod1|lpm_divide_bbm:auto_generated|sign_div_unsign_9nh:divider|alt_u_div_t8f:divider|StageOut[164]~288                         ; 2       ;
; bin_bcd:U_bcd3|lpm_divide:Mod1|lpm_divide_bbm:auto_generated|sign_div_unsign_9nh:divider|alt_u_div_t8f:divider|StageOut[165]~287                         ; 2       ;
; bin_bcd:U_bcd3|lpm_divide:Mod1|lpm_divide_bbm:auto_generated|sign_div_unsign_9nh:divider|alt_u_div_t8f:divider|StageOut[141]~286                         ; 2       ;
; bin_bcd:U_bcd3|lpm_divide:Mod1|lpm_divide_bbm:auto_generated|sign_div_unsign_9nh:divider|alt_u_div_t8f:divider|StageOut[126]~285                         ; 2       ;
; bin_bcd:U_bcd3|lpm_divide:Mod1|lpm_divide_bbm:auto_generated|sign_div_unsign_9nh:divider|alt_u_div_t8f:divider|StageOut[142]~284                         ; 2       ;
; bin_bcd:U_bcd3|lpm_divide:Mod1|lpm_divide_bbm:auto_generated|sign_div_unsign_9nh:divider|alt_u_div_t8f:divider|StageOut[143]~283                         ; 2       ;
; bin_bcd:U_bcd3|lpm_divide:Mod1|lpm_divide_bbm:auto_generated|sign_div_unsign_9nh:divider|alt_u_div_t8f:divider|StageOut[144]~282                         ; 2       ;
; bin_bcd:U_bcd3|lpm_divide:Mod1|lpm_divide_bbm:auto_generated|sign_div_unsign_9nh:divider|alt_u_div_t8f:divider|StageOut[145]~281                         ; 2       ;
; bin_bcd:U_bcd3|lpm_divide:Mod1|lpm_divide_bbm:auto_generated|sign_div_unsign_9nh:divider|alt_u_div_t8f:divider|StageOut[146]~280                         ; 2       ;
; bin_bcd:U_bcd3|lpm_divide:Mod1|lpm_divide_bbm:auto_generated|sign_div_unsign_9nh:divider|alt_u_div_t8f:divider|StageOut[147]~279                         ; 2       ;
; bin_bcd:U_bcd3|lpm_divide:Mod1|lpm_divide_bbm:auto_generated|sign_div_unsign_9nh:divider|alt_u_div_t8f:divider|StageOut[148]~278                         ; 2       ;
; bin_bcd:U_bcd3|lpm_divide:Mod1|lpm_divide_bbm:auto_generated|sign_div_unsign_9nh:divider|alt_u_div_t8f:divider|StageOut[149]~277                         ; 2       ;
; bin_bcd:U_bcd3|lpm_divide:Mod1|lpm_divide_bbm:auto_generated|sign_div_unsign_9nh:divider|alt_u_div_t8f:divider|StageOut[150]~276                         ; 2       ;
; bin_bcd:U_bcd3|lpm_divide:Mod1|lpm_divide_bbm:auto_generated|sign_div_unsign_9nh:divider|alt_u_div_t8f:divider|StageOut[127]~275                         ; 2       ;
; bin_bcd:U_bcd3|lpm_divide:Mod1|lpm_divide_bbm:auto_generated|sign_div_unsign_9nh:divider|alt_u_div_t8f:divider|StageOut[112]~274                         ; 2       ;
; bin_bcd:U_bcd3|lpm_divide:Mod1|lpm_divide_bbm:auto_generated|sign_div_unsign_9nh:divider|alt_u_div_t8f:divider|StageOut[128]~273                         ; 2       ;
; bin_bcd:U_bcd3|lpm_divide:Mod1|lpm_divide_bbm:auto_generated|sign_div_unsign_9nh:divider|alt_u_div_t8f:divider|StageOut[129]~272                         ; 2       ;
; bin_bcd:U_bcd3|lpm_divide:Mod1|lpm_divide_bbm:auto_generated|sign_div_unsign_9nh:divider|alt_u_div_t8f:divider|StageOut[130]~271                         ; 2       ;
; bin_bcd:U_bcd3|lpm_divide:Mod1|lpm_divide_bbm:auto_generated|sign_div_unsign_9nh:divider|alt_u_div_t8f:divider|StageOut[131]~270                         ; 2       ;
; bin_bcd:U_bcd3|lpm_divide:Mod1|lpm_divide_bbm:auto_generated|sign_div_unsign_9nh:divider|alt_u_div_t8f:divider|StageOut[132]~269                         ; 2       ;
; bin_bcd:U_bcd3|lpm_divide:Mod1|lpm_divide_bbm:auto_generated|sign_div_unsign_9nh:divider|alt_u_div_t8f:divider|StageOut[133]~268                         ; 2       ;
; bin_bcd:U_bcd3|lpm_divide:Mod1|lpm_divide_bbm:auto_generated|sign_div_unsign_9nh:divider|alt_u_div_t8f:divider|StageOut[134]~267                         ; 2       ;
; bin_bcd:U_bcd3|lpm_divide:Mod1|lpm_divide_bbm:auto_generated|sign_div_unsign_9nh:divider|alt_u_div_t8f:divider|StageOut[135]~266                         ; 2       ;
; bin_bcd:U_bcd3|lpm_divide:Mod1|lpm_divide_bbm:auto_generated|sign_div_unsign_9nh:divider|alt_u_div_t8f:divider|StageOut[113]~265                         ; 2       ;
; bin_bcd:U_bcd3|lpm_divide:Mod1|lpm_divide_bbm:auto_generated|sign_div_unsign_9nh:divider|alt_u_div_t8f:divider|StageOut[98]~264                          ; 2       ;
; bin_bcd:U_bcd3|lpm_divide:Mod1|lpm_divide_bbm:auto_generated|sign_div_unsign_9nh:divider|alt_u_div_t8f:divider|StageOut[114]~263                         ; 2       ;
; bin_bcd:U_bcd3|lpm_divide:Mod1|lpm_divide_bbm:auto_generated|sign_div_unsign_9nh:divider|alt_u_div_t8f:divider|StageOut[115]~262                         ; 2       ;
; bin_bcd:U_bcd3|lpm_divide:Mod1|lpm_divide_bbm:auto_generated|sign_div_unsign_9nh:divider|alt_u_div_t8f:divider|StageOut[116]~261                         ; 2       ;
; bin_bcd:U_bcd3|lpm_divide:Mod1|lpm_divide_bbm:auto_generated|sign_div_unsign_9nh:divider|alt_u_div_t8f:divider|StageOut[117]~260                         ; 2       ;
; bin_bcd:U_bcd3|lpm_divide:Mod1|lpm_divide_bbm:auto_generated|sign_div_unsign_9nh:divider|alt_u_div_t8f:divider|StageOut[118]~259                         ; 2       ;
; bin_bcd:U_bcd3|lpm_divide:Mod1|lpm_divide_bbm:auto_generated|sign_div_unsign_9nh:divider|alt_u_div_t8f:divider|StageOut[119]~258                         ; 2       ;
; bin_bcd:U_bcd3|lpm_divide:Mod1|lpm_divide_bbm:auto_generated|sign_div_unsign_9nh:divider|alt_u_div_t8f:divider|StageOut[120]~257                         ; 2       ;
; bin_bcd:U_bcd3|lpm_divide:Mod1|lpm_divide_bbm:auto_generated|sign_div_unsign_9nh:divider|alt_u_div_t8f:divider|StageOut[99]~256                          ; 2       ;
; bin_bcd:U_bcd3|lpm_divide:Mod1|lpm_divide_bbm:auto_generated|sign_div_unsign_9nh:divider|alt_u_div_t8f:divider|StageOut[84]~255                          ; 2       ;
; bin_bcd:U_bcd3|lpm_divide:Mod1|lpm_divide_bbm:auto_generated|sign_div_unsign_9nh:divider|alt_u_div_t8f:divider|StageOut[100]~254                         ; 2       ;
; bin_bcd:U_bcd3|lpm_divide:Mod1|lpm_divide_bbm:auto_generated|sign_div_unsign_9nh:divider|alt_u_div_t8f:divider|StageOut[101]~253                         ; 2       ;
; bin_bcd:U_bcd3|lpm_divide:Mod1|lpm_divide_bbm:auto_generated|sign_div_unsign_9nh:divider|alt_u_div_t8f:divider|StageOut[102]~252                         ; 2       ;
; bin_bcd:U_bcd3|lpm_divide:Mod1|lpm_divide_bbm:auto_generated|sign_div_unsign_9nh:divider|alt_u_div_t8f:divider|StageOut[103]~251                         ; 2       ;
; bin_bcd:U_bcd3|lpm_divide:Mod1|lpm_divide_bbm:auto_generated|sign_div_unsign_9nh:divider|alt_u_div_t8f:divider|StageOut[104]~250                         ; 2       ;
; bin_bcd:U_bcd3|lpm_divide:Mod1|lpm_divide_bbm:auto_generated|sign_div_unsign_9nh:divider|alt_u_div_t8f:divider|StageOut[105]~249                         ; 2       ;
; bin_bcd:U_bcd3|lpm_divide:Mod1|lpm_divide_bbm:auto_generated|sign_div_unsign_9nh:divider|alt_u_div_t8f:divider|StageOut[85]~248                          ; 2       ;
; bin_bcd:U_bcd3|lpm_divide:Mod1|lpm_divide_bbm:auto_generated|sign_div_unsign_9nh:divider|alt_u_div_t8f:divider|StageOut[86]~247                          ; 2       ;
; bin_bcd:U_bcd3|lpm_divide:Mod1|lpm_divide_bbm:auto_generated|sign_div_unsign_9nh:divider|alt_u_div_t8f:divider|StageOut[87]~246                          ; 2       ;
; bin_bcd:U_bcd3|lpm_divide:Mod1|lpm_divide_bbm:auto_generated|sign_div_unsign_9nh:divider|alt_u_div_t8f:divider|StageOut[88]~245                          ; 2       ;
; bin_bcd:U_bcd3|lpm_divide:Mod1|lpm_divide_bbm:auto_generated|sign_div_unsign_9nh:divider|alt_u_div_t8f:divider|StageOut[89]~244                          ; 2       ;
; bin_bcd:U_bcd3|lpm_divide:Mod1|lpm_divide_bbm:auto_generated|sign_div_unsign_9nh:divider|alt_u_div_t8f:divider|StageOut[90]~243                          ; 2       ;
; bin_bcd:U_bcd3|lpm_divide:Mod0|lpm_divide_bbm:auto_generated|sign_div_unsign_9nh:divider|alt_u_div_t8f:divider|StageOut[171]~242                         ; 2       ;
; bin_bcd:U_bcd3|lpm_divide:Mod0|lpm_divide_bbm:auto_generated|sign_div_unsign_9nh:divider|alt_u_div_t8f:divider|StageOut[172]~241                         ; 2       ;
; bin_bcd:U_bcd3|lpm_divide:Mod0|lpm_divide_bbm:auto_generated|sign_div_unsign_9nh:divider|alt_u_div_t8f:divider|StageOut[173]~240                         ; 2       ;
; bin_bcd:U_bcd3|lpm_divide:Mod0|lpm_divide_bbm:auto_generated|sign_div_unsign_9nh:divider|alt_u_div_t8f:divider|StageOut[174]~239                         ; 2       ;
; bin_bcd:U_bcd3|lpm_divide:Mod0|lpm_divide_bbm:auto_generated|sign_div_unsign_9nh:divider|alt_u_div_t8f:divider|StageOut[175]~238                         ; 2       ;
; bin_bcd:U_bcd3|lpm_divide:Mod0|lpm_divide_bbm:auto_generated|sign_div_unsign_9nh:divider|alt_u_div_t8f:divider|StageOut[176]~237                         ; 2       ;
; bin_bcd:U_bcd3|lpm_divide:Mod0|lpm_divide_bbm:auto_generated|sign_div_unsign_9nh:divider|alt_u_div_t8f:divider|StageOut[177]~236                         ; 2       ;
; bin_bcd:U_bcd3|lpm_divide:Mod0|lpm_divide_bbm:auto_generated|sign_div_unsign_9nh:divider|alt_u_div_t8f:divider|StageOut[178]~235                         ; 2       ;
; bin_bcd:U_bcd3|lpm_divide:Mod0|lpm_divide_bbm:auto_generated|sign_div_unsign_9nh:divider|alt_u_div_t8f:divider|StageOut[179]~234                         ; 2       ;
; bin_bcd:U_bcd3|lpm_divide:Mod0|lpm_divide_bbm:auto_generated|sign_div_unsign_9nh:divider|alt_u_div_t8f:divider|StageOut[180]~233                         ; 2       ;
; bin_bcd:U_bcd3|lpm_divide:Mod0|lpm_divide_bbm:auto_generated|sign_div_unsign_9nh:divider|alt_u_div_t8f:divider|StageOut[159]~232                         ; 2       ;
; bin_bcd:U_bcd3|lpm_divide:Mod0|lpm_divide_bbm:auto_generated|sign_div_unsign_9nh:divider|alt_u_div_t8f:divider|StageOut[160]~231                         ; 2       ;
; bin_bcd:U_bcd3|lpm_divide:Mod0|lpm_divide_bbm:auto_generated|sign_div_unsign_9nh:divider|alt_u_div_t8f:divider|StageOut[161]~230                         ; 2       ;
; bin_bcd:U_bcd3|lpm_divide:Mod0|lpm_divide_bbm:auto_generated|sign_div_unsign_9nh:divider|alt_u_div_t8f:divider|StageOut[162]~229                         ; 2       ;
; bin_bcd:U_bcd3|lpm_divide:Mod0|lpm_divide_bbm:auto_generated|sign_div_unsign_9nh:divider|alt_u_div_t8f:divider|StageOut[163]~228                         ; 2       ;
; bin_bcd:U_bcd3|lpm_divide:Mod0|lpm_divide_bbm:auto_generated|sign_div_unsign_9nh:divider|alt_u_div_t8f:divider|StageOut[164]~227                         ; 2       ;
; bin_bcd:U_bcd3|lpm_divide:Mod0|lpm_divide_bbm:auto_generated|sign_div_unsign_9nh:divider|alt_u_div_t8f:divider|StageOut[165]~226                         ; 2       ;
; bin_bcd:U_bcd1|lpm_divide:Mod2|lpm_divide_bbm:auto_generated|sign_div_unsign_9nh:divider|alt_u_div_t8f:divider|StageOut[169]~369                         ; 2       ;
; bin_bcd:U_bcd1|lpm_divide:Mod2|lpm_divide_bbm:auto_generated|sign_div_unsign_9nh:divider|alt_u_div_t8f:divider|StageOut[170]~368                         ; 2       ;
; bin_bcd:U_bcd1|lpm_divide:Mod2|lpm_divide_bbm:auto_generated|sign_div_unsign_9nh:divider|alt_u_div_t8f:divider|StageOut[155]~357                         ; 2       ;
; bin_bcd:U_bcd1|lpm_divide:Mod2|lpm_divide_bbm:auto_generated|sign_div_unsign_9nh:divider|alt_u_div_t8f:divider|StageOut[156]~356                         ; 2       ;
; bin_bcd:U_bcd1|lpm_divide:Mod2|lpm_divide_bbm:auto_generated|sign_div_unsign_9nh:divider|alt_u_div_t8f:divider|StageOut[157]~355                         ; 2       ;
; bin_bcd:U_bcd1|lpm_divide:Mod2|lpm_divide_bbm:auto_generated|sign_div_unsign_9nh:divider|alt_u_div_t8f:divider|StageOut[158]~354                         ; 2       ;
; bin_bcd:U_bcd1|lpm_divide:Mod2|lpm_divide_bbm:auto_generated|sign_div_unsign_9nh:divider|alt_u_div_t8f:divider|StageOut[159]~353                         ; 2       ;
; bin_bcd:U_bcd1|lpm_divide:Mod2|lpm_divide_bbm:auto_generated|sign_div_unsign_9nh:divider|alt_u_div_t8f:divider|StageOut[160]~352                         ; 2       ;
; bin_bcd:U_bcd1|lpm_divide:Mod2|lpm_divide_bbm:auto_generated|sign_div_unsign_9nh:divider|alt_u_div_t8f:divider|StageOut[161]~351                         ; 2       ;
; bin_bcd:U_bcd1|lpm_divide:Mod2|lpm_divide_bbm:auto_generated|sign_div_unsign_9nh:divider|alt_u_div_t8f:divider|StageOut[162]~350                         ; 2       ;
; bin_bcd:U_bcd1|lpm_divide:Mod2|lpm_divide_bbm:auto_generated|sign_div_unsign_9nh:divider|alt_u_div_t8f:divider|StageOut[163]~349                         ; 2       ;
; bin_bcd:U_bcd1|lpm_divide:Mod2|lpm_divide_bbm:auto_generated|sign_div_unsign_9nh:divider|alt_u_div_t8f:divider|StageOut[164]~348                         ; 2       ;
; bin_bcd:U_bcd1|lpm_divide:Mod2|lpm_divide_bbm:auto_generated|sign_div_unsign_9nh:divider|alt_u_div_t8f:divider|StageOut[165]~347                         ; 2       ;
; bin_bcd:U_bcd1|lpm_divide:Mod2|lpm_divide_bbm:auto_generated|sign_div_unsign_9nh:divider|alt_u_div_t8f:divider|StageOut[141]~346                         ; 2       ;
; bin_bcd:U_bcd1|lpm_divide:Mod2|lpm_divide_bbm:auto_generated|sign_div_unsign_9nh:divider|alt_u_div_t8f:divider|StageOut[142]~345                         ; 2       ;
; bin_bcd:U_bcd1|lpm_divide:Mod2|lpm_divide_bbm:auto_generated|sign_div_unsign_9nh:divider|alt_u_div_t8f:divider|StageOut[143]~344                         ; 2       ;
; bin_bcd:U_bcd1|lpm_divide:Mod2|lpm_divide_bbm:auto_generated|sign_div_unsign_9nh:divider|alt_u_div_t8f:divider|StageOut[144]~343                         ; 2       ;
; bin_bcd:U_bcd1|lpm_divide:Mod2|lpm_divide_bbm:auto_generated|sign_div_unsign_9nh:divider|alt_u_div_t8f:divider|StageOut[145]~342                         ; 2       ;
; bin_bcd:U_bcd1|lpm_divide:Mod2|lpm_divide_bbm:auto_generated|sign_div_unsign_9nh:divider|alt_u_div_t8f:divider|StageOut[146]~341                         ; 2       ;
; bin_bcd:U_bcd1|lpm_divide:Mod2|lpm_divide_bbm:auto_generated|sign_div_unsign_9nh:divider|alt_u_div_t8f:divider|StageOut[147]~340                         ; 2       ;
; bin_bcd:U_bcd1|lpm_divide:Mod2|lpm_divide_bbm:auto_generated|sign_div_unsign_9nh:divider|alt_u_div_t8f:divider|StageOut[148]~339                         ; 2       ;
; bin_bcd:U_bcd1|lpm_divide:Mod2|lpm_divide_bbm:auto_generated|sign_div_unsign_9nh:divider|alt_u_div_t8f:divider|StageOut[149]~338                         ; 2       ;
; bin_bcd:U_bcd1|lpm_divide:Mod2|lpm_divide_bbm:auto_generated|sign_div_unsign_9nh:divider|alt_u_div_t8f:divider|StageOut[150]~337                         ; 2       ;
; bin_bcd:U_bcd1|lpm_divide:Mod2|lpm_divide_bbm:auto_generated|sign_div_unsign_9nh:divider|alt_u_div_t8f:divider|StageOut[127]~336                         ; 2       ;
; bin_bcd:U_bcd1|lpm_divide:Mod2|lpm_divide_bbm:auto_generated|sign_div_unsign_9nh:divider|alt_u_div_t8f:divider|StageOut[128]~335                         ; 2       ;
; bin_bcd:U_bcd1|lpm_divide:Mod2|lpm_divide_bbm:auto_generated|sign_div_unsign_9nh:divider|alt_u_div_t8f:divider|StageOut[129]~334                         ; 2       ;
; bin_bcd:U_bcd1|lpm_divide:Mod2|lpm_divide_bbm:auto_generated|sign_div_unsign_9nh:divider|alt_u_div_t8f:divider|StageOut[130]~333                         ; 2       ;
; bin_bcd:U_bcd1|lpm_divide:Mod2|lpm_divide_bbm:auto_generated|sign_div_unsign_9nh:divider|alt_u_div_t8f:divider|StageOut[131]~332                         ; 2       ;
; bin_bcd:U_bcd1|lpm_divide:Mod2|lpm_divide_bbm:auto_generated|sign_div_unsign_9nh:divider|alt_u_div_t8f:divider|StageOut[132]~331                         ; 2       ;
; bin_bcd:U_bcd1|lpm_divide:Mod2|lpm_divide_bbm:auto_generated|sign_div_unsign_9nh:divider|alt_u_div_t8f:divider|StageOut[133]~330                         ; 2       ;
; bin_bcd:U_bcd1|lpm_divide:Mod2|lpm_divide_bbm:auto_generated|sign_div_unsign_9nh:divider|alt_u_div_t8f:divider|StageOut[134]~329                         ; 2       ;
; bin_bcd:U_bcd1|lpm_divide:Mod2|lpm_divide_bbm:auto_generated|sign_div_unsign_9nh:divider|alt_u_div_t8f:divider|StageOut[135]~328                         ; 2       ;
; bin_bcd:U_bcd1|lpm_divide:Mod2|lpm_divide_bbm:auto_generated|sign_div_unsign_9nh:divider|alt_u_div_t8f:divider|StageOut[113]~327                         ; 2       ;
; bin_bcd:U_bcd1|lpm_divide:Mod2|lpm_divide_bbm:auto_generated|sign_div_unsign_9nh:divider|alt_u_div_t8f:divider|StageOut[114]~326                         ; 2       ;
; bin_bcd:U_bcd1|lpm_divide:Mod2|lpm_divide_bbm:auto_generated|sign_div_unsign_9nh:divider|alt_u_div_t8f:divider|StageOut[115]~325                         ; 2       ;
; bin_bcd:U_bcd1|lpm_divide:Mod2|lpm_divide_bbm:auto_generated|sign_div_unsign_9nh:divider|alt_u_div_t8f:divider|StageOut[116]~324                         ; 2       ;
; bin_bcd:U_bcd1|lpm_divide:Mod2|lpm_divide_bbm:auto_generated|sign_div_unsign_9nh:divider|alt_u_div_t8f:divider|StageOut[117]~323                         ; 2       ;
; bin_bcd:U_bcd1|lpm_divide:Mod2|lpm_divide_bbm:auto_generated|sign_div_unsign_9nh:divider|alt_u_div_t8f:divider|StageOut[118]~322                         ; 2       ;
; bin_bcd:U_bcd1|lpm_divide:Mod2|lpm_divide_bbm:auto_generated|sign_div_unsign_9nh:divider|alt_u_div_t8f:divider|StageOut[119]~321                         ; 2       ;
; bin_bcd:U_bcd1|lpm_divide:Mod2|lpm_divide_bbm:auto_generated|sign_div_unsign_9nh:divider|alt_u_div_t8f:divider|StageOut[120]~320                         ; 2       ;
; bin_bcd:U_bcd1|lpm_divide:Mod2|lpm_divide_bbm:auto_generated|sign_div_unsign_9nh:divider|alt_u_div_t8f:divider|StageOut[99]~319                          ; 2       ;
; bin_bcd:U_bcd1|lpm_divide:Mod2|lpm_divide_bbm:auto_generated|sign_div_unsign_9nh:divider|alt_u_div_t8f:divider|StageOut[100]~318                         ; 2       ;
; bin_bcd:U_bcd1|lpm_divide:Mod2|lpm_divide_bbm:auto_generated|sign_div_unsign_9nh:divider|alt_u_div_t8f:divider|StageOut[101]~317                         ; 2       ;
; bin_bcd:U_bcd1|lpm_divide:Mod2|lpm_divide_bbm:auto_generated|sign_div_unsign_9nh:divider|alt_u_div_t8f:divider|StageOut[102]~316                         ; 2       ;
; bin_bcd:U_bcd1|lpm_divide:Mod2|lpm_divide_bbm:auto_generated|sign_div_unsign_9nh:divider|alt_u_div_t8f:divider|StageOut[103]~315                         ; 2       ;
; bin_bcd:U_bcd1|lpm_divide:Mod2|lpm_divide_bbm:auto_generated|sign_div_unsign_9nh:divider|alt_u_div_t8f:divider|StageOut[104]~314                         ; 2       ;
; bin_bcd:U_bcd1|lpm_divide:Mod2|lpm_divide_bbm:auto_generated|sign_div_unsign_9nh:divider|alt_u_div_t8f:divider|StageOut[105]~313                         ; 2       ;
; bin_bcd:U_bcd1|lpm_divide:Mod2|lpm_divide_bbm:auto_generated|sign_div_unsign_9nh:divider|alt_u_div_t8f:divider|StageOut[84]~312                          ; 2       ;
; bin_bcd:U_bcd1|lpm_divide:Mod2|lpm_divide_bbm:auto_generated|sign_div_unsign_9nh:divider|alt_u_div_t8f:divider|StageOut[85]~311                          ; 2       ;
; bin_bcd:U_bcd1|lpm_divide:Mod2|lpm_divide_bbm:auto_generated|sign_div_unsign_9nh:divider|alt_u_div_t8f:divider|StageOut[86]~310                          ; 2       ;
; bin_bcd:U_bcd1|lpm_divide:Mod2|lpm_divide_bbm:auto_generated|sign_div_unsign_9nh:divider|alt_u_div_t8f:divider|StageOut[87]~309                          ; 2       ;
; bin_bcd:U_bcd1|lpm_divide:Mod2|lpm_divide_bbm:auto_generated|sign_div_unsign_9nh:divider|alt_u_div_t8f:divider|StageOut[88]~308                          ; 2       ;
; bin_bcd:U_bcd1|lpm_divide:Mod2|lpm_divide_bbm:auto_generated|sign_div_unsign_9nh:divider|alt_u_div_t8f:divider|StageOut[89]~307                          ; 2       ;
; bin_bcd:U_bcd1|lpm_divide:Mod2|lpm_divide_bbm:auto_generated|sign_div_unsign_9nh:divider|alt_u_div_t8f:divider|StageOut[90]~306                          ; 2       ;
; bin_bcd:U_bcd1|lpm_divide:Mod2|lpm_divide_bbm:auto_generated|sign_div_unsign_9nh:divider|alt_u_div_t8f:divider|StageOut[70]~305                          ; 2       ;
; bin_bcd:U_bcd1|lpm_divide:Mod2|lpm_divide_bbm:auto_generated|sign_div_unsign_9nh:divider|alt_u_div_t8f:divider|StageOut[71]~304                          ; 2       ;
; bin_bcd:U_bcd1|lpm_divide:Mod2|lpm_divide_bbm:auto_generated|sign_div_unsign_9nh:divider|alt_u_div_t8f:divider|StageOut[72]~303                          ; 2       ;
; bin_bcd:U_bcd1|lpm_divide:Mod2|lpm_divide_bbm:auto_generated|sign_div_unsign_9nh:divider|alt_u_div_t8f:divider|StageOut[73]~302                          ; 2       ;
; bin_bcd:U_bcd1|lpm_divide:Mod2|lpm_divide_bbm:auto_generated|sign_div_unsign_9nh:divider|alt_u_div_t8f:divider|StageOut[74]~301                          ; 2       ;
; bin_bcd:U_bcd1|lpm_divide:Mod2|lpm_divide_bbm:auto_generated|sign_div_unsign_9nh:divider|alt_u_div_t8f:divider|StageOut[75]~300                          ; 2       ;
; bin_bcd:U_bcd1|lpm_divide:Mod2|lpm_divide_bbm:auto_generated|sign_div_unsign_9nh:divider|alt_u_div_t8f:divider|StageOut[56]~299                          ; 2       ;
; bin_bcd:U_bcd1|lpm_divide:Mod2|lpm_divide_bbm:auto_generated|sign_div_unsign_9nh:divider|alt_u_div_t8f:divider|StageOut[57]~298                          ; 2       ;
; bin_bcd:U_bcd1|lpm_divide:Mod2|lpm_divide_bbm:auto_generated|sign_div_unsign_9nh:divider|alt_u_div_t8f:divider|StageOut[58]~297                          ; 2       ;
; bin_bcd:U_bcd1|lpm_divide:Mod2|lpm_divide_bbm:auto_generated|sign_div_unsign_9nh:divider|alt_u_div_t8f:divider|StageOut[59]~296                          ; 2       ;
; bin_bcd:U_bcd1|lpm_divide:Mod2|lpm_divide_bbm:auto_generated|sign_div_unsign_9nh:divider|alt_u_div_t8f:divider|StageOut[60]~295                          ; 2       ;
; bin_bcd:U_bcd1|lpm_divide:Mod2|lpm_divide_bbm:auto_generated|sign_div_unsign_9nh:divider|alt_u_div_t8f:divider|StageOut[42]~294                          ; 2       ;
; bin_bcd:U_bcd1|lpm_divide:Mod2|lpm_divide_bbm:auto_generated|sign_div_unsign_9nh:divider|alt_u_div_t8f:divider|StageOut[43]~293                          ; 2       ;
; bin_bcd:U_bcd1|lpm_divide:Mod2|lpm_divide_bbm:auto_generated|sign_div_unsign_9nh:divider|alt_u_div_t8f:divider|StageOut[44]~292                          ; 2       ;
; bin_bcd:U_bcd1|lpm_divide:Mod2|lpm_divide_bbm:auto_generated|sign_div_unsign_9nh:divider|alt_u_div_t8f:divider|StageOut[45]~291                          ; 2       ;
; cont30:Ucont|count[0]~3                                                                                                                                  ; 2       ;
; cont30:Ucont|count[1]                                                                                                                                    ; 2       ;
; fsm_maquina_expendedora:UFSM|Equal2~0                                                                                                                    ; 2       ;
; cont30:Ucont|done_int                                                                                                                                    ; 2       ;
; servo_puerta:U_SERVO_PUERTA|turn_counter[3]~0                                                                                                            ; 2       ;
; fsm_maquina_expendedora:UFSM|r_ram_din[1]~1                                                                                                              ; 2       ;
; fsm_maquina_expendedora:UFSM|lpm_divide:Div2|lpm_divide_v0p:auto_generated|abs_divider_3dg:divider|alt_u_div_q8f:divider|StageOut[144]~186               ; 2       ;
; fsm_maquina_expendedora:UFSM|lpm_divide:Div2|lpm_divide_v0p:auto_generated|abs_divider_3dg:divider|alt_u_div_q8f:divider|StageOut[144]~185               ; 2       ;
; fsm_maquina_expendedora:UFSM|lpm_divide:Div2|lpm_divide_v0p:auto_generated|abs_divider_3dg:divider|alt_u_div_q8f:divider|StageOut[134]~173               ; 2       ;
; fsm_maquina_expendedora:UFSM|lpm_divide:Div2|lpm_divide_v0p:auto_generated|abs_divider_3dg:divider|alt_u_div_q8f:divider|StageOut[112]~154               ; 2       ;
; fsm_maquina_expendedora:UFSM|lpm_divide:Div2|lpm_divide_v0p:auto_generated|abs_divider_3dg:divider|alt_u_div_q8f:divider|StageOut[113]~152               ; 2       ;
; fsm_maquina_expendedora:UFSM|lpm_divide:Div2|lpm_divide_v0p:auto_generated|abs_divider_3dg:divider|alt_u_div_q8f:divider|StageOut[102]~143               ; 2       ;
; fsm_maquina_expendedora:UFSM|lpm_divide:Div2|lpm_divide_v0p:auto_generated|abs_divider_3dg:divider|alt_u_div_q8f:divider|StageOut[103]~141               ; 2       ;
; fsm_maquina_expendedora:UFSM|lpm_divide:Div2|lpm_divide_v0p:auto_generated|abs_divider_3dg:divider|alt_u_div_q8f:divider|StageOut[104]~139               ; 2       ;
; fsm_maquina_expendedora:UFSM|lpm_divide:Div2|lpm_divide_v0p:auto_generated|abs_divider_3dg:divider|alt_u_div_q8f:divider|StageOut[105]~137               ; 2       ;
; fsm_maquina_expendedora:UFSM|lpm_divide:Div2|lpm_divide_v0p:auto_generated|abs_divider_3dg:divider|alt_u_div_q8f:divider|StageOut[107]~134               ; 2       ;
; fsm_maquina_expendedora:UFSM|lpm_divide:Div2|lpm_divide_v0p:auto_generated|abs_divider_3dg:divider|lpm_abs_bv9:my_abs_num|cs2a[11]~38                    ; 2       ;
; fsm_maquina_expendedora:UFSM|lpm_divide:Div2|lpm_divide_v0p:auto_generated|abs_divider_3dg:divider|lpm_abs_bv9:my_abs_num|cs2a[12]~35                    ; 2       ;
; fsm_maquina_expendedora:UFSM|lpm_divide:Div2|lpm_divide_v0p:auto_generated|abs_divider_3dg:divider|lpm_abs_bv9:my_abs_num|_~2                            ; 2       ;
; fsm_maquina_expendedora:UFSM|lpm_divide:Div2|lpm_divide_v0p:auto_generated|abs_divider_3dg:divider|lpm_abs_bv9:my_abs_num|_~1                            ; 2       ;
; fsm_maquina_expendedora:UFSM|lpm_divide:Div2|lpm_divide_v0p:auto_generated|abs_divider_3dg:divider|lpm_abs_bv9:my_abs_num|_~0                            ; 2       ;
; fsm_maquina_expendedora:UFSM|lpm_divide:Mod0|lpm_divide_5po:auto_generated|abs_divider_6dg:divider|remainder[14]~4                                       ; 2       ;
; fsm_maquina_expendedora:UFSM|lpm_divide:Mod0|lpm_divide_5po:auto_generated|abs_divider_6dg:divider|alt_u_div_19f:divider|StageOut[217]~220               ; 2       ;
; fsm_maquina_expendedora:UFSM|lpm_divide:Mod0|lpm_divide_5po:auto_generated|abs_divider_6dg:divider|alt_u_div_19f:divider|StageOut[218]~219               ; 2       ;
; fsm_maquina_expendedora:UFSM|lpm_divide:Mod0|lpm_divide_5po:auto_generated|abs_divider_6dg:divider|alt_u_div_19f:divider|StageOut[219]~218               ; 2       ;
; fsm_maquina_expendedora:UFSM|lpm_divide:Mod0|lpm_divide_5po:auto_generated|abs_divider_6dg:divider|alt_u_div_19f:divider|StageOut[220]~217               ; 2       ;
; fsm_maquina_expendedora:UFSM|lpm_divide:Mod0|lpm_divide_5po:auto_generated|abs_divider_6dg:divider|alt_u_div_19f:divider|StageOut[221]~216               ; 2       ;
; fsm_maquina_expendedora:UFSM|lpm_divide:Mod0|lpm_divide_5po:auto_generated|abs_divider_6dg:divider|alt_u_div_19f:divider|StageOut[222]~215               ; 2       ;
; fsm_maquina_expendedora:UFSM|lpm_divide:Mod0|lpm_divide_5po:auto_generated|abs_divider_6dg:divider|alt_u_div_19f:divider|StageOut[223]~214               ; 2       ;
; fsm_maquina_expendedora:UFSM|lpm_divide:Mod0|lpm_divide_5po:auto_generated|abs_divider_6dg:divider|alt_u_div_19f:divider|StageOut[224]~213               ; 2       ;
; fsm_maquina_expendedora:UFSM|lpm_divide:Mod0|lpm_divide_5po:auto_generated|abs_divider_6dg:divider|alt_u_div_19f:divider|StageOut[213]~210               ; 2       ;
; fsm_maquina_expendedora:UFSM|lpm_divide:Mod0|lpm_divide_5po:auto_generated|abs_divider_6dg:divider|alt_u_div_19f:divider|StageOut[213]~209               ; 2       ;
; fsm_maquina_expendedora:UFSM|lpm_divide:Mod0|lpm_divide_5po:auto_generated|abs_divider_6dg:divider|alt_u_div_19f:divider|StageOut[214]~208               ; 2       ;
; fsm_maquina_expendedora:UFSM|lpm_divide:Mod0|lpm_divide_5po:auto_generated|abs_divider_6dg:divider|alt_u_div_19f:divider|StageOut[215]~207               ; 2       ;
; fsm_maquina_expendedora:UFSM|lpm_divide:Mod0|lpm_divide_5po:auto_generated|abs_divider_6dg:divider|alt_u_div_19f:divider|StageOut[215]~206               ; 2       ;
; fsm_maquina_expendedora:UFSM|lpm_divide:Mod0|lpm_divide_5po:auto_generated|abs_divider_6dg:divider|alt_u_div_19f:divider|StageOut[216]~205               ; 2       ;
; fsm_maquina_expendedora:UFSM|lpm_divide:Mod0|lpm_divide_5po:auto_generated|abs_divider_6dg:divider|alt_u_div_19f:divider|StageOut[198]~203               ; 2       ;
; fsm_maquina_expendedora:UFSM|lpm_divide:Mod0|lpm_divide_5po:auto_generated|abs_divider_6dg:divider|alt_u_div_19f:divider|StageOut[183]~189               ; 2       ;
; fsm_maquina_expendedora:UFSM|lpm_divide:Mod0|lpm_divide_5po:auto_generated|abs_divider_6dg:divider|alt_u_div_19f:divider|StageOut[169]~177               ; 2       ;
; fsm_maquina_expendedora:UFSM|lpm_divide:Mod0|lpm_divide_5po:auto_generated|abs_divider_6dg:divider|alt_u_div_19f:divider|StageOut[154]~164               ; 2       ;
; fsm_maquina_expendedora:UFSM|lpm_divide:Mod0|lpm_divide_5po:auto_generated|abs_divider_6dg:divider|alt_u_div_19f:divider|StageOut[155]~162               ; 2       ;
; fsm_maquina_expendedora:UFSM|lpm_divide:Mod0|lpm_divide_5po:auto_generated|abs_divider_6dg:divider|alt_u_div_19f:divider|StageOut[156]~160               ; 2       ;
; fsm_maquina_expendedora:UFSM|lpm_divide:Mod0|lpm_divide_5po:auto_generated|abs_divider_6dg:divider|alt_u_div_19f:divider|StageOut[157]~158               ; 2       ;
; fsm_maquina_expendedora:UFSM|lpm_divide:Mod0|lpm_divide_5po:auto_generated|abs_divider_6dg:divider|alt_u_div_19f:divider|StageOut[158]~156               ; 2       ;
; fsm_maquina_expendedora:UFSM|lpm_divide:Mod0|lpm_divide_5po:auto_generated|abs_divider_6dg:divider|alt_u_div_19f:divider|StageOut[159]~154               ; 2       ;
; fsm_maquina_expendedora:UFSM|lpm_divide:Mod0|lpm_divide_5po:auto_generated|abs_divider_6dg:divider|alt_u_div_19f:divider|StageOut[160]~152               ; 2       ;
; fsm_maquina_expendedora:UFSM|giro_counter[2]~0                                                                                                           ; 2       ;
; fsm_maquina_expendedora:UFSM|lpm_divide:Mod0|lpm_divide_5po:auto_generated|abs_divider_6dg:divider|lpm_abs_av9:my_abs_num|_~5                            ; 2       ;
; fsm_maquina_expendedora:UFSM|lpm_divide:Mod0|lpm_divide_5po:auto_generated|abs_divider_6dg:divider|lpm_abs_av9:my_abs_num|_~4                            ; 2       ;
; fsm_maquina_expendedora:UFSM|lpm_divide:Mod0|lpm_divide_5po:auto_generated|abs_divider_6dg:divider|lpm_abs_av9:my_abs_num|_~3                            ; 2       ;
; fsm_maquina_expendedora:UFSM|lpm_divide:Mod0|lpm_divide_5po:auto_generated|abs_divider_6dg:divider|lpm_abs_av9:my_abs_num|_~2                            ; 2       ;
; fsm_maquina_expendedora:UFSM|lpm_divide:Mod0|lpm_divide_5po:auto_generated|abs_divider_6dg:divider|lpm_abs_av9:my_abs_num|_~1                            ; 2       ;
; fsm_maquina_expendedora:UFSM|lpm_divide:Mod0|lpm_divide_5po:auto_generated|abs_divider_6dg:divider|lpm_abs_av9:my_abs_num|_~0                            ; 2       ;
; div_50millones:U1|counter[23]                                                                                                                            ; 2       ;
; div_50millones:U1|counter[24]                                                                                                                            ; 2       ;
; div_50millones:U1|counter[22]                                                                                                                            ; 2       ;
; div_50millones:U1|counter[21]                                                                                                                            ; 2       ;
; div_50millones:U1|counter[20]                                                                                                                            ; 2       ;
; div_50millones:U1|counter[19]                                                                                                                            ; 2       ;
; div_50millones:U1|counter[18]                                                                                                                            ; 2       ;
; div_50millones:U1|counter[17]                                                                                                                            ; 2       ;
; div_50millones:U1|counter[15]                                                                                                                            ; 2       ;
; div_50millones:U1|counter[16]                                                                                                                            ; 2       ;
; div_50millones:U1|counter[14]                                                                                                                            ; 2       ;
; div_50millones:U1|counter[6]                                                                                                                             ; 2       ;
; div_50millones:U1|counter[7]                                                                                                                             ; 2       ;
; div_50millones:U1|counter[8]                                                                                                                             ; 2       ;
; div_50millones:U1|counter[13]                                                                                                                            ; 2       ;
; div_50millones:U1|counter[9]                                                                                                                             ; 2       ;
; div_50millones:U1|counter[10]                                                                                                                            ; 2       ;
; div_50millones:U1|counter[11]                                                                                                                            ; 2       ;
; div_50millones:U1|counter[12]                                                                                                                            ; 2       ;
; cont30:U_RESET_AUTO|count[1]                                                                                                                             ; 2       ;
; sumador_saldo:U_saldo|lock500~7                                                                                                                          ; 2       ;
; sumador_saldo:U_saldo|lock1000~7                                                                                                                         ; 2       ;
; servo_puerta:U_SERVO_PUERTA|duty_cycle~1                                                                                                                 ; 2       ;
; servo_puerta:U_SERVO_PUERTA|turn_counter[25]                                                                                                             ; 2       ;
; servo_puerta:U_SERVO_PUERTA|turn_counter[24]                                                                                                             ; 2       ;
; servo_puerta:U_SERVO_PUERTA|turn_counter[23]                                                                                                             ; 2       ;
; servo_puerta:U_SERVO_PUERTA|turn_counter[22]                                                                                                             ; 2       ;
; servo_puerta:U_SERVO_PUERTA|turn_counter[21]                                                                                                             ; 2       ;
; servo_puerta:U_SERVO_PUERTA|turn_counter[20]                                                                                                             ; 2       ;
+----------------------------------------------------------------------------------------------------------------------------------------------------------+---------+


+-------------------------------------------------+
; Routing Usage Summary                           ;
+-----------------------+-------------------------+
; Routing Resource Type ; Usage                   ;
+-----------------------+-------------------------+
; Block interconnects   ; 3,920 / 47,787 ( 8 % )  ;
; C16 interconnects     ; 35 / 1,804 ( 2 % )      ;
; C4 interconnects      ; 1,531 / 31,272 ( 5 % )  ;
; Direct links          ; 1,225 / 47,787 ( 3 % )  ;
; Global clocks         ; 2 / 20 ( 10 % )         ;
; Local interconnects   ; 1,478 / 15,408 ( 10 % ) ;
; R24 interconnects     ; 35 / 1,775 ( 2 % )      ;
; R4 interconnects      ; 1,580 / 41,310 ( 4 % )  ;
+-----------------------+-------------------------+


+-----------------------------------------------------------------------------+
; LAB Logic Elements                                                          ;
+---------------------------------------------+-------------------------------+
; Number of Logic Elements  (Average = 12.41) ; Number of LABs  (Total = 285) ;
+---------------------------------------------+-------------------------------+
; 1                                           ; 21                            ;
; 2                                           ; 9                             ;
; 3                                           ; 11                            ;
; 4                                           ; 8                             ;
; 5                                           ; 1                             ;
; 6                                           ; 2                             ;
; 7                                           ; 6                             ;
; 8                                           ; 6                             ;
; 9                                           ; 9                             ;
; 10                                          ; 4                             ;
; 11                                          ; 6                             ;
; 12                                          ; 6                             ;
; 13                                          ; 8                             ;
; 14                                          ; 10                            ;
; 15                                          ; 24                            ;
; 16                                          ; 154                           ;
+---------------------------------------------+-------------------------------+


+--------------------------------------------------------------------+
; LAB-wide Signals                                                   ;
+------------------------------------+-------------------------------+
; LAB-wide Signals  (Average = 0.58) ; Number of LABs  (Total = 285) ;
+------------------------------------+-------------------------------+
; 1 Async. clear                     ; 29                            ;
; 1 Clock                            ; 78                            ;
; 1 Clock enable                     ; 30                            ;
; 1 Sync. clear                      ; 12                            ;
; 1 Sync. load                       ; 5                             ;
; 2 Async. clears                    ; 1                             ;
; 2 Clock enables                    ; 8                             ;
; 2 Clocks                           ; 2                             ;
+------------------------------------+-------------------------------+


+------------------------------------------------------------------------------+
; LAB Signals Sourced                                                          ;
+----------------------------------------------+-------------------------------+
; Number of Signals Sourced  (Average = 13.80) ; Number of LABs  (Total = 285) ;
+----------------------------------------------+-------------------------------+
; 0                                            ; 0                             ;
; 1                                            ; 15                            ;
; 2                                            ; 13                            ;
; 3                                            ; 10                            ;
; 4                                            ; 7                             ;
; 5                                            ; 1                             ;
; 6                                            ; 9                             ;
; 7                                            ; 4                             ;
; 8                                            ; 9                             ;
; 9                                            ; 7                             ;
; 10                                           ; 4                             ;
; 11                                           ; 6                             ;
; 12                                           ; 7                             ;
; 13                                           ; 8                             ;
; 14                                           ; 15                            ;
; 15                                           ; 45                            ;
; 16                                           ; 75                            ;
; 17                                           ; 3                             ;
; 18                                           ; 2                             ;
; 19                                           ; 2                             ;
; 20                                           ; 4                             ;
; 21                                           ; 4                             ;
; 22                                           ; 3                             ;
; 23                                           ; 2                             ;
; 24                                           ; 2                             ;
; 25                                           ; 3                             ;
; 26                                           ; 3                             ;
; 27                                           ; 7                             ;
; 28                                           ; 3                             ;
; 29                                           ; 8                             ;
; 30                                           ; 1                             ;
; 31                                           ; 0                             ;
; 32                                           ; 3                             ;
+----------------------------------------------+-------------------------------+


+---------------------------------------------------------------------------------+
; LAB Signals Sourced Out                                                         ;
+-------------------------------------------------+-------------------------------+
; Number of Signals Sourced Out  (Average = 9.08) ; Number of LABs  (Total = 285) ;
+-------------------------------------------------+-------------------------------+
; 0                                               ; 0                             ;
; 1                                               ; 28                            ;
; 2                                               ; 21                            ;
; 3                                               ; 15                            ;
; 4                                               ; 9                             ;
; 5                                               ; 6                             ;
; 6                                               ; 11                            ;
; 7                                               ; 16                            ;
; 8                                               ; 11                            ;
; 9                                               ; 21                            ;
; 10                                              ; 16                            ;
; 11                                              ; 23                            ;
; 12                                              ; 20                            ;
; 13                                              ; 25                            ;
; 14                                              ; 24                            ;
; 15                                              ; 13                            ;
; 16                                              ; 20                            ;
; 17                                              ; 2                             ;
; 18                                              ; 1                             ;
; 19                                              ; 1                             ;
; 20                                              ; 0                             ;
; 21                                              ; 0                             ;
; 22                                              ; 0                             ;
; 23                                              ; 0                             ;
; 24                                              ; 0                             ;
; 25                                              ; 0                             ;
; 26                                              ; 1                             ;
; 27                                              ; 1                             ;
+-------------------------------------------------+-------------------------------+


+------------------------------------------------------------------------------+
; LAB Distinct Inputs                                                          ;
+----------------------------------------------+-------------------------------+
; Number of Distinct Inputs  (Average = 13.02) ; Number of LABs  (Total = 285) ;
+----------------------------------------------+-------------------------------+
; 0                                            ; 0                             ;
; 1                                            ; 1                             ;
; 2                                            ; 15                            ;
; 3                                            ; 8                             ;
; 4                                            ; 16                            ;
; 5                                            ; 5                             ;
; 6                                            ; 10                            ;
; 7                                            ; 6                             ;
; 8                                            ; 10                            ;
; 9                                            ; 17                            ;
; 10                                           ; 18                            ;
; 11                                           ; 16                            ;
; 12                                           ; 10                            ;
; 13                                           ; 22                            ;
; 14                                           ; 10                            ;
; 15                                           ; 10                            ;
; 16                                           ; 12                            ;
; 17                                           ; 23                            ;
; 18                                           ; 16                            ;
; 19                                           ; 11                            ;
; 20                                           ; 11                            ;
; 21                                           ; 9                             ;
; 22                                           ; 6                             ;
; 23                                           ; 3                             ;
; 24                                           ; 4                             ;
; 25                                           ; 6                             ;
; 26                                           ; 5                             ;
; 27                                           ; 1                             ;
; 28                                           ; 2                             ;
; 29                                           ; 0                             ;
; 30                                           ; 1                             ;
+----------------------------------------------+-------------------------------+


+------------------------------------------+
; I/O Rules Summary                        ;
+----------------------------------+-------+
; I/O Rules Statistic              ; Total ;
+----------------------------------+-------+
; Total I/O Rules                  ; 30    ;
; Number of I/O Rules Passed       ; 12    ;
; Number of I/O Rules Failed       ; 0     ;
; Number of I/O Rules Unchecked    ; 0     ;
; Number of I/O Rules Inapplicable ; 18    ;
+----------------------------------+-------+


+-----------------------------------------------------------------------------------------------------------------------------------------------------------------------------------------------------------------------------------------------------------------------------------------------------+
; I/O Rules Details                                                                                                                                                                                                                                                                                   ;
+--------------+-----------+-----------------------------------+------------------------------------------------------------------------------------------------------+----------+--------------------------------------------------------------------------+---------------------+-------------------+
; Status       ; ID        ; Category                          ; Rule Description                                                                                     ; Severity ; Information                                                              ; Area                ; Extra Information ;
+--------------+-----------+-----------------------------------+------------------------------------------------------------------------------------------------------+----------+--------------------------------------------------------------------------+---------------------+-------------------+
; Pass         ; IO_000001 ; Capacity Checks                   ; Number of pins in an I/O bank should not exceed the number of locations available.                   ; Critical ; 0 such failures found.                                                   ; I/O                 ;                   ;
; Inapplicable ; IO_000002 ; Capacity Checks                   ; Number of clocks in an I/O bank should not exceed the number of clocks available.                    ; Critical ; No Global Signal assignments found.                                      ; I/O                 ;                   ;
; Pass         ; IO_000003 ; Capacity Checks                   ; Number of pins in a Vrefgroup should not exceed the number of locations available.                   ; Critical ; 0 such failures found.                                                   ; I/O                 ;                   ;
; Inapplicable ; IO_000004 ; Voltage Compatibility Checks      ; The I/O bank should support the requested VCCIO.                                                     ; Critical ; No IOBANK_VCCIO assignments found.                                       ; I/O                 ;                   ;
; Inapplicable ; IO_000005 ; Voltage Compatibility Checks      ; The I/O bank should not have competing VREF values.                                                  ; Critical ; No VREF I/O Standard assignments found.                                  ; I/O                 ;                   ;
; Pass         ; IO_000006 ; Voltage Compatibility Checks      ; The I/O bank should not have competing VCCIO values.                                                 ; Critical ; 0 such failures found.                                                   ; I/O                 ;                   ;
; Pass         ; IO_000007 ; Valid Location Checks             ; Checks for unavailable locations.                                                                    ; Critical ; 0 such failures found.                                                   ; I/O                 ;                   ;
; Inapplicable ; IO_000008 ; Valid Location Checks             ; Checks for reserved locations.                                                                       ; Critical ; No reserved LogicLock region found.                                      ; I/O                 ;                   ;
; Pass         ; IO_000009 ; I/O Properties Checks for One I/O ; The location should support the requested I/O standard.                                              ; Critical ; 0 such failures found.                                                   ; I/O                 ;                   ;
; Pass         ; IO_000010 ; I/O Properties Checks for One I/O ; The location should support the requested I/O direction.                                             ; Critical ; 0 such failures found.                                                   ; I/O                 ;                   ;
; Inapplicable ; IO_000011 ; I/O Properties Checks for One I/O ; The location should support the requested Current Strength.                                          ; Critical ; No Current Strength assignments found.                                   ; I/O                 ;                   ;
; Pass         ; IO_000012 ; I/O Properties Checks for One I/O ; The location should support the requested On Chip Termination value.                                 ; Critical ; 0 such failures found.                                                   ; I/O                 ;                   ;
; Inapplicable ; IO_000013 ; I/O Properties Checks for One I/O ; The location should support the requested Bus Hold value.                                            ; Critical ; No Enable Bus-Hold Circuitry assignments found.                          ; I/O                 ;                   ;
; Inapplicable ; IO_000014 ; I/O Properties Checks for One I/O ; The location should support the requested Weak Pull Up value.                                        ; Critical ; No Weak Pull-Up Resistor assignments found.                              ; I/O                 ;                   ;
; Pass         ; IO_000015 ; I/O Properties Checks for One I/O ; The location should support the requested PCI Clamp Diode.                                           ; Critical ; 0 such failures found.                                                   ; I/O                 ;                   ;
; Inapplicable ; IO_000018 ; I/O Properties Checks for One I/O ; The I/O standard should support the requested Current Strength.                                      ; Critical ; No Current Strength assignments found.                                   ; I/O                 ;                   ;
; Pass         ; IO_000019 ; I/O Properties Checks for One I/O ; The I/O standard should support the requested On Chip Termination value.                             ; Critical ; 0 such failures found.                                                   ; I/O                 ;                   ;
; Pass         ; IO_000020 ; I/O Properties Checks for One I/O ; The I/O standard should support the requested PCI Clamp Diode.                                       ; Critical ; 0 such failures found.                                                   ; I/O                 ;                   ;
; Inapplicable ; IO_000021 ; I/O Properties Checks for One I/O ; The I/O standard should support the requested Weak Pull Up value.                                    ; Critical ; No Weak Pull-Up Resistor assignments found.                              ; I/O                 ;                   ;
; Inapplicable ; IO_000022 ; I/O Properties Checks for One I/O ; The I/O standard should support the requested Bus Hold value.                                        ; Critical ; No Enable Bus-Hold Circuitry assignments found.                          ; I/O                 ;                   ;
; Inapplicable ; IO_000023 ; I/O Properties Checks for One I/O ; The I/O standard should support the Open Drain value.                                                ; Critical ; No open drain assignments found.                                         ; I/O                 ;                   ;
; Pass         ; IO_000024 ; I/O Properties Checks for One I/O ; The I/O direction should support the On Chip Termination value.                                      ; Critical ; 0 such failures found.                                                   ; I/O                 ;                   ;
; Inapplicable ; IO_000026 ; I/O Properties Checks for One I/O ; On Chip Termination and Current Strength should not be used at the same time.                        ; Critical ; No Current Strength assignments found.                                   ; I/O                 ;                   ;
; Inapplicable ; IO_000027 ; I/O Properties Checks for One I/O ; Weak Pull Up and Bus Hold should not be used at the same time.                                       ; Critical ; No Enable Bus-Hold Circuitry or Weak Pull-Up Resistor assignments found. ; I/O                 ;                   ;
; Inapplicable ; IO_000045 ; I/O Properties Checks for One I/O ; The I/O standard should support the requested Slew Rate value.                                       ; Critical ; No Slew Rate assignments found.                                          ; I/O                 ;                   ;
; Inapplicable ; IO_000046 ; I/O Properties Checks for One I/O ; The location should support the requested Slew Rate value.                                           ; Critical ; No Slew Rate assignments found.                                          ; I/O                 ;                   ;
; Inapplicable ; IO_000047 ; I/O Properties Checks for One I/O ; On Chip Termination and Slew Rate should not be used at the same time.                               ; Critical ; No Slew Rate assignments found.                                          ; I/O                 ;                   ;
; Pass         ; IO_000033 ; Electromigration Checks           ; Current density for consecutive I/Os should not exceed 240mA for row I/Os and 240mA for column I/Os. ; Critical ; 0 such failures found.                                                   ; I/O                 ;                   ;
; Inapplicable ; IO_000034 ; SI Related Distance Checks        ; Single-ended outputs should be 5 LAB row(s) away from a differential I/O.                            ; High     ; No Differential I/O Standard assignments found.                          ; I/O                 ;                   ;
; Inapplicable ; IO_000042 ; SI Related SSO Limit Checks       ; No more than 20 outputs are allowed in a VREF group when VREF is being read from.                    ; High     ; No VREF I/O Standard assignments found.                                  ; I/O                 ;                   ;
; ----         ; ----      ; Disclaimer                        ; OCT rules are checked but not reported.                                                              ; None     ; ----                                                                     ; On Chip Termination ;                   ;
+--------------+-----------+-----------------------------------+------------------------------------------------------------------------------------------------------+----------+--------------------------------------------------------------------------+---------------------+-------------------+


+-----------------------------------------------------------------------------------------------------------------------------------------------------------------------------------------------------------------------------------------------------------------------------------------------------------------------------------------------------------------------------------------------------------------------------------------------------------------+
; I/O Rules Matrix                                                                                                                                                                                                                                                                                                                                                                                                                                                ;
+--------------------+-----------+--------------+-----------+--------------+--------------+-----------+-----------+--------------+-----------+-----------+--------------+--------------+--------------+--------------+--------------+--------------+--------------+--------------+--------------+--------------+--------------+--------------+--------------+--------------+--------------+--------------+--------------+-----------+--------------+--------------+
; Pin/Rules          ; IO_000001 ; IO_000002    ; IO_000003 ; IO_000004    ; IO_000005    ; IO_000006 ; IO_000007 ; IO_000008    ; IO_000009 ; IO_000010 ; IO_000011    ; IO_000012    ; IO_000013    ; IO_000014    ; IO_000015    ; IO_000018    ; IO_000019    ; IO_000020    ; IO_000021    ; IO_000022    ; IO_000023    ; IO_000024    ; IO_000026    ; IO_000027    ; IO_000045    ; IO_000046    ; IO_000047    ; IO_000033 ; IO_000034    ; IO_000042    ;
+--------------------+-----------+--------------+-----------+--------------+--------------+-----------+-----------+--------------+-----------+-----------+--------------+--------------+--------------+--------------+--------------+--------------+--------------+--------------+--------------+--------------+--------------+--------------+--------------+--------------+--------------+--------------+--------------+-----------+--------------+--------------+
; Total Pass         ; 54        ; 0            ; 54        ; 0            ; 0            ; 54        ; 54        ; 0            ; 54        ; 54        ; 0            ; 42           ; 0            ; 0            ; 12           ; 0            ; 42           ; 12           ; 0            ; 0            ; 0            ; 42           ; 0            ; 0            ; 0            ; 0            ; 0            ; 54        ; 0            ; 0            ;
; Total Unchecked    ; 0         ; 0            ; 0         ; 0            ; 0            ; 0         ; 0         ; 0            ; 0         ; 0         ; 0            ; 0            ; 0            ; 0            ; 0            ; 0            ; 0            ; 0            ; 0            ; 0            ; 0            ; 0            ; 0            ; 0            ; 0            ; 0            ; 0            ; 0         ; 0            ; 0            ;
; Total Inapplicable ; 0         ; 54           ; 0         ; 54           ; 54           ; 0         ; 0         ; 54           ; 0         ; 0         ; 54           ; 12           ; 54           ; 54           ; 42           ; 54           ; 12           ; 42           ; 54           ; 54           ; 54           ; 12           ; 54           ; 54           ; 54           ; 54           ; 54           ; 0         ; 54           ; 54           ;
; Total Fail         ; 0         ; 0            ; 0         ; 0            ; 0            ; 0         ; 0         ; 0            ; 0         ; 0         ; 0            ; 0            ; 0            ; 0            ; 0            ; 0            ; 0            ; 0            ; 0            ; 0            ; 0            ; 0            ; 0            ; 0            ; 0            ; 0            ; 0            ; 0         ; 0            ; 0            ;
; coin500            ; Pass      ; Inapplicable ; Pass      ; Inapplicable ; Inapplicable ; Pass      ; Pass      ; Inapplicable ; Pass      ; Pass      ; Inapplicable ; Inapplicable ; Inapplicable ; Inapplicable ; Pass         ; Inapplicable ; Inapplicable ; Pass         ; Inapplicable ; Inapplicable ; Inapplicable ; Inapplicable ; Inapplicable ; Inapplicable ; Inapplicable ; Inapplicable ; Inapplicable ; Pass      ; Inapplicable ; Inapplicable ;
; coin1000           ; Pass      ; Inapplicable ; Pass      ; Inapplicable ; Inapplicable ; Pass      ; Pass      ; Inapplicable ; Pass      ; Pass      ; Inapplicable ; Inapplicable ; Inapplicable ; Inapplicable ; Pass         ; Inapplicable ; Inapplicable ; Pass         ; Inapplicable ; Inapplicable ; Inapplicable ; Inapplicable ; Inapplicable ; Inapplicable ; Inapplicable ; Inapplicable ; Inapplicable ; Pass      ; Inapplicable ; Inapplicable ;
; disp0[0]           ; Pass      ; Inapplicable ; Pass      ; Inapplicable ; Inapplicable ; Pass      ; Pass      ; Inapplicable ; Pass      ; Pass      ; Inapplicable ; Pass         ; Inapplicable ; Inapplicable ; Inapplicable ; Inapplicable ; Pass         ; Inapplicable ; Inapplicable ; Inapplicable ; Inapplicable ; Pass         ; Inapplicable ; Inapplicable ; Inapplicable ; Inapplicable ; Inapplicable ; Pass      ; Inapplicable ; Inapplicable ;
; disp0[1]           ; Pass      ; Inapplicable ; Pass      ; Inapplicable ; Inapplicable ; Pass      ; Pass      ; Inapplicable ; Pass      ; Pass      ; Inapplicable ; Pass         ; Inapplicable ; Inapplicable ; Inapplicable ; Inapplicable ; Pass         ; Inapplicable ; Inapplicable ; Inapplicable ; Inapplicable ; Pass         ; Inapplicable ; Inapplicable ; Inapplicable ; Inapplicable ; Inapplicable ; Pass      ; Inapplicable ; Inapplicable ;
; disp0[2]           ; Pass      ; Inapplicable ; Pass      ; Inapplicable ; Inapplicable ; Pass      ; Pass      ; Inapplicable ; Pass      ; Pass      ; Inapplicable ; Pass         ; Inapplicable ; Inapplicable ; Inapplicable ; Inapplicable ; Pass         ; Inapplicable ; Inapplicable ; Inapplicable ; Inapplicable ; Pass         ; Inapplicable ; Inapplicable ; Inapplicable ; Inapplicable ; Inapplicable ; Pass      ; Inapplicable ; Inapplicable ;
; disp0[3]           ; Pass      ; Inapplicable ; Pass      ; Inapplicable ; Inapplicable ; Pass      ; Pass      ; Inapplicable ; Pass      ; Pass      ; Inapplicable ; Pass         ; Inapplicable ; Inapplicable ; Inapplicable ; Inapplicable ; Pass         ; Inapplicable ; Inapplicable ; Inapplicable ; Inapplicable ; Pass         ; Inapplicable ; Inapplicable ; Inapplicable ; Inapplicable ; Inapplicable ; Pass      ; Inapplicable ; Inapplicable ;
; disp0[4]           ; Pass      ; Inapplicable ; Pass      ; Inapplicable ; Inapplicable ; Pass      ; Pass      ; Inapplicable ; Pass      ; Pass      ; Inapplicable ; Pass         ; Inapplicable ; Inapplicable ; Inapplicable ; Inapplicable ; Pass         ; Inapplicable ; Inapplicable ; Inapplicable ; Inapplicable ; Pass         ; Inapplicable ; Inapplicable ; Inapplicable ; Inapplicable ; Inapplicable ; Pass      ; Inapplicable ; Inapplicable ;
; disp0[5]           ; Pass      ; Inapplicable ; Pass      ; Inapplicable ; Inapplicable ; Pass      ; Pass      ; Inapplicable ; Pass      ; Pass      ; Inapplicable ; Pass         ; Inapplicable ; Inapplicable ; Inapplicable ; Inapplicable ; Pass         ; Inapplicable ; Inapplicable ; Inapplicable ; Inapplicable ; Pass         ; Inapplicable ; Inapplicable ; Inapplicable ; Inapplicable ; Inapplicable ; Pass      ; Inapplicable ; Inapplicable ;
; disp0[6]           ; Pass      ; Inapplicable ; Pass      ; Inapplicable ; Inapplicable ; Pass      ; Pass      ; Inapplicable ; Pass      ; Pass      ; Inapplicable ; Pass         ; Inapplicable ; Inapplicable ; Inapplicable ; Inapplicable ; Pass         ; Inapplicable ; Inapplicable ; Inapplicable ; Inapplicable ; Pass         ; Inapplicable ; Inapplicable ; Inapplicable ; Inapplicable ; Inapplicable ; Pass      ; Inapplicable ; Inapplicable ;
; disp1[0]           ; Pass      ; Inapplicable ; Pass      ; Inapplicable ; Inapplicable ; Pass      ; Pass      ; Inapplicable ; Pass      ; Pass      ; Inapplicable ; Pass         ; Inapplicable ; Inapplicable ; Inapplicable ; Inapplicable ; Pass         ; Inapplicable ; Inapplicable ; Inapplicable ; Inapplicable ; Pass         ; Inapplicable ; Inapplicable ; Inapplicable ; Inapplicable ; Inapplicable ; Pass      ; Inapplicable ; Inapplicable ;
; disp1[1]           ; Pass      ; Inapplicable ; Pass      ; Inapplicable ; Inapplicable ; Pass      ; Pass      ; Inapplicable ; Pass      ; Pass      ; Inapplicable ; Pass         ; Inapplicable ; Inapplicable ; Inapplicable ; Inapplicable ; Pass         ; Inapplicable ; Inapplicable ; Inapplicable ; Inapplicable ; Pass         ; Inapplicable ; Inapplicable ; Inapplicable ; Inapplicable ; Inapplicable ; Pass      ; Inapplicable ; Inapplicable ;
; disp1[2]           ; Pass      ; Inapplicable ; Pass      ; Inapplicable ; Inapplicable ; Pass      ; Pass      ; Inapplicable ; Pass      ; Pass      ; Inapplicable ; Pass         ; Inapplicable ; Inapplicable ; Inapplicable ; Inapplicable ; Pass         ; Inapplicable ; Inapplicable ; Inapplicable ; Inapplicable ; Pass         ; Inapplicable ; Inapplicable ; Inapplicable ; Inapplicable ; Inapplicable ; Pass      ; Inapplicable ; Inapplicable ;
; disp1[3]           ; Pass      ; Inapplicable ; Pass      ; Inapplicable ; Inapplicable ; Pass      ; Pass      ; Inapplicable ; Pass      ; Pass      ; Inapplicable ; Pass         ; Inapplicable ; Inapplicable ; Inapplicable ; Inapplicable ; Pass         ; Inapplicable ; Inapplicable ; Inapplicable ; Inapplicable ; Pass         ; Inapplicable ; Inapplicable ; Inapplicable ; Inapplicable ; Inapplicable ; Pass      ; Inapplicable ; Inapplicable ;
; disp1[4]           ; Pass      ; Inapplicable ; Pass      ; Inapplicable ; Inapplicable ; Pass      ; Pass      ; Inapplicable ; Pass      ; Pass      ; Inapplicable ; Pass         ; Inapplicable ; Inapplicable ; Inapplicable ; Inapplicable ; Pass         ; Inapplicable ; Inapplicable ; Inapplicable ; Inapplicable ; Pass         ; Inapplicable ; Inapplicable ; Inapplicable ; Inapplicable ; Inapplicable ; Pass      ; Inapplicable ; Inapplicable ;
; disp1[5]           ; Pass      ; Inapplicable ; Pass      ; Inapplicable ; Inapplicable ; Pass      ; Pass      ; Inapplicable ; Pass      ; Pass      ; Inapplicable ; Pass         ; Inapplicable ; Inapplicable ; Inapplicable ; Inapplicable ; Pass         ; Inapplicable ; Inapplicable ; Inapplicable ; Inapplicable ; Pass         ; Inapplicable ; Inapplicable ; Inapplicable ; Inapplicable ; Inapplicable ; Pass      ; Inapplicable ; Inapplicable ;
; disp1[6]           ; Pass      ; Inapplicable ; Pass      ; Inapplicable ; Inapplicable ; Pass      ; Pass      ; Inapplicable ; Pass      ; Pass      ; Inapplicable ; Pass         ; Inapplicable ; Inapplicable ; Inapplicable ; Inapplicable ; Pass         ; Inapplicable ; Inapplicable ; Inapplicable ; Inapplicable ; Pass         ; Inapplicable ; Inapplicable ; Inapplicable ; Inapplicable ; Inapplicable ; Pass      ; Inapplicable ; Inapplicable ;
; disp2[0]           ; Pass      ; Inapplicable ; Pass      ; Inapplicable ; Inapplicable ; Pass      ; Pass      ; Inapplicable ; Pass      ; Pass      ; Inapplicable ; Pass         ; Inapplicable ; Inapplicable ; Inapplicable ; Inapplicable ; Pass         ; Inapplicable ; Inapplicable ; Inapplicable ; Inapplicable ; Pass         ; Inapplicable ; Inapplicable ; Inapplicable ; Inapplicable ; Inapplicable ; Pass      ; Inapplicable ; Inapplicable ;
; disp2[1]           ; Pass      ; Inapplicable ; Pass      ; Inapplicable ; Inapplicable ; Pass      ; Pass      ; Inapplicable ; Pass      ; Pass      ; Inapplicable ; Pass         ; Inapplicable ; Inapplicable ; Inapplicable ; Inapplicable ; Pass         ; Inapplicable ; Inapplicable ; Inapplicable ; Inapplicable ; Pass         ; Inapplicable ; Inapplicable ; Inapplicable ; Inapplicable ; Inapplicable ; Pass      ; Inapplicable ; Inapplicable ;
; disp2[2]           ; Pass      ; Inapplicable ; Pass      ; Inapplicable ; Inapplicable ; Pass      ; Pass      ; Inapplicable ; Pass      ; Pass      ; Inapplicable ; Pass         ; Inapplicable ; Inapplicable ; Inapplicable ; Inapplicable ; Pass         ; Inapplicable ; Inapplicable ; Inapplicable ; Inapplicable ; Pass         ; Inapplicable ; Inapplicable ; Inapplicable ; Inapplicable ; Inapplicable ; Pass      ; Inapplicable ; Inapplicable ;
; disp2[3]           ; Pass      ; Inapplicable ; Pass      ; Inapplicable ; Inapplicable ; Pass      ; Pass      ; Inapplicable ; Pass      ; Pass      ; Inapplicable ; Pass         ; Inapplicable ; Inapplicable ; Inapplicable ; Inapplicable ; Pass         ; Inapplicable ; Inapplicable ; Inapplicable ; Inapplicable ; Pass         ; Inapplicable ; Inapplicable ; Inapplicable ; Inapplicable ; Inapplicable ; Pass      ; Inapplicable ; Inapplicable ;
; disp2[4]           ; Pass      ; Inapplicable ; Pass      ; Inapplicable ; Inapplicable ; Pass      ; Pass      ; Inapplicable ; Pass      ; Pass      ; Inapplicable ; Pass         ; Inapplicable ; Inapplicable ; Inapplicable ; Inapplicable ; Pass         ; Inapplicable ; Inapplicable ; Inapplicable ; Inapplicable ; Pass         ; Inapplicable ; Inapplicable ; Inapplicable ; Inapplicable ; Inapplicable ; Pass      ; Inapplicable ; Inapplicable ;
; disp2[5]           ; Pass      ; Inapplicable ; Pass      ; Inapplicable ; Inapplicable ; Pass      ; Pass      ; Inapplicable ; Pass      ; Pass      ; Inapplicable ; Pass         ; Inapplicable ; Inapplicable ; Inapplicable ; Inapplicable ; Pass         ; Inapplicable ; Inapplicable ; Inapplicable ; Inapplicable ; Pass         ; Inapplicable ; Inapplicable ; Inapplicable ; Inapplicable ; Inapplicable ; Pass      ; Inapplicable ; Inapplicable ;
; disp2[6]           ; Pass      ; Inapplicable ; Pass      ; Inapplicable ; Inapplicable ; Pass      ; Pass      ; Inapplicable ; Pass      ; Pass      ; Inapplicable ; Pass         ; Inapplicable ; Inapplicable ; Inapplicable ; Inapplicable ; Pass         ; Inapplicable ; Inapplicable ; Inapplicable ; Inapplicable ; Pass         ; Inapplicable ; Inapplicable ; Inapplicable ; Inapplicable ; Inapplicable ; Pass      ; Inapplicable ; Inapplicable ;
; disp3[0]           ; Pass      ; Inapplicable ; Pass      ; Inapplicable ; Inapplicable ; Pass      ; Pass      ; Inapplicable ; Pass      ; Pass      ; Inapplicable ; Pass         ; Inapplicable ; Inapplicable ; Inapplicable ; Inapplicable ; Pass         ; Inapplicable ; Inapplicable ; Inapplicable ; Inapplicable ; Pass         ; Inapplicable ; Inapplicable ; Inapplicable ; Inapplicable ; Inapplicable ; Pass      ; Inapplicable ; Inapplicable ;
; disp3[1]           ; Pass      ; Inapplicable ; Pass      ; Inapplicable ; Inapplicable ; Pass      ; Pass      ; Inapplicable ; Pass      ; Pass      ; Inapplicable ; Pass         ; Inapplicable ; Inapplicable ; Inapplicable ; Inapplicable ; Pass         ; Inapplicable ; Inapplicable ; Inapplicable ; Inapplicable ; Pass         ; Inapplicable ; Inapplicable ; Inapplicable ; Inapplicable ; Inapplicable ; Pass      ; Inapplicable ; Inapplicable ;
; disp3[2]           ; Pass      ; Inapplicable ; Pass      ; Inapplicable ; Inapplicable ; Pass      ; Pass      ; Inapplicable ; Pass      ; Pass      ; Inapplicable ; Pass         ; Inapplicable ; Inapplicable ; Inapplicable ; Inapplicable ; Pass         ; Inapplicable ; Inapplicable ; Inapplicable ; Inapplicable ; Pass         ; Inapplicable ; Inapplicable ; Inapplicable ; Inapplicable ; Inapplicable ; Pass      ; Inapplicable ; Inapplicable ;
; disp3[3]           ; Pass      ; Inapplicable ; Pass      ; Inapplicable ; Inapplicable ; Pass      ; Pass      ; Inapplicable ; Pass      ; Pass      ; Inapplicable ; Pass         ; Inapplicable ; Inapplicable ; Inapplicable ; Inapplicable ; Pass         ; Inapplicable ; Inapplicable ; Inapplicable ; Inapplicable ; Pass         ; Inapplicable ; Inapplicable ; Inapplicable ; Inapplicable ; Inapplicable ; Pass      ; Inapplicable ; Inapplicable ;
; disp3[4]           ; Pass      ; Inapplicable ; Pass      ; Inapplicable ; Inapplicable ; Pass      ; Pass      ; Inapplicable ; Pass      ; Pass      ; Inapplicable ; Pass         ; Inapplicable ; Inapplicable ; Inapplicable ; Inapplicable ; Pass         ; Inapplicable ; Inapplicable ; Inapplicable ; Inapplicable ; Pass         ; Inapplicable ; Inapplicable ; Inapplicable ; Inapplicable ; Inapplicable ; Pass      ; Inapplicable ; Inapplicable ;
; disp3[5]           ; Pass      ; Inapplicable ; Pass      ; Inapplicable ; Inapplicable ; Pass      ; Pass      ; Inapplicable ; Pass      ; Pass      ; Inapplicable ; Pass         ; Inapplicable ; Inapplicable ; Inapplicable ; Inapplicable ; Pass         ; Inapplicable ; Inapplicable ; Inapplicable ; Inapplicable ; Pass         ; Inapplicable ; Inapplicable ; Inapplicable ; Inapplicable ; Inapplicable ; Pass      ; Inapplicable ; Inapplicable ;
; disp3[6]           ; Pass      ; Inapplicable ; Pass      ; Inapplicable ; Inapplicable ; Pass      ; Pass      ; Inapplicable ; Pass      ; Pass      ; Inapplicable ; Pass         ; Inapplicable ; Inapplicable ; Inapplicable ; Inapplicable ; Pass         ; Inapplicable ; Inapplicable ; Inapplicable ; Inapplicable ; Pass         ; Inapplicable ; Inapplicable ; Inapplicable ; Inapplicable ; Inapplicable ; Pass      ; Inapplicable ; Inapplicable ;
; led_compra         ; Pass      ; Inapplicable ; Pass      ; Inapplicable ; Inapplicable ; Pass      ; Pass      ; Inapplicable ; Pass      ; Pass      ; Inapplicable ; Pass         ; Inapplicable ; Inapplicable ; Inapplicable ; Inapplicable ; Pass         ; Inapplicable ; Inapplicable ; Inapplicable ; Inapplicable ; Pass         ; Inapplicable ; Inapplicable ; Inapplicable ; Inapplicable ; Inapplicable ; Pass      ; Inapplicable ; Inapplicable ;
; stock_leds[0]      ; Pass      ; Inapplicable ; Pass      ; Inapplicable ; Inapplicable ; Pass      ; Pass      ; Inapplicable ; Pass      ; Pass      ; Inapplicable ; Pass         ; Inapplicable ; Inapplicable ; Inapplicable ; Inapplicable ; Pass         ; Inapplicable ; Inapplicable ; Inapplicable ; Inapplicable ; Pass         ; Inapplicable ; Inapplicable ; Inapplicable ; Inapplicable ; Inapplicable ; Pass      ; Inapplicable ; Inapplicable ;
; stock_leds[1]      ; Pass      ; Inapplicable ; Pass      ; Inapplicable ; Inapplicable ; Pass      ; Pass      ; Inapplicable ; Pass      ; Pass      ; Inapplicable ; Pass         ; Inapplicable ; Inapplicable ; Inapplicable ; Inapplicable ; Pass         ; Inapplicable ; Inapplicable ; Inapplicable ; Inapplicable ; Pass         ; Inapplicable ; Inapplicable ; Inapplicable ; Inapplicable ; Inapplicable ; Pass      ; Inapplicable ; Inapplicable ;
; stock_leds[2]      ; Pass      ; Inapplicable ; Pass      ; Inapplicable ; Inapplicable ; Pass      ; Pass      ; Inapplicable ; Pass      ; Pass      ; Inapplicable ; Pass         ; Inapplicable ; Inapplicable ; Inapplicable ; Inapplicable ; Pass         ; Inapplicable ; Inapplicable ; Inapplicable ; Inapplicable ; Pass         ; Inapplicable ; Inapplicable ; Inapplicable ; Inapplicable ; Inapplicable ; Pass      ; Inapplicable ; Inapplicable ;
; alerta_led         ; Pass      ; Inapplicable ; Pass      ; Inapplicable ; Inapplicable ; Pass      ; Pass      ; Inapplicable ; Pass      ; Pass      ; Inapplicable ; Pass         ; Inapplicable ; Inapplicable ; Inapplicable ; Inapplicable ; Pass         ; Inapplicable ; Inapplicable ; Inapplicable ; Inapplicable ; Pass         ; Inapplicable ; Inapplicable ; Inapplicable ; Inapplicable ; Inapplicable ; Pass      ; Inapplicable ; Inapplicable ;
; door_led           ; Pass      ; Inapplicable ; Pass      ; Inapplicable ; Inapplicable ; Pass      ; Pass      ; Inapplicable ; Pass      ; Pass      ; Inapplicable ; Pass         ; Inapplicable ; Inapplicable ; Inapplicable ; Inapplicable ; Pass         ; Inapplicable ; Inapplicable ; Inapplicable ; Inapplicable ; Pass         ; Inapplicable ; Inapplicable ; Inapplicable ; Inapplicable ; Inapplicable ; Pass      ; Inapplicable ; Inapplicable ;
; entrega_led        ; Pass      ; Inapplicable ; Pass      ; Inapplicable ; Inapplicable ; Pass      ; Pass      ; Inapplicable ; Pass      ; Pass      ; Inapplicable ; Pass         ; Inapplicable ; Inapplicable ; Inapplicable ; Inapplicable ; Pass         ; Inapplicable ; Inapplicable ; Inapplicable ; Inapplicable ; Pass         ; Inapplicable ; Inapplicable ; Inapplicable ; Inapplicable ; Inapplicable ; Pass      ; Inapplicable ; Inapplicable ;
; anomalia_led       ; Pass      ; Inapplicable ; Pass      ; Inapplicable ; Inapplicable ; Pass      ; Pass      ; Inapplicable ; Pass      ; Pass      ; Inapplicable ; Pass         ; Inapplicable ; Inapplicable ; Inapplicable ; Inapplicable ; Pass         ; Inapplicable ; Inapplicable ; Inapplicable ; Inapplicable ; Pass         ; Inapplicable ; Inapplicable ; Inapplicable ; Inapplicable ; Inapplicable ; Pass      ; Inapplicable ; Inapplicable ;
; servo_pwm_1        ; Pass      ; Inapplicable ; Pass      ; Inapplicable ; Inapplicable ; Pass      ; Pass      ; Inapplicable ; Pass      ; Pass      ; Inapplicable ; Pass         ; Inapplicable ; Inapplicable ; Inapplicable ; Inapplicable ; Pass         ; Inapplicable ; Inapplicable ; Inapplicable ; Inapplicable ; Pass         ; Inapplicable ; Inapplicable ; Inapplicable ; Inapplicable ; Inapplicable ; Pass      ; Inapplicable ; Inapplicable ;
; servo_pwm_2        ; Pass      ; Inapplicable ; Pass      ; Inapplicable ; Inapplicable ; Pass      ; Pass      ; Inapplicable ; Pass      ; Pass      ; Inapplicable ; Pass         ; Inapplicable ; Inapplicable ; Inapplicable ; Inapplicable ; Pass         ; Inapplicable ; Inapplicable ; Inapplicable ; Inapplicable ; Pass         ; Inapplicable ; Inapplicable ; Inapplicable ; Inapplicable ; Inapplicable ; Pass      ; Inapplicable ; Inapplicable ;
; servo_pwm_1000     ; Pass      ; Inapplicable ; Pass      ; Inapplicable ; Inapplicable ; Pass      ; Pass      ; Inapplicable ; Pass      ; Pass      ; Inapplicable ; Pass         ; Inapplicable ; Inapplicable ; Inapplicable ; Inapplicable ; Pass         ; Inapplicable ; Inapplicable ; Inapplicable ; Inapplicable ; Pass         ; Inapplicable ; Inapplicable ; Inapplicable ; Inapplicable ; Inapplicable ; Pass      ; Inapplicable ; Inapplicable ;
; servo_pwm_500      ; Pass      ; Inapplicable ; Pass      ; Inapplicable ; Inapplicable ; Pass      ; Pass      ; Inapplicable ; Pass      ; Pass      ; Inapplicable ; Pass         ; Inapplicable ; Inapplicable ; Inapplicable ; Inapplicable ; Pass         ; Inapplicable ; Inapplicable ; Inapplicable ; Inapplicable ; Pass         ; Inapplicable ; Inapplicable ; Inapplicable ; Inapplicable ; Inapplicable ; Pass      ; Inapplicable ; Inapplicable ;
; buzzer_out         ; Pass      ; Inapplicable ; Pass      ; Inapplicable ; Inapplicable ; Pass      ; Pass      ; Inapplicable ; Pass      ; Pass      ; Inapplicable ; Pass         ; Inapplicable ; Inapplicable ; Inapplicable ; Inapplicable ; Pass         ; Inapplicable ; Inapplicable ; Inapplicable ; Inapplicable ; Pass         ; Inapplicable ; Inapplicable ; Inapplicable ; Inapplicable ; Inapplicable ; Pass      ; Inapplicable ; Inapplicable ;
; servo_puerta_pwm   ; Pass      ; Inapplicable ; Pass      ; Inapplicable ; Inapplicable ; Pass      ; Pass      ; Inapplicable ; Pass      ; Pass      ; Inapplicable ; Pass         ; Inapplicable ; Inapplicable ; Inapplicable ; Inapplicable ; Pass         ; Inapplicable ; Inapplicable ; Inapplicable ; Inapplicable ; Pass         ; Inapplicable ; Inapplicable ; Inapplicable ; Inapplicable ; Inapplicable ; Pass      ; Inapplicable ; Inapplicable ;
; clk                ; Pass      ; Inapplicable ; Pass      ; Inapplicable ; Inapplicable ; Pass      ; Pass      ; Inapplicable ; Pass      ; Pass      ; Inapplicable ; Inapplicable ; Inapplicable ; Inapplicable ; Pass         ; Inapplicable ; Inapplicable ; Pass         ; Inapplicable ; Inapplicable ; Inapplicable ; Inapplicable ; Inapplicable ; Inapplicable ; Inapplicable ; Inapplicable ; Inapplicable ; Pass      ; Inapplicable ; Inapplicable ;
; reset              ; Pass      ; Inapplicable ; Pass      ; Inapplicable ; Inapplicable ; Pass      ; Pass      ; Inapplicable ; Pass      ; Pass      ; Inapplicable ; Inapplicable ; Inapplicable ; Inapplicable ; Pass         ; Inapplicable ; Inapplicable ; Pass         ; Inapplicable ; Inapplicable ; Inapplicable ; Inapplicable ; Inapplicable ; Inapplicable ; Inapplicable ; Inapplicable ; Inapplicable ; Pass      ; Inapplicable ; Inapplicable ;
; sel_prod[0]        ; Pass      ; Inapplicable ; Pass      ; Inapplicable ; Inapplicable ; Pass      ; Pass      ; Inapplicable ; Pass      ; Pass      ; Inapplicable ; Inapplicable ; Inapplicable ; Inapplicable ; Pass         ; Inapplicable ; Inapplicable ; Pass         ; Inapplicable ; Inapplicable ; Inapplicable ; Inapplicable ; Inapplicable ; Inapplicable ; Inapplicable ; Inapplicable ; Inapplicable ; Pass      ; Inapplicable ; Inapplicable ;
; sel_prod[1]        ; Pass      ; Inapplicable ; Pass      ; Inapplicable ; Inapplicable ; Pass      ; Pass      ; Inapplicable ; Pass      ; Pass      ; Inapplicable ; Inapplicable ; Inapplicable ; Inapplicable ; Pass         ; Inapplicable ; Inapplicable ; Pass         ; Inapplicable ; Inapplicable ; Inapplicable ; Inapplicable ; Inapplicable ; Inapplicable ; Inapplicable ; Inapplicable ; Inapplicable ; Pass      ; Inapplicable ; Inapplicable ;
; sel_prod[2]        ; Pass      ; Inapplicable ; Pass      ; Inapplicable ; Inapplicable ; Pass      ; Pass      ; Inapplicable ; Pass      ; Pass      ; Inapplicable ; Inapplicable ; Inapplicable ; Inapplicable ; Pass         ; Inapplicable ; Inapplicable ; Pass         ; Inapplicable ; Inapplicable ; Inapplicable ; Inapplicable ; Inapplicable ; Inapplicable ; Inapplicable ; Inapplicable ; Inapplicable ; Pass      ; Inapplicable ; Inapplicable ;
; sel_prod[3]        ; Pass      ; Inapplicable ; Pass      ; Inapplicable ; Inapplicable ; Pass      ; Pass      ; Inapplicable ; Pass      ; Pass      ; Inapplicable ; Inapplicable ; Inapplicable ; Inapplicable ; Pass         ; Inapplicable ; Inapplicable ; Pass         ; Inapplicable ; Inapplicable ; Inapplicable ; Inapplicable ; Inapplicable ; Inapplicable ; Inapplicable ; Inapplicable ; Inapplicable ; Pass      ; Inapplicable ; Inapplicable ;
; anomalia_sw        ; Pass      ; Inapplicable ; Pass      ; Inapplicable ; Inapplicable ; Pass      ; Pass      ; Inapplicable ; Pass      ; Pass      ; Inapplicable ; Inapplicable ; Inapplicable ; Inapplicable ; Pass         ; Inapplicable ; Inapplicable ; Pass         ; Inapplicable ; Inapplicable ; Inapplicable ; Inapplicable ; Inapplicable ; Inapplicable ; Inapplicable ; Inapplicable ; Inapplicable ; Pass      ; Inapplicable ; Inapplicable ;
; sensorin1000       ; Pass      ; Inapplicable ; Pass      ; Inapplicable ; Inapplicable ; Pass      ; Pass      ; Inapplicable ; Pass      ; Pass      ; Inapplicable ; Inapplicable ; Inapplicable ; Inapplicable ; Pass         ; Inapplicable ; Inapplicable ; Pass         ; Inapplicable ; Inapplicable ; Inapplicable ; Inapplicable ; Inapplicable ; Inapplicable ; Inapplicable ; Inapplicable ; Inapplicable ; Pass      ; Inapplicable ; Inapplicable ;
; sensorin500        ; Pass      ; Inapplicable ; Pass      ; Inapplicable ; Inapplicable ; Pass      ; Pass      ; Inapplicable ; Pass      ; Pass      ; Inapplicable ; Inapplicable ; Inapplicable ; Inapplicable ; Pass         ; Inapplicable ; Inapplicable ; Pass         ; Inapplicable ; Inapplicable ; Inapplicable ; Inapplicable ; Inapplicable ; Inapplicable ; Inapplicable ; Inapplicable ; Inapplicable ; Pass      ; Inapplicable ; Inapplicable ;
; confirmar          ; Pass      ; Inapplicable ; Pass      ; Inapplicable ; Inapplicable ; Pass      ; Pass      ; Inapplicable ; Pass      ; Pass      ; Inapplicable ; Inapplicable ; Inapplicable ; Inapplicable ; Pass         ; Inapplicable ; Inapplicable ; Pass         ; Inapplicable ; Inapplicable ; Inapplicable ; Inapplicable ; Inapplicable ; Inapplicable ; Inapplicable ; Inapplicable ; Inapplicable ; Pass      ; Inapplicable ; Inapplicable ;
+--------------------+-----------+--------------+-----------+--------------+--------------+-----------+-----------+--------------+-----------+-----------+--------------+--------------+--------------+--------------+--------------+--------------+--------------+--------------+--------------+--------------+--------------+--------------+--------------+--------------+--------------+--------------+--------------+-----------+--------------+--------------+


+---------------------------------------------------------------------------------------------+
; Fitter Device Options                                                                       ;
+------------------------------------------------------------------+--------------------------+
; Option                                                           ; Setting                  ;
+------------------------------------------------------------------+--------------------------+
; Enable user-supplied start-up clock (CLKUSR)                     ; Off                      ;
; Enable device-wide reset (DEV_CLRn)                              ; Off                      ;
; Enable device-wide output enable (DEV_OE)                        ; Off                      ;
; Enable INIT_DONE output                                          ; Off                      ;
; Configuration scheme                                             ; Active Serial            ;
; Error detection CRC                                              ; Off                      ;
; Enable open drain on CRC_ERROR pin                               ; Off                      ;
; Enable input tri-state on active configuration pins in user mode ; Off                      ;
; Configuration Voltage Level                                      ; Auto                     ;
; Force Configuration Voltage Level                                ; Off                      ;
; nCEO                                                             ; As output driving ground ;
; Data[0]                                                          ; As input tri-stated      ;
; Data[1]/ASDO                                                     ; As input tri-stated      ;
; Data[7..2]                                                       ; Unreserved               ;
; FLASH_nCE/nCSO                                                   ; As input tri-stated      ;
; Other Active Parallel pins                                       ; Unreserved               ;
; DCLK                                                             ; As output driving ground ;
; Base pin-out file on sameframe device                            ; Off                      ;
+------------------------------------------------------------------+--------------------------+


+------------------------------------+
; Operating Settings and Conditions  ;
+---------------------------+--------+
; Setting                   ; Value  ;
+---------------------------+--------+
; Nominal Core Voltage      ; 1.20 V ;
; Low Junction Temperature  ; 0 °C   ;
; High Junction Temperature ; 85 °C  ;
+---------------------------+--------+


+------------------------------------------------------------+
; Estimated Delay Added for Hold Timing Summary              ;
+-----------------+----------------------+-------------------+
; Source Clock(s) ; Destination Clock(s) ; Delay Added in ns ;
+-----------------+----------------------+-------------------+
; clk             ; clk                  ; 2.0               ;
+-----------------+----------------------+-------------------+
Note: For more information on problematic transfers, consider running the Fitter again with the Optimize hold timing option (Settings Menu) turned off.
This will disable optimization of problematic paths and expose them for further analysis using the TimeQuest Timing Analyzer.


+------------------------------------------------------------------------------------------+
; Estimated Delay Added for Hold Timing Details                                            ;
+-------------------------------+--------------------------------------+-------------------+
; Source Register               ; Destination Register                 ; Delay Added in ns ;
+-------------------------------+--------------------------------------+-------------------+
; div_50millones:U1|clk_out     ; div_50millones:U1|clk_out            ; 1.983             ;
; div_50millones:U1|counter[24] ; div_50millones:U1|clk_out            ; 0.991             ;
; div_50millones:U1|counter[22] ; div_50millones:U1|clk_out            ; 0.991             ;
; div_50millones:U1|counter[21] ; div_50millones:U1|clk_out            ; 0.991             ;
; div_50millones:U1|counter[20] ; div_50millones:U1|clk_out            ; 0.991             ;
; div_50millones:U1|counter[19] ; div_50millones:U1|clk_out            ; 0.991             ;
; div_50millones:U1|counter[18] ; div_50millones:U1|clk_out            ; 0.991             ;
; div_50millones:U1|counter[17] ; div_50millones:U1|clk_out            ; 0.991             ;
; div_50millones:U1|counter[16] ; div_50millones:U1|clk_out            ; 0.991             ;
; div_50millones:U1|counter[15] ; div_50millones:U1|clk_out            ; 0.991             ;
; div_50millones:U1|counter[14] ; div_50millones:U1|clk_out            ; 0.991             ;
; div_50millones:U1|counter[13] ; div_50millones:U1|clk_out            ; 0.991             ;
; div_50millones:U1|counter[12] ; div_50millones:U1|clk_out            ; 0.991             ;
; div_50millones:U1|counter[11] ; div_50millones:U1|clk_out            ; 0.991             ;
; div_50millones:U1|counter[10] ; div_50millones:U1|clk_out            ; 0.991             ;
; div_50millones:U1|counter[9]  ; div_50millones:U1|clk_out            ; 0.991             ;
; div_50millones:U1|counter[8]  ; div_50millones:U1|clk_out            ; 0.991             ;
; div_50millones:U1|counter[7]  ; div_50millones:U1|clk_out            ; 0.991             ;
; div_50millones:U1|counter[6]  ; div_50millones:U1|clk_out            ; 0.991             ;
; div_2seg:U3|count1[5]         ; div_50millones:U1|clk_out            ; 0.991             ;
; div_2seg:U3|count1[4]         ; div_50millones:U1|clk_out            ; 0.991             ;
; div_2seg:U3|count1[3]         ; div_50millones:U1|clk_out            ; 0.991             ;
; div_2seg:U3|count1[2]         ; div_50millones:U1|clk_out            ; 0.991             ;
; div_2seg:U3|count1[0]         ; div_50millones:U1|clk_out            ; 0.991             ;
; div_2seg:U3|count1[1]         ; div_50millones:U1|clk_out            ; 0.991             ;
; div_50millones:U1|counter[23] ; div_50millones:U1|clk_out            ; 0.991             ;
; cont30:U_RESET_AUTO|done_int  ; servo_puerta:U_SERVO_PUERTA|prev_ccw ; 0.034             ;
+-------------------------------+--------------------------------------+-------------------+
Note: This table only shows the top 27 path(s) that have the largest delay added for hold.


+-----------------+
; Fitter Messages ;
+-----------------+
Info (11104): Parallel Compilation has detected 8 hyper-threaded processors. However, the extra hyper-threaded processors will not be used by default. Parallel Compilation will use 4 of the 4 physical processors detected instead.
Info (119006): Selected device EP3C16F484C6 for design "MAQUINA_EXPENDEDORA"
Info (21077): Core supply voltage is 1.2V
Info (21077): Low junction temperature is 0 degrees C
Info (21077): High junction temperature is 85 degrees C
Info (171003): Fitter is performing an Auto Fit compilation, which may decrease Fitter effort to reduce compilation time
Warning (292013): Feature LogicLock is only available with a valid subscription license. You can purchase a software subscription to gain full access to this feature.
Info (176444): Device migration not selected. If you intend to use device migration later, you may need to change the pin assignments as they may be incompatible with other devices
    Info (176445): Device EP3C40F484C6 is compatible
    Info (176445): Device EP3C55F484C6 is compatible
    Info (176445): Device EP3C80F484C6 is compatible
Info (169124): Fitter converted 5 user pins into dedicated programming pins
    Info (169125): Pin ~ALTERA_ASDO_DATA1~ is reserved at location D1
    Info (169125): Pin ~ALTERA_FLASH_nCE_nCSO~ is reserved at location E2
    Info (169125): Pin ~ALTERA_DCLK~ is reserved at location K2
    Info (169125): Pin ~ALTERA_DATA0~ is reserved at location K1
    Info (169125): Pin ~ALTERA_nCEO~ is reserved at location K22
Warning (15714): Some pins have incomplete I/O assignments. Refer to the I/O Assignment Warnings report for details
Critical Warning (332012): Synopsys Design Constraints File file not found: 'MAQUINA_EXPENDEDORA.sdc'. A Synopsys Design Constraints File is required by the TimeQuest Timing Analyzer to get proper timing constraints. Without it, the Compiler will not properly optimize the design.
Info (332144): No user constrained base clocks found in the design
Info (332143): No user constrained clock uncertainty found in the design. Calling "derive_clock_uncertainty"
Info (332123): Deriving Clock Uncertainty. Please refer to report_sdc in TimeQuest to see clock uncertainties.
Info (332130): Timing requirements not specified -- quality metrics such as performance may be sacrificed to reduce compilation time.
Info (176353): Automatically promoted node clk~input (placed in PIN G21 (CLK4, DIFFCLK_2p))
    Info (176355): Automatically promoted destinations to use location or clock signal Global Clock CLKCTRL_G9
Info (176353): Automatically promoted node div_50millones:U1|clk_out 
    Info (176355): Automatically promoted destinations to use location or clock signal Global Clock
    Info (176356): Following destination nodes may be non-global or may not use global or regional clocks
        Info (176357): Destination node div_50millones:U1|clk_out~0
Info (176233): Starting register packing
Info (176235): Finished register packing
    Extra Info (176219): No registers were packed into other blocks
Info (171121): Fitter preparation operations ending: elapsed time is 00:00:03
Info (170189): Fitter placement preparation operations beginning
Info (170190): Fitter placement preparation operations ending: elapsed time is 00:00:01
Info (170191): Fitter placement operations beginning
Info (170137): Fitter placement was successful
Info (170192): Fitter placement operations ending: elapsed time is 00:00:05
Info (170193): Fitter routing operations beginning
Info (170195): Router estimated average interconnect usage is 3% of the available device resources
    Info (170196): Router estimated peak interconnect usage is 11% of the available device resources in the region that extends from location X21_Y10 to location X30_Y19
Info (170194): Fitter routing operations ending: elapsed time is 00:00:04
Info (170199): The Fitter performed an Auto Fit compilation.  Optimizations were skipped to reduce compilation time.
    Info (170201): Optimizations that may affect the design's routability were skipped
Info (11888): Total time spent on timing analysis during the Fitter is 2.63 seconds.
Info (334003): Started post-fitting delay annotation
Info (334004): Delay annotation completed successfully
Info (334003): Started post-fitting delay annotation
Info (334004): Delay annotation completed successfully
Info (11218): Fitter post-fit operations ending: elapsed time is 00:00:02
Info (144001): Generated suppressed messages file C:/Users/Alessandro/Downloads/Proyecto1VHDL2025II/MAQUINA_EXPENDEDORA/output_files/MAQUINA_EXPENDEDORA.fit.smsg
Info: Quartus II 32-bit Fitter was successful. 0 errors, 3 warnings
    Info: Peak virtual memory: 742 megabytes
    Info: Processing ended: Thu Oct 30 23:55:55 2025
    Info: Elapsed time: 00:00:23
    Info: Total CPU time (on all processors): 00:00:32


+----------------------------+
; Fitter Suppressed Messages ;
+----------------------------+
The suppressed messages can be found in C:/Users/Alessandro/Downloads/Proyecto1VHDL2025II/MAQUINA_EXPENDEDORA/output_files/MAQUINA_EXPENDEDORA.fit.smsg.


